1 02 10 1000
8 50 ff 1000
8 68 20 1000
8 51 ff 1000
9 69 20 1000
9 52 ff 1000
9 6a 20 1000
10 53 ff 1000
10 6b 20 1000
10 54 ff 1000
10 6c 20 1000
11 55 ff 1000
11 6d 20 1000
11 56 ff 1000
12 6e 20 1000
12 57 ff 1000
12 6f 20 1000
12 58 ff 1000
13 70 20 1000
13 59 ff 1000
13 71 20 1000
14 5a ff 1000
14 72 20 1000
14 5b ff 1000
14 73 20 1000
15 5c ff 1000
15 74 20 1000
15 5d ff 1000
16 75 20 1000
24 50 ff 1000
25 68 30 1000
25 38 30 1000
25 20 7b 1000
26 50 87 1000
26 08 92 1000
27 51 ff 1000
28 69 30 1000
28 39 26 1000
28 21 43 1000
29 51 87 1000
29 09 92 1000
30 5c ff 1000
30 74 30 1000
30 44 11 1000
31 2c 85 1000
31 5c 47 1000
31 14 83 1000
39 68 80 1000
40 69 80 1000
40 74 a0 1000
48 74 00 1000
56 68 00 1000
57 50 ff 1000
57 68 30 1000
58 38 31 1000
58 20 85 1000
58 50 87 1000
59 08 92 1000
59 69 00 1000
61 52 ff 1000
61 6a 30 1000
61 3a 27 1000
62 22 1b 1000
62 52 87 1000
62 0a 92 1000
63 5c ff 1000
63 74 30 1000
64 44 10 1000
64 2c 7b 1000
64 5c 2b 1000
65 14 83 1000
73 68 80 1000
74 6a 80 1000
74 74 a0 1000
82 53 ff 1000
83 6b 30 1000
83 3b 30 1000
83 23 7b 1000
83 53 a5 1000
84 0b 92 1000
92 6b 80 1000
94 74 00 1000
102 68 00 1000
103 6a 00 1000
111 54 ff 1000
111 6c 30 1000
112 3c 07 1000
112 24 1b 1000
112 54 23 1000
112 0c 93 1000
114 55 ff 1000
114 6d 30 1000
114 3d 07 1000
115 25 1b 1000
115 55 43 1000
115 0d 87 1000
117 56 ff 1000
117 6e 30 1000
117 3e 27 1000
118 26 1b 1000
118 56 87 1000
118 0e 92 1000
120 57 ff 1000
120 6f 30 1000
120 3f 24 1000
121 27 b5 1000
121 57 87 1000
121 0f 92 1000
122 5d ff 1000
122 75 30 1000
123 45 11 1000
123 2d 85 1000
123 5d 47 1000
124 15 82 1000
124 5c ff 1000
125 74 30 1000
125 44 11 1000
125 2c 85 1000
125 5c 43 1000
126 14 80 1000
134 6c 80 1000
134 6d 80 1000
134 6e 80 1000
134 6f 80 1000
135 74 a0 1000
135 75 a0 1000
143 6b 00 1000
151 58 ff 1000
152 70 30 1000
152 40 31 1000
152 28 85 1000
152 58 a5 1000
153 10 92 1000
154 75 00 1000
154 74 00 1000
162 70 80 1000
170 70 00 1000
178 59 ff 1000
178 71 30 1000
178 41 27 1000
178 29 1b 1000
179 59 a5 1000
179 11 92 1000
187 71 80 1000
195 6c 00 1000
203 6d 00 1000
211 5a ff 1000
211 72 30 1000
212 42 07 1000
212 2a 1b 1000
212 5a 23 1000
212 12 93 1000
214 5b ff 1000
214 73 30 1000
214 43 07 1000
215 2b 1b 1000
215 5b 43 1000
215 13 87 1000
217 5d ff 1000
217 75 30 1000
217 45 11 1000
218 2d 85 1000
218 5d 43 1000
218 15 80 1000
226 72 80 1000
226 73 80 1000
227 75 a0 1000
235 73 00 1000
243 75 00 1000
251 72 00 1000
259 51 ff 1000
260 69 30 1000
260 39 07 1000
260 21 1b 1000
260 51 23 1000
261 09 93 1000
262 50 ff 1000
262 68 30 1000
263 38 07 1000
263 20 1b 1000
263 50 43 1000
263 08 87 1000
265 5c ff 1000
265 74 30 1000
265 44 10 1000
266 2c 7b 1000
266 5c 47 1000
266 14 81 1000
274 68 80 1000
274 69 80 1000
275 74 a0 1000
283 74 00 1000
291 69 00 1000
299 52 ff 1000
300 6a 30 1000
300 3a 07 1000
300 22 1b 1000
300 52 23 1000
301 0a 93 1000
302 5d ff 1000
302 75 30 1000
303 45 14 1000
303 2d b5 1000
303 5d 7f 1000
304 15 85 1000
312 6a 80 1000
312 75 a0 1000
320 75 00 1000
328 6a 00 1000
336 53 ff 1000
336 6b 30 1000
336 3b 07 1000
336 23 1b 1000
337 53 23 1000
337 0b 93 1000
338 68 00 1000
339 58 ff 1000
339 70 30 1000
340 40 07 1000
340 28 1b 1000
340 58 43 1000
341 10 87 1000
342 5c ff 1000
342 74 30 1000
343 44 14 1000
343 2c b5 1000
343 5c 63 1000
343 14 85 1000
344 5d ff 1000
344 75 30 1000
345 45 11 1000
345 2d 85 1000
345 5d 43 1000
346 15 80 1000
354 6b 80 1000
355 70 80 1000
355 74 a0 1000
355 75 a0 1000
363 70 00 1000
371 74 00 1000
371 75 00 1000
379 6b 00 1000
387 6e 00 1000
388 6f 00 1000
396 54 ff 1000
396 6c 30 1000
396 3c 07 1000
397 24 1b 1000
397 54 23 1000
397 0c 93 1000
399 55 ff 1000
399 6d 30 1000
399 3d 07 1000
399 25 1b 1000
400 55 43 1000
400 0d 87 1000
401 5b ff 1000
402 73 30 1000
402 43 30 1000
402 2b 7b 1000
402 5b 87 1000
403 13 92 1000
404 5a ff 1000
404 72 30 1000
405 42 26 1000
405 2a 43 1000
405 5a 87 1000
405 12 92 1000
406 5c ff 1000
407 74 30 1000
407 44 14 1000
407 2c b5 1000
408 5c 9b 1000
408 14 85 1000
409 5d ff 1000
409 75 30 1000
409 45 11 1000
409 2d 85 1000
410 5d 43 1000
410 15 80 1000
418 6c 80 1000
419 6d 80 1000
419 72 80 1000
419 73 80 1000
420 74 a0 1000
420 75 a0 1000
428 74 00 1000
428 75 00 1000
436 6c 00 1000
444 6d 00 1000
445 73 00 1000
447 72 00 1000
455 51 ff 1000
455 69 30 1000
455 39 07 1000
456 21 1b 1000
456 51 23 1000
456 09 93 1000
458 52 ff 1000
458 6a 30 1000
458 3a 07 1000
458 22 1b 1000
459 52 43 1000
459 0a 87 1000
460 50 ff 1000
461 68 30 1000
461 38 31 1000
461 20 85 1000
461 50 87 1000
462 08 92 1000
463 58 ff 1000
463 70 30 1000
464 40 27 1000
464 28 1b 1000
464 58 87 1000
465 10 92 1000
466 5c ff 1000
466 74 30 1000
466 44 14 1000
466 2c b5 1000
467 5c 7f 1000
467 14 85 1000
467 5d ff 1000
468 75 30 1000
468 45 10 1000
468 2d 7b 1000
469 5d 47 1000
469 15 81 1000
477 68 80 1000
478 69 80 1000
478 6a 80 1000
478 70 80 1000
479 74 a0 1000
479 75 a0 1000
487 6a 00 1000
488 70 00 1000
496 53 ff 1000
496 6b 30 1000
497 3b 30 1000
497 23 7b 1000
497 53 a5 1000
498 0b 92 1000
499 74 00 1000
499 75 00 1000
507 6b 80 1000
515 69 00 1000
523 68 00 1000
524 71 00 1000
532 56 ff 1000
532 6e 30 1000
533 3e 05 1000
533 26 75 1000
533 56 23 1000
533 0e 93 1000
535 57 ff 1000
535 6f 30 1000
535 3f 10 1000
535 27 fb 1000
536 57 43 1000
536 0f 86 1000
537 54 ff 1000
538 6c 30 1000
538 3c 26 1000
538 24 43 1000
539 54 87 1000
539 0c 92 1000
540 55 ff 1000
541 6d 30 1000
541 3d 23 1000
541 25 51 1000
541 55 87 1000
542 0d 92 1000
543 5c ff 1000
543 74 30 1000
543 44 14 1000
544 2c b5 1000
544 5c 63 1000
544 14 84 1000
545 5d ff 1000
545 75 30 1000
545 45 11 1000
546 2d 85 1000
546 5d 43 1000
546 15 80 1000
554 6c 80 1000
554 6d 80 1000
554 6e 80 1000
555 6f 80 1000
555 74 a0 1000
555 75 a0 1000
563 6b 00 1000
564 5b ff 1000
565 73 30 1000
565 43 31 1000
565 2b 85 1000
566 5b a5 1000
566 13 92 1000
574 73 80 1000
576 74 00 1000
577 75 00 1000
585 73 00 1000
593 5a ff 1000
594 72 30 1000
594 42 26 1000
594 2a 43 1000
595 5a a5 1000
595 12 92 1000
603 72 80 1000
611 6e 00 1000
619 52 ff 1000
619 6a 30 1000
620 3a 05 1000
620 22 75 1000
620 52 23 1000
621 0a 93 1000
622 6f 00 1000
623 58 ff 1000
623 70 30 1000
624 40 10 1000
624 28 fb 1000
624 58 43 1000
624 10 86 1000
626 5c ff 1000
626 74 30 1000
626 44 14 1000
627 2c b5 1000
627 5c 9b 1000
627 14 85 1000
628 5d ff 1000
628 75 30 1000
628 45 11 1000
629 2d 85 1000
629 5d 43 1000
629 15 80 1000
637 6a 80 1000
637 70 80 1000
637 74 a0 1000
638 75 a0 1000
646 70 00 1000
654 74 00 1000
655 75 00 1000
663 6a 00 1000
671 51 ff 1000
671 69 30 1000
672 39 05 1000
672 21 75 1000
672 51 23 1000
673 09 93 1000
674 50 ff 1000
674 68 30 1000
674 38 10 1000
675 20 fb 1000
675 50 43 1000
675 08 86 1000
677 5c ff 1000
677 74 30 1000
677 44 14 1000
678 2c b5 1000
678 5c 7f 1000
678 14 85 1000
679 5d ff 1000
679 75 30 1000
679 45 10 1000
680 2d 7b 1000
680 5d 47 1000
680 15 81 1000
688 68 80 1000
688 69 80 1000
689 74 a0 1000
689 75 a0 1000
697 74 00 1000
698 75 00 1000
706 69 00 1000
714 59 ff 1000
715 71 30 1000
715 41 05 1000
715 29 75 1000
716 59 23 1000
716 11 93 1000
717 5c ff 1000
718 74 30 1000
718 44 14 1000
718 2c b5 1000
718 5c 9b 1000
719 14 85 1000
727 71 80 1000
728 74 a0 1000
736 74 00 1000
744 71 00 1000
752 53 ff 1000
752 6b 30 1000
752 3b 05 1000
752 23 75 1000
753 53 23 1000
753 0b 93 1000
754 68 00 1000
755 5b ff 1000
756 73 30 1000
756 43 10 1000
756 2b fb 1000
756 5b 43 1000
757 13 86 1000
758 5d ff 1000
758 75 30 1000
759 45 14 1000
759 2d b5 1000
759 5d 63 1000
759 15 85 1000
760 5c ff 1000
760 74 30 1000
761 44 11 1000
761 2c 85 1000
761 5c 43 1000
762 14 80 1000
770 6b 80 1000
771 73 80 1000
771 74 a0 1000
771 75 a0 1000
779 73 00 1000
787 75 00 1000
787 74 00 1000
795 6b 00 1000
803 6c 00 1000
804 6d 00 1000
812 56 ff 1000
812 6e 30 1000
812 3e 05 1000
813 26 75 1000
813 56 23 1000
813 0e 93 1000
814 57 ff 1000
815 6f 30 1000
815 3f 10 1000
815 27 fb 1000
815 57 43 1000
816 0f 86 1000
817 58 ff 1000
817 70 30 1000
818 40 30 1000
818 28 7b 1000
818 58 87 1000
819 10 92 1000
820 52 ff 1000
820 6a 30 1000
821 3a 26 1000
821 22 43 1000
821 52 87 1000
821 0a 92 1000
822 5d ff 1000
823 75 30 1000
823 45 14 1000
823 2d b5 1000
824 5d 9b 1000
824 15 85 1000
832 6a 80 1000
833 6e 80 1000
833 6f 80 1000
833 70 80 1000
833 75 a0 1000
841 75 00 1000
849 6e 00 1000
857 51 ff 1000
857 69 30 1000
857 39 05 1000
858 21 75 1000
858 51 23 1000
858 09 93 1000
859 6f 00 1000
861 59 ff 1000
861 71 30 1000
861 41 10 1000
862 29 fb 1000
862 59 43 1000
862 11 86 1000
863 70 00 1000
865 50 ff 1000
865 68 30 1000
865 38 31 1000
866 20 85 1000
866 50 87 1000
866 08 92 1000
867 6a 00 1000
868 5b ff 1000
869 73 30 1000
869 43 27 1000
869 2b 1b 1000
870 5b 87 1000
870 13 92 1000
871 5c ff 1000
871 74 30 1000
871 44 14 1000
872 2c b5 1000
872 5c 7f 1000
872 14 85 1000
873 5d ff 1000
873 75 30 1000
873 45 10 1000
874 2d 7b 1000
874 5d 47 1000
874 15 81 1000
882 68 80 1000
882 69 80 1000
882 71 80 1000
882 73 80 1000
883 74 a0 1000
883 75 a0 1000
891 71 00 1000
893 72 00 1000
901 53 ff 1000
902 6b 30 1000
902 3b 30 1000
902 23 7b 1000
902 53 a5 1000
903 0b 92 1000
911 6b 80 1000
913 74 00 1000
913 75 00 1000
921 69 00 1000
929 68 00 1000
930 73 00 1000
938 54 ff 1000
938 6c 30 1000
938 3c 03 1000
939 24 fd 1000
939 54 23 1000
939 0c 93 1000
941 55 ff 1000
941 6d 30 1000
941 3d 10 1000
941 25 01 1000
942 55 43 1000
942 0d 86 1000
943 56 ff 1000
944 6e 30 1000
944 3e 24 1000
944 26 b5 1000
945 56 87 1000
945 0e 92 1000
946 57 ff 1000
946 6f 30 1000
947 3f 22 1000
947 27 15 1000
947 57 87 1000
948 0f 92 1000
949 5c ff 1000
949 74 30 1000
949 44 14 1000
949 2c b5 1000
950 5c 63 1000
950 14 84 1000
951 5d ff 1000
951 75 30 1000
951 45 11 1000
952 2d 85 1000
952 5d 43 1000
952 15 80 1000
960 6c 80 1000
960 6d 80 1000
960 6e 80 1000
960 6f 80 1000
961 74 a0 1000
961 75 a0 1000
969 6b 00 1000
977 58 ff 1000
978 70 30 1000
978 40 31 1000
978 28 85 1000
978 58 a5 1000
979 10 92 1000
980 74 00 1000
980 75 00 1000
988 70 80 1000
996 70 00 1000
1004 52 ff 1000
1004 6a 30 1000
1004 3a 24 1000
1004 22 b5 1000
1005 52 a5 1000
1005 0a 92 1000
1013 6a 80 1000
1021 6c 00 1000
1029 6d 00 1000
1037 59 ff 1000
1037 71 30 1000
1038 41 03 1000
1038 29 fd 1000
1038 59 23 1000
1039 11 93 1000
1040 5a ff 1000
1040 72 30 1000
1040 42 10 1000
1041 2a 01 1000
1041 5a 43 1000
1041 12 86 1000
1043 5c ff 1000
1043 74 30 1000
1043 44 14 1000
1043 2c b5 1000
1044 5c 63 1000
1044 14 85 1000
1045 5d ff 1000
1045 75 30 1000
1045 45 11 1000
1046 2d 85 1000
1046 5d 43 1000
1046 15 80 1000
1054 71 80 1000
1054 72 80 1000
1055 74 a0 1000
1055 75 a0 1000
1063 72 00 1000
1071 74 00 1000
1072 75 00 1000
1080 71 00 1000
1088 51 ff 1000
1089 69 30 1000
1089 39 03 1000
1089 21 fd 1000
1089 51 23 1000
1090 09 93 1000
1091 50 ff 1000
1091 68 30 1000
1092 38 10 1000
1092 20 01 1000
1092 50 43 1000
1092 08 86 1000
1094 5c ff 1000
1094 74 30 1000
1094 44 14 1000
1095 2c b5 1000
1095 5c 9b 1000
1095 14 85 1000
1096 5d ff 1000
1096 75 30 1000
1096 45 10 1000
1097 2d 7b 1000
1097 5d 47 1000
1097 15 81 1000
1105 68 80 1000
1105 69 80 1000
1106 74 a0 1000
1106 75 a0 1000
1114 74 00 1000
1115 75 00 1000
1123 69 00 1000
1131 5b ff 1000
1131 73 30 1000
1131 43 03 1000
1131 2b fd 1000
1132 5b 23 1000
1132 13 93 1000
1133 6a 00 1000
1134 53 ff 1000
1135 6b 30 1000
1135 3b 27 1000
1135 23 1b 1000
1136 53 87 1000
1136 0b 92 1000
1137 6f 00 1000
1138 58 ff 1000
1139 70 30 1000
1139 40 24 1000
1139 28 b5 1000
1140 58 87 1000
1140 10 92 1000
1141 5c ff 1000
1141 74 30 1000
1141 44 14 1000
1142 2c b5 1000
1142 5c 7f 1000
1142 14 85 1000
1150 6b 80 1000
1151 70 80 1000
1151 73 80 1000
1151 74 a0 1000
1159 74 00 1000
1167 73 00 1000
1175 68 00 1000
1183 54 ff 1000
1183 6c 30 1000
1183 3c 03 1000
1183 24 fd 1000
1184 54 23 1000
1184 0c 93 1000
1185 55 ff 1000
1185 6d 30 1000
1186 3d 10 1000
1186 25 01 1000
1186 55 43 1000
1187 0d 86 1000
1188 5d ff 1000
1188 75 30 1000
1189 45 14 1000
1189 2d b5 1000
1189 5d 63 1000
1189 15 85 1000
1190 5c ff 1000
1190 74 30 1000
1191 44 11 1000
1191 2c 85 1000
1191 5c 43 1000
1192 14 80 1000
1200 6c 80 1000
1201 6d 80 1000
1201 74 a0 1000
1201 75 a0 1000
1209 6d 00 1000
1210 6e 00 1000
1218 5a ff 1000
1218 72 30 1000
1219 42 27 1000
1219 2a 1b 1000
1219 5a a5 1000
1219 12 92 1000
1220 75 00 1000
1221 74 00 1000
1229 72 80 1000
1237 6c 00 1000
1245 6b 00 1000
1246 70 00 1000
1254 59 ff 1000
1254 71 30 1000
1254 41 03 1000
1255 29 fd 1000
1255 59 23 1000
1255 11 93 1000
1256 51 ff 1000
1257 69 30 1000
1257 39 10 1000
1257 21 01 1000
1258 51 43 1000
1258 09 86 1000
1259 52 ff 1000
1260 6a 30 1000
1260 3a 30 1000
1260 22 7b 1000
1260 52 87 1000
1261 0a 92 1000
1262 57 ff 1000
1262 6f 30 1000
1263 3f 26 1000
1263 27 43 1000
1263 57 87 1000
1264 0f 92 1000
1264 5d ff 1000
1265 75 30 1000
1265 45 14 1000
1265 2d b5 1000
1266 5d 9b 1000
1266 15 85 1000
1267 5c ff 1000
1267 74 30 1000
1267 44 11 1000
1267 2c 85 1000
1268 5c 43 1000
1268 14 80 1000
1276 69 80 1000
1277 6a 80 1000
1277 6f 80 1000
1277 71 80 1000
1278 74 a0 1000
1278 75 a0 1000
1286 75 00 1000
1286 74 00 1000
1294 71 00 1000
1302 69 00 1000
1303 6a 00 1000
1304 6f 00 1000
1312 5b ff 1000
1312 73 30 1000
1312 43 03 1000
1313 2b fd 1000
1313 5b 23 1000
1313 13 93 1000
1314 50 ff 1000
1315 68 30 1000
1315 38 10 1000
1315 20 01 1000
1316 50 43 1000
1316 08 86 1000
1317 55 ff 1000
1318 6d 30 1000
1318 3d 31 1000
1318 25 85 1000
1318 55 87 1000
1319 0d 92 1000
1320 56 ff 1000
1320 6e 30 1000
1321 3e 27 1000
1321 26 1b 1000
1321 56 87 1000
1322 0e 92 1000
1323 5d ff 1000
1323 75 30 1000
1323 45 14 1000
1323 2d b5 1000
1324 5d 7f 1000
1324 15 85 1000
1324 5c ff 1000
1325 74 30 1000
1325 44 10 1000
1325 2c 7b 1000
1326 5c 47 1000
1326 14 81 1000
1334 68 80 1000
1335 6d 80 1000
1335 6e 80 1000
1335 73 80 1000
1336 74 a0 1000
1336 75 a0 1000
1344 6e 00 1000
1352 68 00 1000
1360 54 ff 1000
1360 6c 30 1000
1361 3c 30 1000
1361 24 7b 1000
1361 54 a5 1000
1362 0c 92 1000
1363 75 00 1000
1363 74 00 1000
1371 6c 80 1000
1379 73 00 1000
1387 6d 00 1000
1388 72 00 1000
1396 53 ff 1000
1396 6b 30 1000
1397 3b 03 1000
1397 23 fd 1000
1397 53 23 1000
1397 0b 93 1000
1399 58 ff 1000
1399 70 30 1000
1399 40 10 1000
1400 28 01 1000
1400 58 43 1000
1400 10 86 1000
1402 59 ff 1000
1402 71 30 1000
1402 41 32 1000
1402 29 15 1000
1403 59 87 1000
1403 11 92 1000
1404 51 ff 1000
1405 69 30 1000
1405 39 30 1000
1405 21 7b 1000
1405 51 87 1000
1406 09 92 1000
1407 5d ff 1000
1407 75 30 1000
1407 45 14 1000
1408 2d b5 1000
1408 5d 63 1000
1408 15 84 1000
1409 5c ff 1000
1409 74 30 1000
1409 44 11 1000
1410 2c 85 1000
1410 5c 43 1000
1410 14 80 1000
1418 69 80 1000
1418 6b 80 1000
1418 70 80 1000
1419 71 80 1000
1419 74 a0 1000
1419 75 a0 1000
1427 69 00 1000
1435 52 ff 1000
1436 6a 30 1000
1436 3a 31 1000
1436 22 85 1000
1437 52 a5 1000
1437 0a 92 1000
1438 75 00 1000
1438 74 00 1000
1446 6a 80 1000
1454 6a 00 1000
1462 57 ff 1000
1462 6f 30 1000
1462 3f 32 1000
1463 27 15 1000
1463 57 a5 1000
1463 0f 92 1000
1471 6f 80 1000
1479 6b 00 1000
1480 70 00 1000
1482 6f 00 1000
1483 6c 00 1000
1491 56 ff 1000
1492 6e 30 1000
1492 3e 03 1000
1492 26 fd 1000
1492 56 23 1000
1493 0e 93 1000
1494 50 ff 1000
1494 68 30 1000
1495 38 10 1000
1495 20 01 1000
1495 50 43 1000
1495 08 86 1000
1497 5b ff 1000
1497 73 30 1000
1497 43 31 1000
1498 2b 85 1000
1498 5b 87 1000
1498 13 92 1000
1500 55 ff 1000
1500 6d 30 1000
1500 3d 27 1000
1500 25 1b 1000
1501 55 87 1000
1501 0d 92 1000
1502 5d ff 1000
1502 75 30 1000
1503 45 14 1000
1503 2d b5 1000
1503 5d 9b 1000
1503 15 85 1000
1504 5c ff 1000
1504 74 30 1000
1505 44 11 1000
1505 2c 85 1000
1505 5c 43 1000
1506 14 80 1000
1514 68 80 1000
1514 6d 80 1000
1514 6e 80 1000
1515 73 80 1000
1515 74 a0 1000
1515 75 a0 1000
1523 68 00 1000
1531 75 00 1000
1532 74 00 1000
1540 6e 00 1000
1548 5a ff 1000
1549 72 30 1000
1549 42 03 1000
1549 2a fd 1000
1550 5a 23 1000
1550 12 93 1000
1551 51 ff 1000
1551 69 30 1000
1552 39 10 1000
1552 21 01 1000
1552 51 43 1000
1553 09 86 1000
1554 5d ff 1000
1554 75 30 1000
1555 45 14 1000
1555 2d b5 1000
1555 5d 7f 1000
1555 15 85 1000
1556 5c ff 1000
1556 74 30 1000
1557 44 10 1000
1557 2c 7b 1000
1557 5c 47 1000
1557 14 81 1000
1565 69 80 1000
1566 72 80 1000
1566 74 a0 1000
1566 75 a0 1000
1574 71 00 1000
1582 52 ff 1000
1582 6a 30 1000
1582 3a 31 1000
1583 22 85 1000
1583 52 a5 1000
1583 0a 92 1000
1591 6a 80 1000
1594 75 00 1000
1594 74 00 1000
1602 72 00 1000
1610 6a 00 1000
1611 6d 00 1000
1619 53 ff 1000
1620 6b 30 1000
1620 3b 03 1000
1620 23 fd 1000
1621 53 23 1000
1621 0b 93 1000
1622 58 ff 1000
1623 70 30 1000
1623 40 30 1000
1623 28 7b 1000
1624 58 87 1000
1624 10 92 1000
1625 57 ff 1000
1625 6f 30 1000
1626 3f 26 1000
1626 27 43 1000
1626 57 87 1000
1627 0f 92 1000
1628 5d ff 1000
1628 75 30 1000
1628 45 14 1000
1628 2d b5 1000
1629 5d 9b 1000
1629 15 85 1000
1637 6b 80 1000
1637 6f 80 1000
1638 70 80 1000
1638 75 a0 1000
1646 75 00 1000
1654 6b 00 1000
1662 54 ff 1000
1662 6c 30 1000
1662 3c 03 1000
1663 24 fd 1000
1663 54 23 1000
1663 0c 93 1000
1664 69 00 1000
1665 50 ff 1000
1666 68 30 1000
1666 38 10 1000
1666 20 01 1000
1666 50 43 1000
1667 08 86 1000
1668 5c ff 1000
1668 74 30 1000
1669 44 14 1000
1669 2c b5 1000
1669 5c 63 1000
1670 14 85 1000
1670 5d ff 1000
1671 75 30 1000
1671 45 11 1000
1671 2d 85 1000
1671 5d 43 1000
1672 15 80 1000
1680 68 80 1000
1681 6c 80 1000
1681 74 a0 1000
1681 75 a0 1000
1689 68 00 1000
1697 73 00 1000
1698 56 ff 1000
1699 6e 30 1000
1699 3e 30 1000
1699 26 7b 1000
1699 56 a5 1000
1700 0e 92 1000
1708 6e 80 1000
1711 74 00 1000
1711 75 00 1000
1719 6c 00 1000
1727 6e 00 1000
1729 6f 00 1000
1737 59 ff 1000
1737 71 30 1000
1737 41 05 1000
1738 29 75 1000
1738 59 23 1000
1738 11 93 1000
1739 5a ff 1000
1740 72 30 1000
1740 42 10 1000
1740 2a fb 1000
1741 5a 43 1000
1741 12 86 1000
1742 52 ff 1000
1742 6a 30 1000
1743 3a 30 1000
1743 22 7b 1000
1743 52 87 1000
1744 0a 92 1000
1745 55 ff 1000
1745 6d 30 1000
1746 3d 26 1000
1746 25 43 1000
1746 55 87 1000
1746 0d 92 1000
1747 5c ff 1000
1748 74 30 1000
1748 44 14 1000
1748 2c b5 1000
1749 5c 9b 1000
1749 14 85 1000
1757 6a 80 1000
1758 6d 80 1000
1758 71 80 1000
1758 72 80 1000
1759 74 a0 1000
1767 74 00 1000
1775 71 00 1000
1783 53 ff 1000
1783 6b 30 1000
1783 3b 05 1000
1784 23 75 1000
1784 53 23 1000
1784 0b 93 1000
1785 72 00 1000
1787 51 ff 1000
1787 69 30 1000
1787 39 10 1000
1788 21 fb 1000
1788 51 43 1000
1788 09 86 1000
1789 6a 00 1000
1791 50 ff 1000
1791 68 30 1000
1791 38 31 1000
1791 20 85 1000
1792 50 87 1000
1792 08 92 1000
1793 6d 00 1000
1794 5b ff 1000
1795 73 30 1000
1795 43 27 1000
1795 2b 1b 1000
1796 5b 87 1000
1796 13 92 1000
1797 5d ff 1000
1797 75 30 1000
1797 45 14 1000
1798 2d b5 1000
1798 5d 7f 1000
1798 15 85 1000
1799 5c ff 1000
1799 74 30 1000
1799 44 10 1000
1800 2c 7b 1000
1800 5c 47 1000
1800 14 81 1000
1808 68 80 1000
1808 69 80 1000
1808 6b 80 1000
1808 73 80 1000
1809 74 a0 1000
1809 75 a0 1000
1817 69 00 1000
1818 70 00 1000
1826 54 ff 1000
1827 6c 30 1000
1827 3c 30 1000
1827 24 7b 1000
1827 54 a5 1000
1828 0c 92 1000
1829 75 00 1000
1829 74 00 1000
1837 6c 80 1000
1845 6b 00 1000
1853 68 00 1000
1854 73 00 1000
1862 56 ff 1000
1862 6e 30 1000
1862 3e 07 1000
1863 26 1b 1000
1863 56 23 1000
1863 0e 93 1000
1865 57 ff 1000
1865 6f 30 1000
1865 3f 07 1000
1866 27 1b 1000
1866 57 43 1000
1866 0f 87 1000
1867 59 ff 1000
1868 71 30 1000
1868 41 27 1000
1868 29 1b 1000
1869 59 87 1000
1869 11 92 1000
1870 5a ff 1000
1870 72 30 1000
1871 42 24 1000
1871 2a b5 1000
1871 5a 87 1000
1872 12 92 1000
1873 5d ff 1000
1873 75 30 1000
1873 45 11 1000
1873 2d 85 1000
1874 5d 47 1000
1874 15 82 1000
1875 5c ff 1000
1875 74 30 1000
1875 44 11 1000
1876 2c 85 1000
1876 5c 43 1000
1876 14 80 1000
1884 6e 80 1000
1884 6f 80 1000
1884 71 80 1000
1885 72 80 1000
1885 74 a0 1000
1885 75 a0 1000
1893 6c 00 1000
1895 52 ff 1000
1895 6a 30 1000
1895 3a 31 1000
1895 22 85 1000
1896 52 a5 1000
1896 0a 92 1000
1904 6a 80 1000
1906 75 00 1000
1907 74 00 1000
1915 6a 00 1000
1923 55 ff 1000
1923 6d 30 1000
1923 3d 27 1000
1923 25 1b 1000
1924 55 a5 1000
1924 0d 92 1000
1932 6d 80 1000
1940 6e 00 1000
1948 51 ff 1000
1949 69 30 1000
1949 39 07 1000
1949 21 1b 1000
1950 51 23 1000
1950 09 93 1000
1951 6f 00 1000
1952 58 ff 1000
1953 70 30 1000
1953 40 07 1000
1953 28 1b 1000
1953 58 43 1000
1954 10 87 1000
1955 5d ff 1000
1955 75 30 1000
1956 45 11 1000
1956 2d 85 1000
1956 5d 43 1000
1957 15 80 1000
1965 69 80 1000
1965 70 80 1000
1966 75 a0 1000
1974 70 00 1000
1982 75 00 1000
1990 69 00 1000
1998 53 ff 1000
1999 6b 30 1000
1999 3b 07 1000
1999 23 1b 1000
1999 53 23 1000
2000 0b 93 1000
2001 50 ff 1000
2001 68 30 1000
2002 38 07 1000
2002 20 1b 1000
2002 50 43 1000
2003 08 87 1000
2004 5c ff 1000
2004 74 30 1000
2004 44 10 1000
2005 2c 7b 1000
2005 5c 47 1000
2005 14 81 1000
2013 68 80 1000
2013 6b 80 1000
2014 74 a0 1000
2022 74 00 1000
2030 6b 00 1000
2038 5b ff 1000
2038 73 30 1000
2038 43 07 1000
2038 2b 1b 1000
2039 5b 23 1000
2039 13 93 1000
2040 5d ff 1000
2041 75 30 1000
2041 45 14 1000
2041 2d b5 1000
2042 5d 7f 1000
2042 15 85 1000
2050 73 80 1000
2050 75 a0 1000
2058 75 00 1000
2066 73 00 1000
2074 68 00 1000
2082 54 ff 1000
2082 6c 30 1000
2082 3c 07 1000
2082 24 1b 1000
2083 54 23 1000
2083 0c 93 1000
2084 52 ff 1000
2085 6a 30 1000
2085 3a 07 1000
2085 22 1b 1000
2085 52 43 1000
2086 0a 87 1000
2087 5c ff 1000
2087 74 30 1000
2088 44 14 1000
2088 2c b5 1000
2088 5c 63 1000
2089 14 85 1000
2089 5d ff 1000
2090 75 30 1000
2090 45 11 1000
2090 2d 85 1000
2090 5d 43 1000
2091 15 80 1000
2099 6a 80 1000
2100 6c 80 1000
2100 74 a0 1000
2100 75 a0 1000
2108 6a 00 1000
2116 74 00 1000
2116 75 00 1000
2124 6c 00 1000
2132 6d 00 1000
2133 72 00 1000
2141 56 ff 1000
2141 6e 30 1000
2141 3e 07 1000
2142 26 1b 1000
2142 56 23 1000
2142 0e 93 1000
2144 57 ff 1000
2144 6f 30 1000
2144 3f 07 1000
2144 27 1b 1000
2145 57 43 1000
2145 0f 87 1000
2146 58 ff 1000
2147 70 30 1000
2147 40 30 1000
2147 28 7b 1000
2147 58 87 1000
2148 10 92 1000
2149 51 ff 1000
2149 69 30 1000
2150 39 26 1000
2150 21 43 1000
2150 51 87 1000
2151 09 92 1000
2152 5c ff 1000
2152 74 30 1000
2152 44 14 1000
2152 2c b5 1000
2153 5c 9b 1000
2153 14 85 1000
2154 5d ff 1000
2154 75 30 1000
2154 45 11 1000
2154 2d 85 1000
2155 5d 43 1000
2155 15 80 1000
2163 69 80 1000
2164 6e 80 1000
2164 6f 80 1000
2164 70 80 1000
2165 74 a0 1000
2165 75 a0 1000
2173 74 00 1000
2174 75 00 1000
2182 6e 00 1000
2190 6f 00 1000
2191 70 00 1000
2192 69 00 1000
2200 53 ff 1000
2200 6b 30 1000
2200 3b 07 1000
2201 23 1b 1000
2201 53 23 1000
2201 0b 93 1000
2203 5b ff 1000
2203 73 30 1000
2203 43 07 1000
2203 2b 1b 1000
2204 5b 43 1000
2204 13 87 1000
2205 50 ff 1000
2206 68 30 1000
2206 38 31 1000
2206 20 85 1000
2207 50 87 1000
2207 08 92 1000
2208 52 ff 1000
2208 6a 30 1000
2209 3a 27 1000
2209 22 1b 1000
2209 52 87 1000
2210 0a 92 1000
2211 5c ff 1000
2211 74 30 1000
2211 44 14 1000
2211 2c b5 1000
2212 5c 7f 1000
2212 14 85 1000
2213 5d ff 1000
2213 75 30 1000
2213 45 10 1000
2213 2d 7b 1000
2214 5d 47 1000
2214 15 81 1000
2222 68 80 1000
2223 6a 80 1000
2223 6b 80 1000
2223 73 80 1000
2224 74 a0 1000
2224 75 a0 1000
2232 73 00 1000
2234 6a 00 1000
2242 54 ff 1000
2243 6c 30 1000
2243 3c 30 1000
2243 24 7b 1000
2244 54 a5 1000
2244 0c 92 1000
2252 6c 80 1000
2254 74 00 1000
2255 75 00 1000
2263 6b 00 1000
2271 68 00 1000
2272 71 00 1000
2280 55 ff 1000
2280 6d 30 1000
2281 3d 05 1000
2281 25 75 1000
2281 55 23 1000
2281 0d 93 1000
2283 5a ff 1000
2283 72 30 1000
2283 42 10 1000
2284 2a fb 1000
2284 5a 43 1000
2284 12 86 1000
2286 56 ff 1000
2286 6e 30 1000
2286 3e 26 1000
2286 26 43 1000
2287 56 87 1000
2287 0e 92 1000
2288 57 ff 1000
2289 6f 30 1000
2289 3f 23 1000
2289 27 51 1000
2290 57 87 1000
2290 0f 92 1000
2291 5c ff 1000
2291 74 30 1000
2291 44 14 1000
2292 2c b5 1000
2292 5c 63 1000
2292 14 84 1000
2293 5d ff 1000
2293 75 30 1000
2293 45 11 1000
2294 2d 85 1000
2294 5d 43 1000
2294 15 80 1000
2302 6d 80 1000
2302 6e 80 1000
2302 6f 80 1000
2303 72 80 1000
2303 74 a0 1000
2303 75 a0 1000
2311 6c 00 1000
2319 58 ff 1000
2320 70 30 1000
2320 40 31 1000
2320 28 85 1000
2321 58 a5 1000
2321 10 92 1000
2322 74 00 1000
2322 75 00 1000
2330 70 80 1000
2338 70 00 1000
2346 51 ff 1000
2346 69 30 1000
2346 39 26 1000
2347 21 43 1000
2347 51 a5 1000
2347 09 92 1000
2355 69 80 1000
2363 6d 00 1000
2371 72 00 1000
2379 5b ff 1000
2380 73 30 1000
2380 43 05 1000
2380 2b 75 1000
2380 5b 23 1000
2381 13 93 1000
2382 52 ff 1000
2382 6a 30 1000
2383 3a 10 1000
2383 22 fb 1000
2383 52 43 1000
2383 0a 86 1000
2385 5c ff 1000
2385 74 30 1000
2385 44 14 1000
2386 2c b5 1000
2386 5c 9b 1000
2386 14 85 1000
2387 5d ff 1000
2387 75 30 1000
2387 45 11 1000
2388 2d 85 1000
2388 5d 43 1000
2388 15 80 1000
2396 6a 80 1000
2396 73 80 1000
2397 74 a0 1000
2397 75 a0 1000
2405 6a 00 1000
2413 74 00 1000
2414 75 00 1000
2422 73 00 1000
2430 53 ff 1000
2431 6b 30 1000
2431 3b 05 1000
2431 23 75 1000
2432 53 23 1000
2432 0b 93 1000
2433 50 ff 1000
2433 68 30 1000
2434 38 10 1000
2434 20 fb 1000
2434 50 43 1000
2435 08 86 1000
2436 5c ff 1000
2436 74 30 1000
2437 44 14 1000
2437 2c b5 1000
2437 5c 7f 1000
2437 14 85 1000
2438 5d ff 1000
2438 75 30 1000
2439 45 10 1000
2439 2d 7b 1000
2439 5d 47 1000
2439 15 81 1000
2447 68 80 1000
2447 6b 80 1000
2448 74 a0 1000
2448 75 a0 1000
2456 74 00 1000
2457 75 00 1000
2465 6b 00 1000
2473 59 ff 1000
2474 71 30 1000
2474 41 05 1000
2474 29 75 1000
2475 59 23 1000
2475 11 93 1000
2476 5c ff 1000
2477 74 30 1000
2477 44 14 1000
2477 2c b5 1000
2478 5c 9b 1000
2478 14 85 1000
2486 71 80 1000
2487 74 a0 1000
2495 74 00 1000
2503 71 00 1000
2511 54 ff 1000
2511 6c 30 1000
2511 3c 05 1000
2512 24 75 1000
2512 54 23 1000
2512 0c 93 1000
2513 68 00 1000
2514 58 ff 1000
2515 70 30 1000
2515 40 10 1000
2515 28 fb 1000
2515 58 43 1000
2516 10 86 1000
2517 5d ff 1000
2517 75 30 1000
2518 45 14 1000
2518 2d b5 1000
2518 5d 63 1000
2519 15 85 1000
2519 5c ff 1000
2520 74 30 1000
2520 44 11 1000
2520 2c 85 1000
2520 5c 43 1000
2521 14 80 1000
2529 6c 80 1000
2530 70 80 1000
2530 74 a0 1000
2530 75 a0 1000
2538 70 00 1000
2546 75 00 1000
2546 74 00 1000
2554 6c 00 1000
2562 69 00 1000
2563 6f 00 1000
2571 55 ff 1000
2571 6d 30 1000
2571 3d 05 1000
2572 25 75 1000
2572 55 23 1000
2572 0d 93 1000
2573 5a ff 1000
2574 72 30 1000
2574 42 10 1000
2574 2a fb 1000
2575 5a 43 1000
2575 12 86 1000
2576 52 ff 1000
2577 6a 30 1000
2577 3a 30 1000
2577 22 7b 1000
2577 52 87 1000
2578 0a 92 1000
2579 5b ff 1000
2579 73 30 1000
2580 43 26 1000
2580 2b 43 1000
2580 5b 87 1000
2580 13 92 1000
2581 5d ff 1000
2582 75 30 1000
2582 45 14 1000
2582 2d b5 1000
2583 5d 9b 1000
2583 15 85 1000
2591 6a 80 1000
2592 6d 80 1000
2592 72 80 1000
2592 73 80 1000
2593 75 a0 1000
2601 75 00 1000
2609 6d 00 1000
2617 53 ff 1000
2617 6b 30 1000
2617 3b 05 1000
2618 23 75 1000
2618 53 23 1000
2618 0b 93 1000
2620 72 00 1000
2621 59 ff 1000
2621 71 30 1000
2621 41 10 1000
2622 29 fb 1000
2622 59 43 1000
2622 11 86 1000
2623 6a 00 1000
2625 50 ff 1000
2625 68 30 1000
2625 38 31 1000
2626 20 85 1000
2626 50 87 1000
2626 08 92 1000
2627 6e 00 1000
2629 58 ff 1000
2629 70 30 1000
2629 40 27 1000
2629 28 1b 1000
2630 58 87 1000
2630 10 92 1000
2631 5c ff 1000
2631 74 30 1000
2632 44 14 1000
2632 2c b5 1000
2632 5c 7f 1000
2632 14 85 1000
2633 5d ff 1000
2633 75 30 1000
2633 45 10 1000
2634 2d 7b 1000
2634 5d 47 1000
2634 15 81 1000
2642 68 80 1000
2642 6b 80 1000
2642 70 80 1000
2642 71 80 1000
2643 74 a0 1000
2643 75 a0 1000
2651 71 00 1000
2653 73 00 1000
2661 54 ff 1000
2662 6c 30 1000
2662 3c 30 1000
2662 24 7b 1000
2663 54 a5 1000
2663 0c 92 1000
2664 74 00 1000
2664 75 00 1000
2672 6c 80 1000
2680 6b 00 1000
2688 68 00 1000
2689 70 00 1000
2697 51 ff 1000
2697 69 30 1000
2698 39 03 1000
2698 21 fd 1000
2698 51 23 1000
2699 09 93 1000
2700 57 ff 1000
2700 6f 30 1000
2700 3f 10 1000
2701 27 01 1000
2701 57 43 1000
2701 0f 86 1000
2703 55 ff 1000
2703 6d 30 1000
2703 3d 24 1000
2704 25 b5 1000
2704 55 87 1000
2704 0d 92 1000
2705 5a ff 1000
2706 72 30 1000
2706 42 22 1000
2706 2a 15 1000
2707 5a 87 1000
2707 12 92 1000
2708 5c ff 1000
2708 74 30 1000
2708 44 14 1000
2709 2c b5 1000
2709 5c 63 1000
2709 14 84 1000
2710 5d ff 1000
2710 75 30 1000
2711 45 11 1000
2711 2d 85 1000
2711 5d 43 1000
2711 15 80 1000
2719 69 80 1000
2719 6d 80 1000
2719 6f 80 1000
2720 72 80 1000
2720 74 a0 1000
2720 75 a0 1000
2728 6c 00 1000
2730 52 ff 1000
2730 6a 30 1000
2730 3a 31 1000
2730 22 85 1000
2731 52 a5 1000
2731 0a 92 1000
2739 6a 80 1000
2741 74 00 1000
2742 75 00 1000
2750 6a 00 1000
2758 56 ff 1000
2758 6e 30 1000
2758 3e 24 1000
2758 26 b5 1000
2759 56 a5 1000
2759 0e 92 1000
2767 6e 80 1000
2775 69 00 1000
2783 59 ff 1000
2784 71 30 1000
2784 41 03 1000
2784 29 fd 1000
2785 59 23 1000
2785 11 93 1000
2786 6f 00 1000
2787 5b ff 1000
2787 73 30 1000
2788 43 10 1000
2788 2b 01 1000
2788 5b 43 1000
2789 13 86 1000
2790 5c ff 1000
2790 74 30 1000
2791 44 14 1000
2791 2c b5 1000
2791 5c 63 1000
2791 14 85 1000
2792 5d ff 1000
2792 75 30 1000
2793 45 11 1000
2793 2d 85 1000
2793 5d 43 1000
2794 15 80 1000
2802 71 80 1000
2803 73 80 1000
2803 74 a0 1000
2803 75 a0 1000
2811 73 00 1000
2819 74 00 1000
2820 75 00 1000
2828 71 00 1000
2836 53 ff 1000
2837 6b 30 1000
2837 3b 03 1000
2837 23 fd 1000
2838 53 23 1000
2838 0b 93 1000
2839 50 ff 1000
2839 68 30 1000
2840 38 10 1000
2840 20 01 1000
2840 50 43 1000
2841 08 86 1000
2842 5c ff 1000
2842 74 30 1000
2842 44 14 1000
2843 2c b5 1000
2843 5c 9b 1000
2843 14 85 1000
2844 5d ff 1000
2844 75 30 1000
2844 45 10 1000
2845 2d 7b 1000
2845 5d 47 1000
2845 15 81 1000
2853 68 80 1000
2853 6b 80 1000
2854 74 a0 1000
2854 75 a0 1000
2862 74 00 1000
2862 75 00 1000
2870 6b 00 1000
2878 58 ff 1000
2878 70 30 1000
2878 40 03 1000
2878 28 fd 1000
2879 58 23 1000
2879 10 93 1000
2880 6d 00 1000
2882 54 ff 1000
2882 6c 30 1000
2882 3c 27 1000
2882 24 1b 1000
2883 54 87 1000
2883 0c 92 1000
2884 72 00 1000
2886 52 ff 1000
2886 6a 30 1000
2886 3a 24 1000
2886 22 b5 1000
2887 52 87 1000
2887 0a 92 1000
2888 5c ff 1000
2888 74 30 1000
2889 44 14 1000
2889 2c b5 1000
2889 5c 7f 1000
2889 14 85 1000
2897 6a 80 1000
2898 6c 80 1000
2898 70 80 1000
2898 74 a0 1000
2906 74 00 1000
2914 70 00 1000
2922 68 00 1000
2930 51 ff 1000
2930 69 30 1000
2930 39 03 1000
2930 21 fd 1000
2931 51 23 1000
2931 09 93 1000
2932 57 ff 1000
2933 6f 30 1000
2933 3f 10 1000
2933 27 01 1000
2933 57 43 1000
2934 0f 86 1000
2935 5d ff 1000
2935 75 30 1000
2936 45 14 1000
2936 2d b5 1000
2936 5d 63 1000
2937 15 85 1000
2937 5c ff 1000
2938 74 30 1000
2938 44 11 1000
2938 2c 85 1000
2938 5c 43 1000
2939 14 80 1000
2947 69 80 1000
2948 6f 80 1000
2948 74 a0 1000
2948 75 a0 1000
2956 6f 00 1000
2964 6a 00 1000
2965 5b ff 1000
2966 73 30 1000
2966 43 27 1000
2966 2b 1b 1000
2966 5b a5 1000
2967 13 92 1000
2975 73 80 1000
2977 75 00 1000
2978 74 00 1000
2986 69 00 1000
2994 6c 00 1000
2996 6e 00 1000
3004 59 ff 1000
3004 71 30 1000
3004 41 03 1000
3005 29 fd 1000
3005 59 23 1000
3005 11 93 1000
3007 53 ff 1000
3007 6b 30 1000
3007 3b 10 1000
3007 23 01 1000
3008 53 43 1000
3008 0b 86 1000
3009 55 ff 1000
3010 6d 30 1000
3010 3d 30 1000
3010 25 7b 1000
3011 55 87 1000
3011 0d 92 1000
3012 5a ff 1000
3012 72 30 1000
3013 42 26 1000
3013 2a 43 1000
3013 5a 87 1000
3014 12 92 1000
3015 5d ff 1000
3015 75 30 1000
3015 45 14 1000
3015 2d b5 1000
3016 5d 9b 1000
3016 15 85 1000
3017 5c ff 1000
3017 74 30 1000
3017 44 11 1000
3018 2c 85 1000
3018 5c 43 1000
3018 14 80 1000
3026 6b 80 1000
3026 6d 80 1000
3026 71 80 1000
3026 72 80 1000
3027 74 a0 1000
3027 75 a0 1000
3035 75 00 1000
3036 74 00 1000
3044 71 00 1000
3052 58 ff 1000
3052 70 30 1000
3053 40 03 1000
3053 28 fd 1000
3053 58 23 1000
3053 10 93 1000
3054 6b 00 1000
3056 50 ff 1000
3056 68 30 1000
3056 38 10 1000
3057 20 01 1000
3057 50 43 1000
3057 08 86 1000
3058 6d 00 1000
3060 57 ff 1000
3060 6f 30 1000
3060 3f 31 1000
3061 27 85 1000
3061 57 87 1000
3061 0f 92 1000
3062 72 00 1000
3064 52 ff 1000
3064 6a 30 1000
3064 3a 27 1000
3065 22 1b 1000
3065 52 87 1000
3065 0a 92 1000
3066 5d ff 1000
3066 75 30 1000
3067 45 14 1000
3067 2d b5 1000
3067 5d 7f 1000
3067 15 85 1000
3068 5c ff 1000
3068 74 30 1000
3069 44 10 1000
3069 2c 7b 1000
3069 5c 47 1000
3069 14 81 1000
3077 68 80 1000
3077 6a 80 1000
3077 6f 80 1000
3078 70 80 1000
3078 74 a0 1000
3078 75 a0 1000
3086 68 00 1000
3087 6a 00 1000
3095 51 ff 1000
3096 69 30 1000
3096 39 30 1000
3096 21 7b 1000
3097 51 a5 1000
3097 09 92 1000
3105 69 80 1000
3107 75 00 1000
3108 74 00 1000
3116 70 00 1000
3124 6f 00 1000
3125 73 00 1000
3133 54 ff 1000
3133 6c 30 1000
3134 3c 03 1000
3134 24 fd 1000
3134 54 23 1000
3135 0c 93 1000
3136 56 ff 1000
3136 6e 30 1000
3136 3e 10 1000
3137 26 01 1000
3137 56 43 1000
3137 0e 86 1000
3139 59 ff 1000
3139 71 30 1000
3139 41 32 1000
3139 29 15 1000
3140 59 87 1000
3140 11 92 1000
3141 53 ff 1000
3142 6b 30 1000
3142 3b 30 1000
3142 23 7b 1000
3143 53 87 1000
3143 0b 92 1000
3144 5d ff 1000
3144 75 30 1000
3144 45 14 1000
3145 2d b5 1000
3145 5d 63 1000
3145 15 84 1000
3146 5c ff 1000
3146 74 30 1000
3147 44 11 1000
3147 2c 85 1000
3147 5c 43 1000
3147 14 80 1000
3155 6b 80 1000
3155 6c 80 1000
3155 6e 80 1000
3156 71 80 1000
3156 74 a0 1000
3156 75 a0 1000
3164 69 00 1000
3172 55 ff 1000
3173 6d 30 1000
3173 3d 31 1000
3173 25 85 1000
3174 55 a5 1000
3174 0d 92 1000
3175 75 00 1000
3175 74 00 1000
3183 6d 80 1000
3191 6d 00 1000
3199 5a ff 1000
3199 72 30 1000
3199 42 32 1000
3200 2a 15 1000
3200 5a a5 1000
3200 12 92 1000
3208 72 80 1000
3216 6c 00 1000
3218 6e 00 1000
3219 71 00 1000
3220 6b 00 1000
3228 50 ff 1000
3229 68 30 1000
3229 38 03 1000
3229 20 fd 1000
3229 50 23 1000
3230 08 93 1000
3231 52 ff 1000
3231 6a 30 1000
3232 3a 10 1000
3232 22 01 1000
3232 52 43 1000
3232 0a 86 1000
3234 58 ff 1000
3234 70 30 1000
3234 40 31 1000
3235 28 85 1000
3235 58 87 1000
3235 10 92 1000
3237 57 ff 1000
3237 6f 30 1000
3237 3f 27 1000
3238 27 1b 1000
3238 57 87 1000
3238 0f 92 1000
3239 5d ff 1000
3239 75 30 1000
3240 45 14 1000
3240 2d b5 1000
3240 5d 9b 1000
3241 15 85 1000
3241 5c ff 1000
3241 74 30 1000
3242 44 11 1000
3242 2c 85 1000
3242 5c 43 1000
3243 14 80 1000
3251 68 80 1000
3251 6a 80 1000
3251 6f 80 1000
3252 70 80 1000
3252 74 a0 1000
3252 75 a0 1000
3260 6a 00 1000
3268 75 00 1000
3269 74 00 1000
3277 68 00 1000
3285 5b ff 1000
3285 73 30 1000
3285 43 03 1000
3285 2b fd 1000
3286 5b 23 1000
3286 13 93 1000
3287 51 ff 1000
3287 69 30 1000
3288 39 10 1000
3288 21 01 1000
3288 51 43 1000
3289 09 86 1000
3290 5d ff 1000
3290 75 30 1000
3291 45 14 1000
3291 2d b5 1000
3291 5d 7f 1000
3291 15 85 1000
3292 5c ff 1000
3292 74 30 1000
3293 44 10 1000
3293 2c 7b 1000
3293 5c 47 1000
3293 14 81 1000
3301 69 80 1000
3302 73 80 1000
3302 74 a0 1000
3302 75 a0 1000
3310 72 00 1000
3318 55 ff 1000
3318 6d 30 1000
3318 3d 31 1000
3319 25 85 1000
3319 55 a5 1000
3319 0d 92 1000
3320 75 00 1000
3321 74 00 1000
3329 6d 80 1000
3337 73 00 1000
3345 6d 00 1000
3346 6f 00 1000
3354 54 ff 1000
3355 6c 30 1000
3355 3c 03 1000
3355 24 fd 1000
3356 54 23 1000
3356 0c 93 1000
3357 56 ff 1000
3358 6e 30 1000
3358 3e 30 1000
3358 26 7b 1000
3359 56 87 1000
3359 0e 92 1000
3360 59 ff 1000
3360 71 30 1000
3361 41 26 1000
3361 29 43 1000
3361 59 87 1000
3362 11 92 1000
3363 5d ff 1000
3363 75 30 1000
3363 45 14 1000
3363 2d b5 1000
3364 5d 9b 1000
3364 15 85 1000
3372 6c 80 1000
3373 6e 80 1000
3373 71 80 1000
3373 75 a0 1000
3381 75 00 1000
3389 6c 00 1000
3397 53 ff 1000
3397 6b 30 1000
3397 3b 03 1000
3398 23 fd 1000
3398 53 23 1000
3398 0b 93 1000
3399 69 00 1000
3400 52 ff 1000
3401 6a 30 1000
3401 3a 10 1000
3401 22 01 1000
3402 52 43 1000
3402 0a 86 1000
3403 5c ff 1000
3403 74 30 1000
3404 44 14 1000
3404 2c b5 1000
3404 5c 63 1000
3405 14 85 1000
3405 5d ff 1000
3406 75 30 1000
3406 45 11 1000
3406 2d 85 1000
3406 5d 43 1000
3407 15 80 1000
3415 6a 80 1000
3416 6b 80 1000
3416 74 a0 1000
3416 75 a0 1000
3424 6a 00 1000
3425 70 00 1000
3433 50 ff 1000
3433 68 30 1000
3434 38 30 1000
3434 20 7b 1000
3434 50 a5 1000
3435 08 92 1000
3436 74 00 1000
3436 75 00 1000
3444 68 80 1000
3452 6b 00 1000
3460 68 00 1000
3461 71 00 1000
3469 5a ff 1000
3469 72 30 1000
3470 42 05 1000
3470 2a 75 1000
3470 5a 23 1000
3470 12 93 1000
3472 5b ff 1000
3472 73 30 1000
3472 43 10 1000
3472 2b fb 1000
3473 5b 43 1000
3473 13 86 1000
3474 55 ff 1000
3475 6d 30 1000
3475 3d 30 1000
3475 25 7b 1000
3476 55 87 1000
3476 0d 92 1000
3477 57 ff 1000
3478 6f 30 1000
3478 3f 26 1000
3478 27 43 1000
3478 57 87 1000
3479 0f 92 1000
3480 5c ff 1000
3480 74 30 1000
3480 44 14 1000
3481 2c b5 1000
3481 5c 9b 1000
3481 14 85 1000
3489 6d 80 1000
3489 6f 80 1000
3489 72 80 1000
3490 73 80 1000
3490 74 a0 1000
3498 74 00 1000
3506 72 00 1000
3514 73 00 1000
3516 6d 00 1000
3517 6f 00 1000
3525 54 ff 1000
3525 6c 30 1000
3526 3c 05 1000
3526 24 75 1000
3526 54 23 1000
3526 0c 93 1000
3528 51 ff 1000
3528 69 30 1000
3528 39 10 1000
3529 21 fb 1000
3529 51 43 1000
3529 09 86 1000
3531 52 ff 1000
3531 6a 30 1000
3531 3a 31 1000
3531 22 85 1000
3532 52 87 1000
3532 0a 92 1000
3533 58 ff 1000
3534 70 30 1000
3534 40 27 1000
3534 28 1b 1000
3534 58 87 1000
3535 10 92 1000
3536 5d ff 1000
3536 75 30 1000
3536 45 14 1000
3537 2d b5 1000
3537 5d 7f 1000
3537 15 85 1000
3538 5c ff 1000
3538 74 30 1000
3538 44 10 1000
3539 2c 7b 1000
3539 5c 47 1000
3539 14 81 1000
3547 69 80 1000
3547 6a 80 1000
3547 6c 80 1000
3547 70 80 1000
3548 74 a0 1000
3548 75 a0 1000
3556 6e 00 1000
3564 53 ff 1000
3565 6b 30 1000
3565 3b 30 1000
3565 23 7b 1000
3566 53 a5 1000
3566 0b 92 1000
3567 75 00 1000
3567 74 00 1000
3575 6b 80 1000
3583 6c 00 1000
3591 69 00 1000
3592 6a 00 1000
3594 70 00 1000
3602 50 ff 1000
3602 68 30 1000
3603 38 07 1000
3603 20 1b 1000
3603 50 23 1000
3604 08 93 1000
3605 59 ff 1000
3605 71 30 1000
3606 41 07 1000
3606 29 1b 1000
3606 59 43 1000
3606 11 87 1000
3608 5a ff 1000
3608 72 30 1000
3608 42 27 1000
3609 2a 1b 1000
3609 5a 87 1000
3609 12 92 1000
3611 5b ff 1000
3611 73 30 1000
3611 43 24 1000
3611 2b b5 1000
3612 5b 87 1000
3612 13 92 1000
3613 5d ff 1000
3613 75 30 1000
3613 45 11 1000
3614 2d 85 1000
3614 5d 47 1000
3614 15 82 1000
3615 5c ff 1000
3615 74 30 1000
3616 44 11 1000
3616 2c 85 1000
3616 5c 43 1000
3616 14 80 1000
3624 68 80 1000
3624 71 80 1000
3625 72 80 1000
3625 73 80 1000
3625 74 a0 1000
3625 75 a0 1000
3633 6b 00 1000
3635 55 ff 1000
3635 6d 30 1000
3635 3d 31 1000
3635 25 85 1000
3636 55 a5 1000
3636 0d 92 1000
3644 6d 80 1000
3646 75 00 1000
3647 74 00 1000
3655 68 00 1000
3656 71 00 1000
3657 72 00 1000
3659 73 00 1000
3667 6d 00 1000
3675 57 ff 1000
3675 6f 30 1000
3675 3f 27 1000
3675 27 1b 1000
3676 57 a5 1000
3676 0f 92 1000
3684 6f 80 1000
3700 56 ff 1000
3700 6e 30 1000
3701 3e 11 1000
3701 26 85 1000
3701 56 59 1000
3702 0e 8d 1000
3703 54 ff 1000
3703 6c 30 1000
3704 3c 03 1000
3704 24 51 1000
3704 54 23 1000
3704 0c 93 1000
3706 51 ff 1000
3706 69 30 1000
3706 39 07 1000
3707 21 1b 1000
3707 51 43 1000
3707 09 86 1000
3709 5d ff 1000
3709 75 30 1000
3709 45 11 1000
3709 2d 85 1000
3710 5d 43 1000
3710 15 80 1000
3718 69 80 1000
3718 6c 80 1000
3719 6e 80 1000
3719 75 a0 1000
3721 6f 00 1000
3729 69 00 1000
3737 75 00 1000
3745 6e 00 1000
3746 6c 00 1000
3754 52 ff 1000
3754 6a 30 1000
3755 3a 11 1000
3755 22 85 1000
3755 52 59 1000
3756 0a 8e 1000
3757 58 ff 1000
3757 70 30 1000
3758 40 07 1000
3758 28 1b 1000
3758 58 23 1000
3758 10 93 1000
3760 53 ff 1000
3760 6b 30 1000
3760 3b 10 1000
3761 23 fb 1000
3761 53 43 1000
3761 0b 88 1000
3763 5c ff 1000
3763 74 30 1000
3763 44 10 1000
3763 2c 7b 1000
3764 5c 47 1000
3764 14 81 1000
3772 6a 80 1000
3772 6b 80 1000
3773 70 80 1000
3773 74 a0 1000
3781 74 00 1000
3789 70 00 1000
3797 6a 00 1000
3798 50 ff 1000
3799 68 30 1000
3799 38 11 1000
3799 20 85 1000
3800 50 59 1000
3800 08 8e 1000
3801 59 ff 1000
3801 71 30 1000
3802 41 07 1000
3802 29 1b 1000
3802 59 23 1000
3803 11 93 1000
3804 5d ff 1000
3804 75 30 1000
3805 45 14 1000
3805 2d b5 1000
3805 5d 7f 1000
3806 15 85 1000
3814 68 80 1000
3815 71 80 1000
3815 75 a0 1000
3823 75 00 1000
3831 68 00 1000
3832 71 00 1000
3840 5a ff 1000
3840 72 30 1000
3840 42 11 1000
3840 2a 85 1000
3841 5a 59 1000
3841 12 8e 1000
3842 5b ff 1000
3843 73 30 1000
3843 43 07 1000
3843 2b 1b 1000
3844 5b 23 1000
3844 13 93 1000
3845 5c ff 1000
3846 74 30 1000
3846 44 14 1000
3846 2c b5 1000
3847 5c 63 1000
3847 14 85 1000
3847 5d ff 1000
3848 75 30 1000
3848 45 11 1000
3848 2d 85 1000
3849 5d 43 1000
3849 15 80 1000
3857 72 80 1000
3857 73 80 1000
3857 74 a0 1000
3858 75 a0 1000
3866 74 00 1000
3866 75 00 1000
3874 73 00 1000
3882 72 00 1000
3890 55 ff 1000
3890 6d 30 1000
3890 3d 11 1000
3890 25 85 1000
3891 55 59 1000
3891 0d 8e 1000
3892 57 ff 1000
3893 6f 30 1000
3893 3f 07 1000
3893 27 1b 1000
3894 57 23 1000
3894 0f 93 1000
3896 5c ff 1000
3896 74 30 1000
3896 44 14 1000
3896 2c b5 1000
3897 5c 9b 1000
3897 14 85 1000
3898 5d ff 1000
3898 75 30 1000
3898 45 11 1000
3899 2d 85 1000
3899 5d 43 1000
3899 15 80 1000
3907 6d 80 1000
3907 6f 80 1000
3907 74 a0 1000
3907 75 a0 1000
3915 74 00 1000
3916 75 00 1000
3924 6d 00 1000
3926 6f 00 1000
3934 51 ff 1000
3934 69 30 1000
3934 39 10 1000
3935 21 7b 1000
3935 51 59 1000
3935 09 8e 1000
3937 56 ff 1000
3937 6e 30 1000
3937 3e 07 1000
3938 26 1b 1000
3938 56 23 1000
3938 0e 93 1000
3940 5c ff 1000
3940 74 30 1000
3940 44 14 1000
3940 2c b5 1000
3941 5c 7f 1000
3941 14 85 1000
3942 5d ff 1000
3942 75 30 1000
3942 45 10 1000
3942 2d 7b 1000
3943 5d 47 1000
3943 15 81 1000
3951 69 80 1000
3951 6e 80 1000
3951 74 a0 1000
3952 75 a0 1000
3960 74 00 1000
3961 75 00 1000
3969 6e 00 1000
3977 69 00 1000
3985 54 ff 1000
3985 6c 30 1000
3985 3c 07 1000
3986 24 1b 1000
3986 54 59 1000
3986 0c 8e 1000
3988 58 ff 1000
3988 70 30 1000
3988 40 07 1000
3989 28 1b 1000
3989 58 23 1000
3989 10 93 1000
3991 5c ff 1000
3991 74 30 1000
3991 44 14 1000
3991 2c b5 1000
3992 5c 63 1000
3992 14 84 1000
3993 5d ff 1000
3993 75 30 1000
3993 45 11 1000
3994 2d 85 1000
3994 5d 43 1000
3994 15 80 1000
4002 6c 80 1000
4002 70 80 1000
4002 74 a0 1000
4003 75 a0 1000
4011 74 00 1000
4012 75 00 1000
4020 6c 00 1000
4021 70 00 1000
4029 52 ff 1000
4029 6a 30 1000
4030 3a 07 1000
4030 22 1b 1000
4030 52 59 1000
4031 0a 8e 1000
4032 50 ff 1000
4032 68 30 1000
4032 38 07 1000
4033 20 1b 1000
4033 50 23 1000
4033 08 93 1000
4041 68 80 1000
4041 6a 80 1000
4049 6a 00 1000
4050 59 ff 1000
4050 71 30 1000
4051 41 10 1000
4051 29 7b 1000
4051 59 59 1000
4052 11 8e 1000
4060 71 80 1000
4068 68 00 1000
4076 71 00 1000
4084 5b ff 1000
4085 73 30 1000
4085 43 07 1000
4085 2b 1b 1000
4085 5b 23 1000
4086 13 93 1000
4087 5c ff 1000
4087 74 30 1000
4088 44 14 1000
4088 2c b5 1000
4088 5c 9b 1000
4089 14 85 1000
4089 5d ff 1000
4090 75 30 1000
4090 45 11 1000
4090 2d 85 1000
4090 5d 43 1000
4091 15 80 1000
4099 73 80 1000
4100 74 a0 1000
4100 75 a0 1000
4108 74 00 1000
4109 75 00 1000
4117 73 00 1000
4125 5a ff 1000
4126 72 30 1000
4126 42 11 1000
4126 2a 85 1000
4126 5a 59 1000
4127 12 8e 1000
4128 55 ff 1000
4128 6d 30 1000
4129 3d 07 1000
4129 25 1b 1000
4129 55 23 1000
4130 0d 93 1000
4131 5c ff 1000
4131 74 30 1000
4132 44 14 1000
4132 2c b5 1000
4132 5c 7f 1000
4132 14 85 1000
4133 5d ff 1000
4133 75 30 1000
4134 45 10 1000
4134 2d 7b 1000
4134 5d 47 1000
4134 15 81 1000
4142 6d 80 1000
4143 72 80 1000
4143 74 a0 1000
4143 75 a0 1000
4151 74 00 1000
4151 75 00 1000
4159 6d 00 1000
4167 57 ff 1000
4167 6f 30 1000
4167 3f 07 1000
4168 27 1b 1000
4168 57 23 1000
4168 0f 93 1000
4170 5c ff 1000
4170 74 30 1000
4170 44 14 1000
4171 2c b5 1000
4171 5c 9b 1000
4171 14 85 1000
4179 6f 80 1000
4179 74 a0 1000
4187 74 00 1000
4195 6f 00 1000
4203 56 ff 1000
4203 6e 30 1000
4203 3e 07 1000
4204 26 1b 1000
4204 56 23 1000
4204 0e 93 1000
4206 5d ff 1000
4206 75 30 1000
4206 45 14 1000
4207 2d b5 1000
4207 5d 63 1000
4207 15 85 1000
4208 5c ff 1000
4208 74 30 1000
4208 44 11 1000
4209 2c 85 1000
4209 5c 43 1000
4209 14 80 1000
4217 6e 80 1000
4217 74 a0 1000
4217 75 a0 1000
4225 75 00 1000
4226 74 00 1000
4234 6e 00 1000
4242 51 ff 1000
4242 69 30 1000
4243 39 07 1000
4243 21 1b 1000
4243 51 23 1000
4243 09 93 1000
4245 5d ff 1000
4245 75 30 1000
4245 45 14 1000
4246 2d b5 1000
4246 5d 9b 1000
4246 15 85 1000
4254 69 80 1000
4254 75 a0 1000
4262 75 00 1000
4270 69 00 1000
4278 54 ff 1000
4278 6c 30 1000
4279 3c 07 1000
4279 24 1b 1000
4279 54 23 1000
4279 0c 93 1000
4281 5c ff 1000
4281 74 30 1000
4281 44 14 1000
4282 2c b5 1000
4282 5c 7f 1000
4282 14 85 1000
4283 5d ff 1000
4283 75 30 1000
4283 45 10 1000
4284 2d 7b 1000
4284 5d 47 1000
4284 15 81 1000
4292 6c 80 1000
4292 74 a0 1000
4292 75 a0 1000
4300 74 00 1000
4301 75 00 1000
4309 6c 00 1000
4317 58 ff 1000
4318 70 30 1000
4318 40 07 1000
4318 28 1b 1000
4318 58 23 1000
4319 10 93 1000
4320 5c ff 1000
4320 74 30 1000
4321 44 14 1000
4321 2c b5 1000
4321 5c 63 1000
4322 14 84 1000
4322 5d ff 1000
4323 75 30 1000
4323 45 11 1000
4323 2d 85 1000
4323 5d 43 1000
4324 15 80 1000
4332 70 80 1000
4332 74 a0 1000
4333 75 a0 1000
4341 74 00 1000
4342 75 00 1000
4350 70 00 1000
4358 72 00 1000
4366 52 ff 1000
4366 6a 30 1000
4367 3a 07 1000
4367 22 1b 1000
4367 52 59 1000
4368 0a 8d 1000
4369 50 ff 1000
4369 68 30 1000
4370 38 03 1000
4370 20 fd 1000
4370 50 23 1000
4371 08 93 1000
4372 59 ff 1000
4372 71 30 1000
4372 41 10 1000
4373 29 01 1000
4373 59 43 1000
4373 11 86 1000
4374 6b 00 1000
4376 5c ff 1000
4376 74 30 1000
4376 44 14 1000
4377 2c b5 1000
4377 5c 63 1000
4377 14 85 1000
4378 5d ff 1000
4378 75 30 1000
4378 45 11 1000
4379 2d 85 1000
4379 5d 43 1000
4379 15 80 1000
4387 68 80 1000
4387 6a 80 1000
4388 71 80 1000
4388 74 a0 1000
4388 75 a0 1000
4396 71 00 1000
4404 74 00 1000
4404 75 00 1000
4412 6a 00 1000
4414 68 00 1000
4422 5b ff 1000
4423 73 30 1000
4423 43 07 1000
4423 2b 1b 1000
4424 5b 59 1000
4424 13 8e 1000
4425 55 ff 1000
4426 6d 30 1000
4426 3d 03 1000
4426 25 fd 1000
4426 55 23 1000
4427 0d 93 1000
4428 57 ff 1000
4428 6f 30 1000
4429 3f 10 1000
4429 27 fb 1000
4429 57 43 1000
4429 0f 87 1000
4431 5c ff 1000
4431 74 30 1000
4431 44 14 1000
4432 2c b5 1000
4432 5c 9b 1000
4432 14 85 1000
4433 5d ff 1000
4433 75 30 1000
4433 45 10 1000
4434 2d 7b 1000
4434 5d 47 1000
4434 15 81 1000
4442 6d 80 1000
4443 6f 80 1000
4443 73 80 1000
4443 74 a0 1000
4444 75 a0 1000
4452 74 00 1000
4452 75 00 1000
4460 6d 00 1000
4468 73 00 1000
4476 56 ff 1000
4477 6e 30 1000
4477 3e 07 1000
4477 26 1b 1000
4478 56 59 1000
4478 0e 8e 1000
4479 51 ff 1000
4480 69 30 1000
4480 39 03 1000
4480 21 fd 1000
4480 51 23 1000
4481 09 93 1000
4482 5c ff 1000
4482 74 30 1000
4483 44 14 1000
4483 2c b5 1000
4483 5c 7f 1000
4484 14 85 1000
4492 69 80 1000
4493 6e 80 1000
4493 74 a0 1000
4501 74 00 1000
4509 6e 00 1000
4510 69 00 1000
4518 54 ff 1000
4518 6c 30 1000
4518 3c 07 1000
4519 24 1b 1000
4519 54 59 1000
4519 0c 8e 1000
4520 58 ff 1000
4521 70 30 1000
4521 40 03 1000
4521 28 fd 1000
4522 58 23 1000
4522 10 93 1000
4523 5d ff 1000
4524 75 30 1000
4524 45 14 1000
4524 2d b5 1000
4525 5d 63 1000
4525 15 85 1000
4525 5c ff 1000
4526 74 30 1000
4526 44 11 1000
4526 2c 85 1000
4527 5c 43 1000
4527 14 80 1000
4535 6c 80 1000
4535 70 80 1000
4535 74 a0 1000
4536 75 a0 1000
4544 75 00 1000
4544 74 00 1000
4552 70 00 1000
4560 6c 00 1000
4568 5a ff 1000
4568 72 30 1000
4568 42 07 1000
4568 2a 1b 1000
4569 5a 59 1000
4569 12 8e 1000
4570 53 ff 1000
4571 6b 30 1000
4571 3b 03 1000
4571 23 fd 1000
4572 53 23 1000
4572 0b 93 1000
4573 5d ff 1000
4574 75 30 1000
4574 45 14 1000
4574 2d b5 1000
4575 5d 9b 1000
4575 15 85 1000
4576 5c ff 1000
4576 74 30 1000
4576 44 11 1000
4576 2c 85 1000
4577 5c 43 1000
4577 14 80 1000
4585 6b 80 1000
4585 72 80 1000
4585 74 a0 1000
4586 75 a0 1000
4594 75 00 1000
4595 74 00 1000
4603 72 00 1000
4605 6b 00 1000
4613 59 ff 1000
4613 71 30 1000
4613 41 07 1000
4614 29 1b 1000
4614 59 59 1000
4614 11 8e 1000
4616 52 ff 1000
4616 6a 30 1000
4616 3a 03 1000
4617 22 fd 1000
4617 52 23 1000
4617 0a 93 1000
4619 5d ff 1000
4619 75 30 1000
4619 45 14 1000
4619 2d b5 1000
4620 5d 7f 1000
4620 15 85 1000
4621 5c ff 1000
4621 74 30 1000
4621 44 10 1000
4621 2c 7b 1000
4622 5c 47 1000
4622 14 81 1000
4630 6a 80 1000
4630 71 80 1000
4630 74 a0 1000
4631 75 a0 1000
4639 75 00 1000
4640 74 00 1000
4648 6a 00 1000
4656 71 00 1000
4664 50 ff 1000
4664 68 30 1000
4664 38 07 1000
4665 20 1b 1000
4665 50 59 1000
4665 08 8e 1000
4667 55 ff 1000
4667 6d 30 1000
4667 3d 03 1000
4668 25 fd 1000
4668 55 23 1000
4668 0d 93 1000
4670 5d ff 1000
4670 75 30 1000
4670 45 14 1000
4671 2d b5 1000
4671 5d 63 1000
4671 15 84 1000
4672 5c ff 1000
4672 74 30 1000
4672 44 11 1000
4673 2c 85 1000
4673 5c 43 1000
4673 14 80 1000
4681 68 80 1000
4681 6d 80 1000
4681 74 a0 1000
4682 75 a0 1000
4690 75 00 1000
4691 74 00 1000
4699 68 00 1000
4701 6d 00 1000
4709 5b ff 1000
4709 73 30 1000
4710 43 07 1000
4710 2b 1b 1000
4710 5b 59 1000
4711 13 8e 1000
4712 56 ff 1000
4712 6e 30 1000
4713 3e 03 1000
4713 26 fd 1000
4713 56 23 1000
4713 0e 93 1000
4721 6e 80 1000
4721 73 80 1000
4729 73 00 1000
4731 51 ff 1000
4731 69 30 1000
4731 39 10 1000
4731 21 7b 1000
4732 51 59 1000
4732 09 8e 1000
4740 69 80 1000
4748 6e 00 1000
4756 69 00 1000
4758 58 ff 1000
4758 70 30 1000
4758 40 03 1000
4758 28 fd 1000
4759 58 23 1000
4759 10 93 1000
4760 5d ff 1000
4761 75 30 1000
4761 45 14 1000
4761 2d b5 1000
4762 5d 9b 1000
4762 15 85 1000
4762 5c ff 1000
4763 74 30 1000
4763 44 11 1000
4763 2c 85 1000
4764 5c 43 1000
4764 14 80 1000
4772 70 80 1000
4773 74 a0 1000
4773 75 a0 1000
4781 75 00 1000
4781 74 00 1000
4789 70 00 1000
4797 54 ff 1000
4798 6c 30 1000
4798 3c 07 1000
4798 24 1b 1000
4798 54 59 1000
4799 0c 8e 1000
4800 5a ff 1000
4800 72 30 1000
4801 42 03 1000
4801 2a fd 1000
4801 5a 23 1000
4802 12 93 1000
4803 5d ff 1000
4803 75 30 1000
4804 45 14 1000
4804 2d b5 1000
4804 5d 7f 1000
4805 15 85 1000
4805 5c ff 1000
4805 74 30 1000
4806 44 10 1000
4806 2c 7b 1000
4806 5c 47 1000
4806 14 81 1000
4814 6c 80 1000
4815 72 80 1000
4815 74 a0 1000
4815 75 a0 1000
4823 75 00 1000
4823 74 00 1000
4831 72 00 1000
4839 53 ff 1000
4839 6b 30 1000
4839 3b 03 1000
4840 23 fd 1000
4840 53 23 1000
4840 0b 93 1000
4842 5d ff 1000
4842 75 30 1000
4842 45 14 1000
4843 2d b5 1000
4843 5d 9b 1000
4843 15 85 1000
4851 6b 80 1000
4851 75 a0 1000
4859 75 00 1000
4867 6b 00 1000
4875 6c 00 1000
4883 52 ff 1000
4883 6a 30 1000
4883 3a 06 1000
4883 22 43 1000
4884 52 59 1000
4884 0a 8e 1000
4885 59 ff 1000
4886 71 30 1000
4886 41 03 1000
4886 29 fd 1000
4887 59 23 1000
4887 11 93 1000
4888 5c ff 1000
4889 74 30 1000
4889 44 14 1000
4889 2c b5 1000
4889 5c 63 1000
4890 14 85 1000
4890 5d ff 1000
4891 75 30 1000
4891 45 11 1000
4891 2d 85 1000
4892 5d 43 1000
4892 15 80 1000
4900 6a 80 1000
4901 71 80 1000
4901 74 a0 1000
4901 75 a0 1000
4909 74 00 1000
4910 75 00 1000
4918 71 00 1000
4926 50 ff 1000
4926 68 30 1000
4927 38 03 1000
4927 20 fd 1000
4927 50 23 1000
4927 08 93 1000
4929 5c ff 1000
4929 74 30 1000
4930 44 14 1000
4930 2c b5 1000
4930 5c 9b 1000
4930 14 85 1000
4938 68 80 1000
4938 74 a0 1000
4946 74 00 1000
4954 68 00 1000
4962 6a 00 1000
4970 55 ff 1000
4970 6d 30 1000
4970 3d 07 1000
4971 25 1b 1000
4971 55 59 1000
4971 0d 8e 1000
4973 5b ff 1000
4973 73 30 1000
4973 43 03 1000
4973 2b fd 1000
4974 5b 23 1000
4974 13 93 1000
4976 5d ff 1000
4976 75 30 1000
4976 45 14 1000
4976 2d b5 1000
4977 5d 7f 1000
4977 15 85 1000
4977 5c ff 1000
4978 74 30 1000
4978 44 10 1000
4978 2c 7b 1000
4979 5c 47 1000
4979 14 81 1000
4987 6d 80 1000
4987 73 80 1000
4987 74 a0 1000
4988 75 a0 1000
4996 75 00 1000
4997 74 00 1000
5005 73 00 1000
5013 56 ff 1000
5013 6e 30 1000
5013 3e 10 1000
5014 26 7b 1000
5014 56 59 1000
5014 0e 8d 1000
5015 6d 00 1000
5017 51 ff 1000
5017 69 30 1000
5017 39 03 1000
5018 21 fd 1000
5018 51 23 1000
5018 09 93 1000
5020 5d ff 1000
5020 75 30 1000
5020 45 11 1000
5021 2d 85 1000
5021 5d 43 1000
5021 15 80 1000
5029 69 80 1000
5029 6e 80 1000
5030 75 a0 1000
5038 75 00 1000
5046 6e 00 1000
5048 69 00 1000
5056 58 ff 1000
5057 70 30 1000
5057 40 05 1000
5057 28 75 1000
5058 58 23 1000
5058 10 93 1000
5059 6f 00 1000
5060 5a ff 1000
5061 72 30 1000
5061 42 10 1000
5061 2a 01 1000
5062 5a 43 1000
5062 12 88 1000
5063 5c ff 1000
5063 74 30 1000
5064 44 14 1000
5064 2c b5 1000
5064 5c 63 1000
5065 14 85 1000
5073 70 80 1000
5074 72 80 1000
5074 74 a0 1000
5082 74 00 1000
5090 70 00 1000
5098 53 ff 1000
5098 6b 30 1000
5099 3b 10 1000
5099 23 7b 1000
5099 53 59 1000
5100 0b 8d 1000
5101 54 ff 1000
5101 6c 30 1000
5102 3c 05 1000
5102 24 75 1000
5102 54 23 1000
5103 0c 93 1000
5104 5d ff 1000
5104 75 30 1000
5105 45 14 1000
5105 2d b5 1000
5105 5d 9b 1000
5105 15 85 1000
5106 5c ff 1000
5106 74 30 1000
5107 44 11 1000
5107 2c 85 1000
5107 5c 43 1000
5108 14 80 1000
5116 6b 80 1000
5116 6c 80 1000
5117 74 a0 1000
5117 75 a0 1000
5125 75 00 1000
5125 74 00 1000
5133 6c 00 1000
5141 6b 00 1000
5142 59 ff 1000
5143 71 30 1000
5143 41 06 1000
5143 29 43 1000
5144 59 59 1000
5144 11 8e 1000
5145 50 ff 1000
5146 68 30 1000
5146 38 05 1000
5146 20 75 1000
5146 50 23 1000
5147 08 93 1000
5148 5d ff 1000
5148 75 30 1000
5149 45 14 1000
5149 2d b5 1000
5149 5d 7f 1000
5150 15 85 1000
5150 5c ff 1000
5150 74 30 1000
5151 44 10 1000
5151 2c 7b 1000
5151 5c 47 1000
5152 14 81 1000
5160 68 80 1000
5161 71 80 1000
5161 74 a0 1000
5161 75 a0 1000
5169 75 00 1000
5169 74 00 1000
5177 71 00 1000
5178 68 00 1000
5186 52 ff 1000
5187 6a 30 1000
5187 3a 07 1000
5187 22 1b 1000
5188 52 59 1000
5188 0a 8e 1000
5189 5b ff 1000
5190 73 30 1000
5190 43 05 1000
5190 2b 75 1000
5190 5b 23 1000
5191 13 93 1000
5192 5d ff 1000
5192 75 30 1000
5193 45 14 1000
5193 2d b5 1000
5193 5d 9b 1000
5194 15 85 1000
5202 6a 80 1000
5203 73 80 1000
5203 75 a0 1000
5211 75 00 1000
5219 73 00 1000
5227 55 ff 1000
5227 6d 30 1000
5227 3d 05 1000
5228 25 75 1000
5228 55 23 1000
5228 0d 93 1000
5230 5c ff 1000
5230 74 30 1000
5230 44 14 1000
5231 2c b5 1000
5231 5c 63 1000
5231 14 85 1000
5232 5d ff 1000
5232 75 30 1000
5233 45 11 1000
5233 2d 85 1000
5233 5d 43 1000
5233 15 80 1000
5241 6d 80 1000
5241 74 a0 1000
5241 75 a0 1000
5249 74 00 1000
5250 75 00 1000
5258 6d 00 1000
5266 6a 00 1000
5274 56 ff 1000
5274 6e 30 1000
5274 3e 10 1000
5275 26 7b 1000
5275 56 59 1000
5275 0e 8e 1000
5277 51 ff 1000
5277 69 30 1000
5277 39 05 1000
5277 21 75 1000
5278 51 23 1000
5278 09 93 1000
5279 5c ff 1000
5280 74 30 1000
5280 44 14 1000
5280 2c b5 1000
5281 5c 9b 1000
5281 14 85 1000
5282 5d ff 1000
5282 75 30 1000
5282 45 11 1000
5282 2d 85 1000
5283 5d 43 1000
5283 15 80 1000
5291 69 80 1000
5291 6e 80 1000
5291 74 a0 1000
5291 75 a0 1000
5299 74 00 1000
5300 75 00 1000
5308 69 00 1000
5316 57 ff 1000
5316 6f 30 1000
5317 3f 05 1000
5317 27 75 1000
5317 57 23 1000
5318 0f 93 1000
5319 5c ff 1000
5319 74 30 1000
5320 44 14 1000
5320 2c b5 1000
5320 5c 7f 1000
5321 14 85 1000
5321 5d ff 1000
5321 75 30 1000
5322 45 10 1000
5322 2d 7b 1000
5322 5d 47 1000
5322 15 81 1000
5330 6f 80 1000
5330 74 a0 1000
5331 75 a0 1000
5339 74 00 1000
5340 75 00 1000
5348 6f 00 1000
5356 58 ff 1000
5357 70 30 1000
5357 40 05 1000
5357 28 75 1000
5358 58 23 1000
5358 10 93 1000
5359 5c ff 1000
5360 74 30 1000
5360 44 14 1000
5360 2c b5 1000
5360 5c 63 1000
5361 14 84 1000
5361 5d ff 1000
5362 75 30 1000
5362 45 11 1000
5362 2d 85 1000
5363 5d 43 1000
5363 15 80 1000
5371 70 80 1000
5372 74 a0 1000
5372 75 a0 1000
5380 74 00 1000
5381 75 00 1000
5389 70 00 1000
5397 6e 00 1000
5405 54 ff 1000
5406 6c 30 1000
5406 3c 13 1000
5406 24 51 1000
5407 54 23 1000
5407 0c 93 1000
5408 72 00 1000
5409 53 ff 1000
5410 6b 30 1000
5410 3b 10 1000
5410 23 fb 1000
5411 53 43 1000
5411 0b 88 1000
5419 6b 80 1000
5419 6c 80 1000
5427 6c 00 1000
5435 59 ff 1000
5436 71 30 1000
5436 41 11 1000
5436 29 85 1000
5437 59 59 1000
5437 11 8e 1000
5438 50 ff 1000
5439 68 30 1000
5439 38 13 1000
5439 20 51 1000
5439 50 23 1000
5440 08 93 1000
5441 5c ff 1000
5441 74 30 1000
5442 44 14 1000
5442 2c b5 1000
5442 5c 9b 1000
5443 14 85 1000
5443 5d ff 1000
5444 75 30 1000
5444 45 11 1000
5444 2d 85 1000
5444 5d 43 1000
5445 15 80 1000
5453 68 80 1000
5454 71 80 1000
5454 74 a0 1000
5454 75 a0 1000
5462 74 00 1000
5462 75 00 1000
5470 68 00 1000
5478 71 00 1000
5486 5b ff 1000
5487 73 30 1000
5487 43 10 1000
5487 2b 01 1000
5488 5b 59 1000
5488 13 8f 1000
5489 55 ff 1000
5489 6d 30 1000
5490 3d 13 1000
5490 25 51 1000
5490 55 23 1000
5491 0d 93 1000
5492 5c ff 1000
5492 74 30 1000
5493 44 14 1000
5493 2c b5 1000
5493 5c 7f 1000
5494 14 85 1000
5494 5d ff 1000
5494 75 30 1000
5495 45 10 1000
5495 2d 7b 1000
5495 5d 47 1000
5496 15 81 1000
5504 6d 80 1000
5505 73 80 1000
5505 74 a0 1000
5505 75 a0 1000
5513 74 00 1000
5513 75 00 1000
5521 73 00 1000
5523 6d 00 1000
5531 52 ff 1000
5531 6a 30 1000
5531 3a 10 1000
5532 22 7b 1000
5532 52 59 1000
5532 0a 8f 1000
5533 51 ff 1000
5534 69 30 1000
5534 39 13 1000
5534 21 51 1000
5535 51 23 1000
5535 09 93 1000
5536 5c ff 1000
5537 74 30 1000
5537 44 14 1000
5537 2c b5 1000
5537 5c 9b 1000
5538 14 85 1000
5546 69 80 1000
5547 6a 80 1000
5547 74 a0 1000
5555 74 00 1000
5563 69 00 1000
5571 57 ff 1000
5571 6f 30 1000
5571 3f 13 1000
5572 27 51 1000
5572 57 23 1000
5572 0f 93 1000
5574 5d ff 1000
5574 75 30 1000
5574 45 14 1000
5575 2d b5 1000
5575 5d 63 1000
5575 15 85 1000
5576 5c ff 1000
5576 74 30 1000
5576 44 11 1000
5577 2c 85 1000
5577 5c 43 1000
5577 14 80 1000
5585 6f 80 1000
5585 74 a0 1000
5585 75 a0 1000
5593 75 00 1000
5594 74 00 1000
5602 6f 00 1000
5610 6a 00 1000
5618 58 ff 1000
5618 70 30 1000
5618 40 11 1000
5619 28 85 1000
5619 58 59 1000
5619 10 8f 1000
5621 56 ff 1000
5621 6e 30 1000
5621 3e 12 1000
5622 26 15 1000
5622 56 23 1000
5622 0e 93 1000
5624 5d ff 1000
5624 75 30 1000
5624 45 14 1000
5624 2d b5 1000
5625 5d 9b 1000
5625 15 85 1000
5633 6e 80 1000
5633 70 80 1000
5633 75 a0 1000
5641 75 00 1000
5649 5c ff 1000
5649 74 30 1000
5649 44 14 1000
5649 2c b5 1000
5650 5c 7f 1000
5650 14 85 1000
5651 5d ff 1000
5651 75 30 1000
5651 45 10 1000
5651 2d 7b 1000
5652 5d 47 1000
5652 15 81 1000
5660 74 a0 1000
5661 75 a0 1000
5669 74 00 1000
5670 75 00 1000
5678 6e 00 1000
5686 5a ff 1000
5687 72 30 1000
5687 42 05 1000
5687 2a 75 1000
5687 5a 23 1000
5688 12 93 1000
5689 5c ff 1000
5689 74 30 1000
5690 44 14 1000
5690 2c b5 1000
5690 5c 63 1000
5691 14 84 1000
5691 5d ff 1000
5692 75 30 1000
5692 45 11 1000
5692 2d 85 1000
5692 5d 43 1000
5693 15 80 1000
5701 72 80 1000
5701 74 a0 1000
5702 75 a0 1000
5710 74 00 1000
5710 75 00 1000
5718 72 00 1000
5726 70 00 1000
5734 54 ff 1000
5735 6c 30 1000
5735 3c 12 1000
5735 24 15 1000
5736 54 59 1000
5736 0c 8f 1000
5737 50 ff 1000
5737 68 30 1000
5738 38 07 1000
5738 20 1b 1000
5738 50 23 1000
5739 08 93 1000
5740 59 ff 1000
5740 71 30 1000
5740 41 07 1000
5741 29 1b 1000
5741 59 43 1000
5741 11 87 1000
5742 6b 00 1000
5750 68 80 1000
5750 6c 80 1000
5751 71 80 1000
5759 68 00 1000
5767 6c 00 1000
5769 71 00 1000
5777 5b ff 1000
5778 73 30 1000
5778 43 07 1000
5778 2b 1b 1000
5779 5b 59 1000
5779 13 90 1000
5780 55 ff 1000
5780 6d 30 1000
5781 3d 07 1000
5781 25 1b 1000
5781 55 23 1000
5782 0d 93 1000
5783 51 ff 1000
5783 69 30 1000
5784 39 07 1000
5784 21 1b 1000
5784 51 43 1000
5784 09 87 1000
5786 5c ff 1000
5786 74 30 1000
5786 44 14 1000
5787 2c b5 1000
5787 5c 63 1000
5787 14 85 1000
5788 5d ff 1000
5788 75 30 1000
5788 45 11 1000
5789 2d 85 1000
5789 5d 43 1000
5789 15 80 1000
5797 69 80 1000
5797 6d 80 1000
5798 73 80 1000
5798 74 a0 1000
5798 75 a0 1000
5806 69 00 1000
5814 74 00 1000
5814 75 00 1000
5822 6d 00 1000
5830 57 ff 1000
5830 6f 30 1000
5830 3f 12 1000
5830 27 15 1000
5831 57 59 1000
5831 0f 8f 1000
5832 73 00 1000
5834 52 ff 1000
5834 6a 30 1000
5834 3a 07 1000
5834 22 1b 1000
5835 52 23 1000
5835 0a 93 1000
5836 56 ff 1000
5837 6e 30 1000
5837 3e 07 1000
5837 26 1b 1000
5837 56 43 1000
5838 0e 87 1000
5839 5c ff 1000
5839 74 30 1000
5840 44 14 1000
5840 2c b5 1000
5840 5c 9b 1000
5840 14 85 1000
5841 5d ff 1000
5841 75 30 1000
5842 45 10 1000
5842 2d 7b 1000
5842 5d 47 1000
5842 15 81 1000
5850 6a 80 1000
5851 6e 80 1000
5851 6f 80 1000
5851 74 a0 1000
5852 75 a0 1000
5860 6e 00 1000
5868 74 00 1000
5868 75 00 1000
5876 6f 00 1000
5877 6a 00 1000
5885 5a ff 1000
5885 72 30 1000
5885 42 11 1000
5885 2a 85 1000
5886 5a 59 1000
5886 12 8f 1000
5887 58 ff 1000
5888 70 30 1000
5888 40 07 1000
5888 28 1b 1000
5888 58 23 1000
5889 10 93 1000
5890 53 ff 1000
5890 6b 30 1000
5891 3b 07 1000
5891 23 1b 1000
5891 53 43 1000
5892 0b 87 1000
5893 5c ff 1000
5893 74 30 1000
5893 44 14 1000
5894 2c b5 1000
5894 5c 7f 1000
5894 14 85 1000
5902 6b 80 1000
5903 70 80 1000
5903 72 80 1000
5903 74 a0 1000
5911 74 00 1000
5919 70 00 1000
5927 50 ff 1000
5927 68 30 1000
5928 38 07 1000
5928 20 1b 1000
5928 50 23 1000
5928 08 93 1000
5930 5d ff 1000
5930 75 30 1000
5930 45 14 1000
5931 2d b5 1000
5931 5d 63 1000
5931 15 85 1000
5932 5c ff 1000
5932 74 30 1000
5933 44 11 1000
5933 2c 85 1000
5933 5c 43 1000
5933 14 80 1000
5941 68 80 1000
5941 74 a0 1000
5941 75 a0 1000
5949 75 00 1000
5950 74 00 1000
5958 68 00 1000
5966 72 00 1000
5974 54 ff 1000
5974 6c 30 1000
5975 3c 07 1000
5975 24 1b 1000
5975 54 59 1000
5975 0c 8f 1000
5977 59 ff 1000
5977 71 30 1000
5977 41 07 1000
5978 29 1b 1000
5978 59 23 1000
5978 11 93 1000
5979 6b 00 1000
5981 51 ff 1000
5981 69 30 1000
5981 39 07 1000
5981 21 1b 1000
5982 51 43 1000
5982 09 87 1000
5983 5d ff 1000
5984 75 30 1000
5984 45 14 1000
5984 2d b5 1000
5984 5d 9b 1000
5985 15 85 1000
5985 5c ff 1000
5986 74 30 1000
5986 44 11 1000
5986 2c 85 1000
5987 5c 43 1000
5987 14 80 1000
5995 69 80 1000
5995 6c 80 1000
5995 71 80 1000
5996 74 a0 1000
5996 75 a0 1000
6004 75 00 1000
6005 74 00 1000
6013 71 00 1000
6021 69 00 1000
6029 55 ff 1000
6029 6d 30 1000
6030 3d 07 1000
6030 25 1b 1000
6030 55 23 1000
6031 0d 93 1000
6032 5b ff 1000
6032 73 30 1000
6033 43 07 1000
6033 2b 1b 1000
6033 5b 43 1000
6033 13 87 1000
6035 5d ff 1000
6035 75 30 1000
6035 45 14 1000
6036 2d b5 1000
6036 5d 7f 1000
6036 15 85 1000
6037 5c ff 1000
6037 74 30 1000
6037 44 10 1000
6038 2c 7b 1000
6038 5c 47 1000
6038 14 81 1000
6046 6d 80 1000
6046 73 80 1000
6047 74 a0 1000
6047 75 a0 1000
6055 73 00 1000
6063 75 00 1000
6064 74 00 1000
6072 6d 00 1000
6080 56 ff 1000
6081 6e 30 1000
6081 3e 07 1000
6081 26 1b 1000
6082 56 23 1000
6082 0e 93 1000
6083 57 ff 1000
6083 6f 30 1000
6084 3f 07 1000
6084 27 1b 1000
6084 57 43 1000
6085 0f 87 1000
6086 5d ff 1000
6086 75 30 1000
6086 45 14 1000
6087 2d b5 1000
6087 5d 9b 1000
6087 15 85 1000
6095 6e 80 1000
6096 6f 80 1000
6096 75 a0 1000
6104 6f 00 1000
6112 75 00 1000
6120 6e 00 1000
6128 6c 00 1000
6136 52 ff 1000
6137 6a 30 1000
6137 3a 10 1000
6137 22 7b 1000
6137 52 59 1000
6138 0a 8f 1000
6139 58 ff 1000
6139 70 30 1000
6140 40 07 1000
6140 28 1b 1000
6140 58 23 1000
6140 10 93 1000
6142 50 ff 1000
6142 68 30 1000
6142 38 07 1000
6143 20 1b 1000
6143 50 43 1000
6143 08 87 1000
6145 5c ff 1000
6145 74 30 1000
6145 44 14 1000
6145 2c b5 1000
6146 5c 63 1000
6146 14 85 1000
6147 5d ff 1000
6147 75 30 1000
6147 45 10 1000
6147 2d 7b 1000
6148 5d 47 1000
6148 15 81 1000
6156 68 80 1000
6156 6a 80 1000
6157 70 80 1000
6157 74 a0 1000
6157 75 a0 1000
6165 74 00 1000
6165 75 00 1000
6173 70 00 1000
6174 68 00 1000
6182 5a ff 1000
6182 72 30 1000
6182 42 05 1000
6183 2a 75 1000
6183 5a 23 1000
6183 12 93 1000
6184 53 ff 1000
6185 6b 30 1000
6185 3b 10 1000
6185 23 fb 1000
6185 53 43 1000
6186 0b 86 1000
6187 5c ff 1000
6187 74 30 1000
6188 44 14 1000
6188 2c b5 1000
6188 5c 63 1000
6189 14 84 1000
6189 5d ff 1000
6190 75 30 1000
6190 45 11 1000
6190 2d 85 1000
6190 5d 43 1000
6191 15 80 1000
6199 6b 80 1000
6200 72 80 1000
6200 74 a0 1000
6200 75 a0 1000
6208 74 00 1000
6208 75 00 1000
6216 5c ff 1000
6216 74 30 1000
6216 44 14 1000
6217 2c b5 1000
6217 5c ef 1000
6217 14 85 1000
6225 74 a0 1000
6233 74 00 1000
6241 72 00 1000
6242 59 ff 1000
6242 71 30 1000
6243 41 03 1000
6243 29 fd 1000
6243 59 23 1000
6243 11 93 1000
6244 6b 00 1000
6246 51 ff 1000
6246 69 30 1000
6246 39 10 1000
6247 21 01 1000
6247 51 43 1000
6247 09 86 1000
6249 5d ff 1000
6249 75 30 1000
6249 45 14 1000
6249 2d b5 1000
6250 5d 63 1000
6250 15 84 1000
6251 5c ff 1000
6251 74 30 1000
6251 44 11 1000
6252 2c 85 1000
6252 5c 43 1000
6252 14 80 1000
6260 69 80 1000
6260 71 80 1000
6260 74 a0 1000
6260 75 a0 1000
6268 75 00 1000
6269 74 00 1000
6277 5d ff 1000
6278 75 30 1000
6278 45 14 1000
6278 2d b5 1000
6279 5d ef 1000
6279 15 85 1000
6287 75 a0 1000
6295 75 00 1000
6303 71 00 1000
6304 69 00 1000
6312 5b ff 1000
6312 73 30 1000
6313 43 13 1000
6313 2b 51 1000
6313 5b 23 1000
6314 13 93 1000
6315 55 ff 1000
6315 6d 30 1000
6316 3d 10 1000
6316 25 fb 1000
6316 55 43 1000
6316 0d 88 1000
6318 5c ff 1000
6318 74 30 1000
6318 44 14 1000
6318 2c b5 1000
6319 5c 63 1000
6319 14 84 1000
6320 5d ff 1000
6320 75 30 1000
6320 45 10 1000
6320 2d 7b 1000
6321 5d 47 1000
6321 15 81 1000
6329 6d 80 1000
6329 73 80 1000
6329 74 a0 1000
6330 75 a0 1000
6338 74 00 1000
6339 75 00 1000
6347 5c ff 1000
6347 74 30 1000
6347 44 14 1000
6347 2c b5 1000
6348 5c ef 1000
6348 14 85 1000
6356 74 a0 1000
6364 74 00 1000
6372 73 00 1000
6374 6d 00 1000
6382 57 ff 1000
6383 6f 30 1000
6383 3f 07 1000
6383 27 1b 1000
6383 57 23 1000
6384 0f 93 1000
6385 56 ff 1000
6385 6e 30 1000
6386 3e 07 1000
6386 26 1b 1000
6386 56 43 1000
6387 0e 87 1000
6388 5d ff 1000
6388 75 30 1000
6388 45 11 1000
6389 2d 85 1000
6389 5d 47 1000
6389 15 82 1000
6390 5c ff 1000
6390 74 30 1000
6391 44 11 1000
6391 2c 85 1000
6391 5c 43 1000
6391 14 80 1000
6399 6e 80 1000
6399 6f 80 1000
6400 74 a0 1000
6400 75 a0 1000
6408 75 00 1000
6409 74 00 1000
6417 6f 00 1000
6418 6e 00 1000
6426 6a 00 1000
6428 54 ff 1000
6428 6c 30 1000
6428 3c 24 1000
6429 24 b5 1000
6429 54 87 1000
6429 0c 92 1000
6437 6c 80 1000
6445 6c 00 1000
6453 58 ff 1000
6453 70 30 1000
6454 40 11 1000
6454 28 85 1000
6454 58 59 1000
6455 10 8d 1000
6456 50 ff 1000
6456 68 30 1000
6457 38 03 1000
6457 20 51 1000
6457 50 23 1000
6458 08 93 1000
6459 5a ff 1000
6459 72 30 1000
6459 42 07 1000
6460 2a 1b 1000
6460 5a 43 1000
6460 12 86 1000
6462 53 ff 1000
6462 6b 30 1000
6462 3b 26 1000
6463 23 43 1000
6463 53 87 1000
6463 0b 92 1000
6464 5d ff 1000
6465 75 30 1000
6465 45 11 1000
6465 2d 85 1000
6466 5d 43 1000
6466 15 80 1000
6474 68 80 1000
6474 6b 80 1000
6475 70 80 1000
6475 72 80 1000
6475 75 a0 1000
6483 72 00 1000
6491 59 ff 1000
6491 71 30 1000
6492 41 24 1000
6492 29 b5 1000
6492 59 b9 1000
6493 11 92 1000
6501 71 80 1000
6503 75 00 1000
6511 70 00 1000
6512 68 00 1000
6520 51 ff 1000
6520 69 30 1000
6520 39 11 1000
6520 21 85 1000
6521 51 59 1000
6521 09 8e 1000
6522 5b ff 1000
6523 73 30 1000
6523 43 07 1000
6523 2b 1b 1000
6524 5b 23 1000
6524 13 93 1000
6525 55 ff 1000
6526 6d 30 1000
6526 3d 10 1000
6526 25 fb 1000
6526 55 43 1000
6527 0d 88 1000
6528 6b 00 1000
6529 57 ff 1000
6529 6f 30 1000
6529 3f 21 1000
6530 27 85 1000
6530 57 87 1000
6530 0f 92 1000
6532 5c ff 1000
6532 74 30 1000
6532 44 10 1000
6532 2c 7b 1000
6533 5c 47 1000
6533 14 81 1000
6541 69 80 1000
6542 6d 80 1000
6542 6f 80 1000
6542 73 80 1000
6543 74 a0 1000
6551 71 00 1000
6559 56 ff 1000
6559 6e 30 1000
6560 3e 26 1000
6560 26 43 1000
6560 56 b9 1000
6561 0e 92 1000
6562 74 00 1000
6570 6e 80 1000
6578 73 00 1000
6586 69 00 1000
6588 52 ff 1000
6588 6a 30 1000
6588 3a 11 1000
6589 22 85 1000
6589 52 59 1000
6589 0a 8e 1000
6591 54 ff 1000
6591 6c 30 1000
6591 3c 07 1000
6591 24 1b 1000
6592 54 23 1000
6592 0c 93 1000
6593 6f 00 1000
6595 5a ff 1000
6595 72 30 1000
6595 42 23 1000
6595 2a 51 1000
6596 5a 87 1000
6596 12 92 1000
6597 5d ff 1000
6597 75 30 1000
6598 45 14 1000
6598 2d b5 1000
6598 5d 7f 1000
6599 15 85 1000
6607 6a 80 1000
6607 6c 80 1000
6607 72 80 1000
6608 75 a0 1000
6616 6e 00 1000
6617 58 ff 1000
6618 70 30 1000
6618 40 21 1000
6618 28 85 1000
6619 58 b9 1000
6619 10 92 1000
6627 70 80 1000
6629 75 00 1000
6637 6a 00 1000
6638 6c 00 1000
6646 72 00 1000
6654 50 ff 1000
6654 68 30 1000
6654 38 11 1000
6655 20 85 1000
6655 50 59 1000
6655 08 8e 1000
6657 53 ff 1000
6657 6b 30 1000
6657 3b 07 1000
6657 23 1b 1000
6658 53 23 1000
6658 0b 93 1000
6660 5c ff 1000
6660 74 30 1000
6660 44 14 1000
6660 2c b5 1000
6661 5c 63 1000
6661 14 85 1000
6662 5d ff 1000
6662 75 30 1000
6662 45 11 1000
6663 2d 85 1000
6663 5d 43 1000
6663 15 80 1000
6671 68 80 1000
6671 6b 80 1000
6671 74 a0 1000
6672 75 a0 1000
6680 70 00 1000
6688 59 ff 1000
6689 71 30 1000
6689 41 23 1000
6689 29 51 1000
6690 59 b9 1000
6690 11 92 1000
6691 74 00 1000
6691 75 00 1000
6699 71 80 1000
6707 6b 00 1000
6715 68 00 1000
6723 5b ff 1000
6723 73 30 1000
6724 43 11 1000
6724 2b 85 1000
6724 5b 59 1000
6724 13 8e 1000
6726 51 ff 1000
6726 69 30 1000
6726 39 07 1000
6727 21 1b 1000
6727 51 23 1000
6727 09 93 1000
6729 57 ff 1000
6729 6f 30 1000
6729 3f 24 1000
6730 27 b5 1000
6730 57 87 1000
6730 0f 92 1000
6731 5c ff 1000
6732 74 30 1000
6732 44 14 1000
6732 2c b5 1000
6732 5c 9b 1000
6733 14 85 1000
6733 5d ff 1000
6734 75 30 1000
6734 45 11 1000
6734 2d 85 1000
6735 5d 43 1000
6735 15 80 1000
6743 69 80 1000
6743 6f 80 1000
6743 73 80 1000
6744 74 a0 1000
6744 75 a0 1000
6752 71 00 1000
6760 74 00 1000
6761 75 00 1000
6769 73 00 1000
6770 69 00 1000
6778 6f 00 1000
6786 56 ff 1000
6786 6e 30 1000
6787 3e 10 1000
6787 26 7b 1000
6787 56 59 1000
6787 0e 8e 1000
6789 52 ff 1000
6789 6a 30 1000
6789 3a 07 1000
6790 22 1b 1000
6790 52 23 1000
6790 0a 93 1000
6792 54 ff 1000
6792 6c 30 1000
6792 3c 17 1000
6793 24 1b 1000
6793 54 87 1000
6793 0c 92 1000
6794 5c ff 1000
6795 74 30 1000
6795 44 14 1000
6795 2c b5 1000
6795 5c 7f 1000
6796 14 85 1000
6796 5d ff 1000
6797 75 30 1000
6797 45 10 1000
6797 2d 7b 1000
6797 5d 47 1000
6798 15 81 1000
6806 6a 80 1000
6806 6c 80 1000
6806 6e 80 1000
6807 74 a0 1000
6807 75 a0 1000
6815 5a ff 1000
6815 72 30 1000
6815 42 24 1000
6815 2a b5 1000
6816 5a b9 1000
6816 12 92 1000
6817 74 00 1000
6817 75 00 1000
6825 72 80 1000
6833 6a 00 1000
6841 6e 00 1000
6842 58 ff 1000
6843 70 30 1000
6843 40 07 1000
6843 28 1b 1000
6843 58 59 1000
6844 10 8e 1000
6845 53 ff 1000
6845 6b 30 1000
6846 3b 07 1000
6846 23 1b 1000
6846 53 23 1000
6847 0b 93 1000
6848 6c 00 1000
6849 50 ff 1000
6849 68 30 1000
6850 38 21 1000
6850 20 85 1000
6850 50 87 1000
6851 08 92 1000
6852 5c ff 1000
6852 74 30 1000
6852 44 14 1000
6853 2c b5 1000
6853 5c 63 1000
6853 14 84 1000
6854 5d ff 1000
6854 75 30 1000
6854 45 11 1000
6855 2d 85 1000
6855 5d 43 1000
6855 15 80 1000
6863 68 80 1000
6863 6b 80 1000
6864 70 80 1000
6864 74 a0 1000
6864 75 a0 1000
6872 72 00 1000
6880 59 ff 1000
6880 71 30 1000
6880 41 17 1000
6881 29 1b 1000
6881 59 b9 1000
6881 11 92 1000
6882 74 00 1000
6883 75 00 1000
6891 71 80 1000
6899 70 00 1000
6900 6b 00 1000
6908 68 00 1000
6916 5b ff 1000
6916 73 30 1000
6917 43 07 1000
6917 2b 1b 1000
6917 5b 59 1000
6918 13 8e 1000
6919 51 ff 1000
6919 69 30 1000
6920 39 07 1000
6920 21 1b 1000
6920 51 23 1000
6920 09 93 1000
6928 69 80 1000
6929 73 80 1000
6937 73 00 1000
6938 57 ff 1000
6938 6f 30 1000
6938 3f 10 1000
6939 27 7b 1000
6939 57 59 1000
6939 0f 8e 1000
6947 6f 80 1000
6949 71 00 1000
6950 52 ff 1000
6951 6a 30 1000
6951 3a 21 1000
6951 22 85 1000
6952 52 b9 1000
6952 0a 92 1000
6960 6a 80 1000
6968 69 00 1000
6976 6f 00 1000
6978 56 ff 1000
6978 6e 30 1000
6978 3e 07 1000
6979 26 1b 1000
6979 56 23 1000
6979 0e 93 1000
6981 54 ff 1000
6981 6c 30 1000
6981 3c 26 1000
6982 24 43 1000
6982 54 87 1000
6982 0c 92 1000
6983 5c ff 1000
6984 74 30 1000
6984 44 14 1000
6984 2c b5 1000
6984 5c 9b 1000
6985 14 85 1000
6985 5d ff 1000
6986 75 30 1000
6986 45 11 1000
6986 2d 85 1000
6987 5d 43 1000
6987 15 80 1000
6995 6c 80 1000
6996 6e 80 1000
6996 74 a0 1000
6996 75 a0 1000
7004 6a 00 1000
7012 74 00 1000
7012 75 00 1000
7020 6e 00 1000
7028 5a ff 1000
7028 72 30 1000
7028 42 11 1000
7028 2a 85 1000
7029 5a 59 1000
7029 12 8e 1000
7030 58 ff 1000
7031 70 30 1000
7031 40 07 1000
7031 28 1b 1000
7032 58 23 1000
7032 10 93 1000
7033 6c 00 1000
7034 53 ff 1000
7035 6b 30 1000
7035 3b 21 1000
7035 23 85 1000
7036 53 87 1000
7036 0b 92 1000
7037 5c ff 1000
7037 74 30 1000
7038 44 14 1000
7038 2c b5 1000
7038 5c 7f 1000
7038 14 85 1000
7039 5d ff 1000
7039 75 30 1000
7040 45 10 1000
7040 2d 7b 1000
7040 5d 47 1000
7040 15 81 1000
7048 6b 80 1000
7048 70 80 1000
7048 72 80 1000
7048 74 a0 1000
7049 75 a0 1000
7057 50 ff 1000
7058 68 30 1000
7058 38 26 1000
7058 20 43 1000
7059 50 b9 1000
7059 08 92 1000
7067 68 80 1000
7069 74 00 1000
7069 75 00 1000
7077 70 00 1000
7085 6b 00 1000
7093 5b ff 1000
7093 73 30 1000
7093 43 07 1000
7094 2b 1b 1000
7094 5b 23 1000
7094 13 93 1000
7096 59 ff 1000
7096 71 30 1000
7096 41 23 1000
7097 29 51 1000
7097 59 87 1000
7097 11 92 1000
7098 5c ff 1000
7099 74 30 1000
7099 44 14 1000
7099 2c b5 1000
7100 5c 9b 1000
7100 14 85 1000
7108 71 80 1000
7108 73 80 1000
7108 74 a0 1000
7116 68 00 1000
7124 51 ff 1000
7125 69 30 1000
7125 39 21 1000
7125 21 85 1000
7125 51 b9 1000
7126 09 92 1000
7127 74 00 1000
7135 69 80 1000
7143 73 00 1000
7151 57 ff 1000
7151 6f 30 1000
7152 3f 07 1000
7152 27 1b 1000
7152 57 23 1000
7153 0f 93 1000
7154 71 00 1000
7155 5d ff 1000
7155 75 30 1000
7156 45 14 1000
7156 2d b5 1000
7156 5d 63 1000
7157 15 85 1000
7157 5c ff 1000
7158 74 30 1000
7158 44 11 1000
7158 2c 85 1000
7158 5c 43 1000
7159 14 80 1000
7167 6f 80 1000
7167 74 a0 1000
7168 75 a0 1000
7176 69 00 1000
7178 52 ff 1000
7178 6a 30 1000
7178 3a 23 1000
7178 22 51 1000
7179 52 b9 1000
7179 0a 92 1000
7187 6a 80 1000
7189 75 00 1000
7190 74 00 1000
7198 6f 00 1000
7206 56 ff 1000
7206 6e 30 1000
7207 3e 07 1000
7207 26 1b 1000
7207 56 23 1000
7208 0e 93 1000
7209 54 ff 1000
7209 6c 30 1000
7210 3c 24 1000
7210 24 b5 1000
7210 54 87 1000
7210 0c 92 1000
7212 5d ff 1000
7212 75 30 1000
7212 45 14 1000
7212 2d b5 1000
7213 5d 9b 1000
7213 15 85 1000
7221 6c 80 1000
7221 6e 80 1000
7221 75 a0 1000
7229 6a 00 1000
7237 75 00 1000
7245 6e 00 1000
7253 58 ff 1000
7254 70 30 1000
7254 40 07 1000
7254 28 1b 1000
7254 58 23 1000
7255 10 93 1000
7256 6c 00 1000
7257 53 ff 1000
7258 6b 30 1000
7258 3b 17 1000
7258 23 1b 1000
7258 53 87 1000
7259 0b 92 1000
7260 5c ff 1000
7260 74 30 1000
7260 44 14 1000
7261 2c b5 1000
7261 5c 7f 1000
7261 14 85 1000
7262 5d ff 1000
7262 75 30 1000
7262 45 10 1000
7263 2d 7b 1000
7263 5d 47 1000
7263 15 81 1000
7271 6b 80 1000
7271 70 80 1000
7272 74 a0 1000
7272 75 a0 1000
7280 50 ff 1000
7280 68 30 1000
7280 38 24 1000
7281 20 b5 1000
7281 50 b9 1000
7281 08 92 1000
7282 74 00 1000
7283 75 00 1000
7291 68 80 1000
7299 70 00 1000
7307 6b 00 1000
7315 5b ff 1000
7316 73 30 1000
7316 43 07 1000
7316 2b 1b 1000
7316 5b 23 1000
7317 13 93 1000
7318 59 ff 1000
7319 71 30 1000
7319 41 21 1000
7319 29 85 1000
7319 59 87 1000
7320 11 92 1000
7321 5c ff 1000
7321 74 30 1000
7321 44 14 1000
7322 2c b5 1000
7322 5c 63 1000
7322 14 84 1000
7323 5d ff 1000
7323 75 30 1000
7324 45 11 1000
7324 2d 85 1000
7324 5d 43 1000
7324 15 80 1000
7332 71 80 1000
7333 73 80 1000
7333 74 a0 1000
7333 75 a0 1000
7341 68 00 1000
7342 51 ff 1000
7342 69 30 1000
7343 39 17 1000
7343 21 1b 1000
7343 51 b9 1000
7343 09 92 1000
7351 69 80 1000
7354 74 00 1000
7354 75 00 1000
7362 73 00 1000
7370 72 00 1000
7378 71 00 1000
7379 57 ff 1000
7379 6f 30 1000
7380 3f 24 1000
7380 27 b5 1000
7380 57 87 1000
7381 0f 92 1000
7389 6f 80 1000
7397 69 00 1000
7405 52 ff 1000
7405 6a 30 1000
7406 3a 21 1000
7406 22 85 1000
7406 52 b9 1000
7406 0a 92 1000
7414 6a 80 1000
7422 56 ff 1000
7423 6e 30 1000
7423 3e 07 1000
7423 26 1b 1000
7424 56 59 1000
7424 0e 8d 1000
7425 54 ff 1000
7426 6c 30 1000
7426 3c 03 1000
7426 24 fd 1000
7427 54 23 1000
7427 0c 93 1000
7428 58 ff 1000
7428 70 30 1000
7429 40 10 1000
7429 28 01 1000
7429 58 43 1000
7430 10 86 1000
7431 6d 00 1000
7432 6f 00 1000
7433 53 ff 1000
7433 6b 30 1000
7434 3b 26 1000
7434 23 43 1000
7434 53 87 1000
7435 0b 92 1000
7436 5c ff 1000
7436 74 30 1000
7436 44 14 1000
7437 2c b5 1000
7437 5c 63 1000
7437 14 85 1000
7438 5d ff 1000
7438 75 30 1000
7438 45 11 1000
7439 2d 85 1000
7439 5d 43 1000
7439 15 80 1000
7447 6b 80 1000
7447 6c 80 1000
7447 6e 80 1000
7447 70 80 1000
7448 74 a0 1000
7448 75 a0 1000
7456 70 00 1000
7464 6a 00 1000
7465 50 ff 1000
7465 68 30 1000
7466 38 24 1000
7466 20 b5 1000
7466 50 b9 1000
7467 08 92 1000
7475 68 80 1000
7478 74 00 1000
7478 75 00 1000
7486 6e 00 1000
7487 6c 00 1000
7495 6b 00 1000
7503 5b ff 1000
7503 73 30 1000
7503 43 07 1000
7503 2b 1b 1000
7504 5b 59 1000
7504 13 8e 1000
7505 5a ff 1000
7506 72 30 1000
7506 42 03 1000
7506 2a fd 1000
7507 5a 23 1000
7507 12 93 1000
7508 59 ff 1000
7508 71 30 1000
7509 41 10 1000
7509 29 fb 1000
7509 59 43 1000
7510 11 87 1000
7511 51 ff 1000
7511 69 30 1000
7512 39 22 1000
7512 21 15 1000
7512 51 87 1000
7512 09 92 1000
7514 5c ff 1000
7514 74 30 1000
7514 44 14 1000
7514 2c b5 1000
7515 5c 9b 1000
7515 14 85 1000
7516 5d ff 1000
7516 75 30 1000
7516 45 10 1000
7516 2d 7b 1000
7517 5d 47 1000
7517 15 81 1000
7525 69 80 1000
7526 71 80 1000
7526 72 80 1000
7526 73 80 1000
7527 74 a0 1000
7527 75 a0 1000
7535 68 00 1000
7543 55 ff 1000
7543 6d 30 1000
7544 3d 26 1000
7544 25 43 1000
7544 55 b9 1000
7545 0d 92 1000
7546 74 00 1000
7546 75 00 1000
7554 6d 80 1000
7562 72 00 1000
7570 73 00 1000
7571 57 ff 1000
7571 6f 30 1000
7572 3f 07 1000
7572 27 1b 1000
7572 57 59 1000
7572 0f 8e 1000
7574 58 ff 1000
7574 70 30 1000
7574 40 03 1000
7575 28 fd 1000
7575 58 23 1000
7575 10 93 1000
7576 69 00 1000
7578 52 ff 1000
7578 6a 30 1000
7578 3a 23 1000
7579 22 51 1000
7579 52 87 1000
7579 0a 92 1000
7580 5c ff 1000
7581 74 30 1000
7581 44 14 1000
7581 2c b5 1000
7581 5c 7f 1000
7582 14 85 1000
7590 6a 80 1000
7590 6f 80 1000
7590 70 80 1000
7591 74 a0 1000
7599 6d 00 1000
7600 56 ff 1000
7601 6e 30 1000
7601 3e 22 1000
7601 26 15 1000
7602 56 b9 1000
7602 0e 92 1000
7610 6e 80 1000
7612 74 00 1000
7620 6f 00 1000
7622 70 00 1000
7630 6a 00 1000
7638 54 ff 1000
7638 6c 30 1000
7638 3c 07 1000
7639 24 1b 1000
7639 54 59 1000
7639 0c 8e 1000
7641 53 ff 1000
7641 6b 30 1000
7641 3b 03 1000
7641 23 fd 1000
7642 53 23 1000
7642 0b 93 1000
7644 5d ff 1000
7644 75 30 1000
7644 45 14 1000
7644 2d b5 1000
7645 5d 63 1000
7645 15 85 1000
7646 5c ff 1000
7646 74 30 1000
7646 44 11 1000
7647 2c 85 1000
7647 5c 43 1000
7647 14 80 1000
7655 6b 80 1000
7655 6c 80 1000
7655 74 a0 1000
7656 75 a0 1000
7664 6e 00 1000
7672 50 ff 1000
7673 68 30 1000
7673 38 23 1000
7673 20 51 1000
7674 50 b9 1000
7674 08 92 1000
7675 75 00 1000
7675 74 00 1000
7683 68 80 1000
7691 6b 00 1000
7699 6c 00 1000
7707 5a ff 1000
7707 72 30 1000
7708 42 07 1000
7708 2a 1b 1000
7708 5a 59 1000
7708 12 8e 1000
7710 5b ff 1000
7710 73 30 1000
7710 43 03 1000
7711 2b fd 1000
7711 5b 23 1000
7711 13 93 1000
7713 51 ff 1000
7713 69 30 1000
7713 39 24 1000
7714 21 b5 1000
7714 51 87 1000
7714 09 92 1000
7715 5d ff 1000
7716 75 30 1000
7716 45 14 1000
7716 2d b5 1000
7717 5d 9b 1000
7717 15 85 1000
7717 5c ff 1000
7718 74 30 1000
7718 44 11 1000
7718 2c 85 1000
7719 5c 43 1000
7719 14 80 1000
7727 69 80 1000
7727 72 80 1000
7728 73 80 1000
7728 74 a0 1000
7728 75 a0 1000
7736 68 00 1000
7744 75 00 1000
7745 74 00 1000
7753 72 00 1000
7754 73 00 1000
7762 69 00 1000
7770 55 ff 1000
7770 6d 30 1000
7771 3d 10 1000
7771 25 7b 1000
7771 55 59 1000
7771 0d 8e 1000
7773 57 ff 1000
7773 6f 30 1000
7773 3f 03 1000
7774 27 fd 1000
7774 57 23 1000
7774 0f 93 1000
7776 58 ff 1000
7776 70 30 1000
7776 40 17 1000
7777 28 1b 1000
7777 58 87 1000
7777 10 92 1000
7778 5d ff 1000
7779 75 30 1000
7779 45 14 1000
7779 2d b5 1000
7780 5d 7f 1000
7780 15 85 1000
7780 5c ff 1000
7781 74 30 1000
7781 44 10 1000
7781 2c 7b 1000
7781 5c 47 1000
7782 14 81 1000
7790 6d 80 1000
7790 6f 80 1000
7791 70 80 1000
7791 74 a0 1000
7791 75 a0 1000
7799 52 ff 1000
7799 6a 30 1000
7800 3a 24 1000
7800 22 b5 1000
7800 52 b9 1000
7800 0a 92 1000
7808 6a 80 1000
7811 75 00 1000
7811 74 00 1000
7819 6f 00 1000
7827 6d 00 1000
7828 56 ff 1000
7829 6e 30 1000
7829 3e 11 1000
7829 26 85 1000
7829 56 59 1000
7830 0e 8e 1000
7831 53 ff 1000
7832 6b 30 1000
7832 3b 03 1000
7832 23 fd 1000
7832 53 23 1000
7833 0b 93 1000
7834 70 00 1000
7835 54 ff 1000
7836 6c 30 1000
7836 3c 22 1000
7836 24 15 1000
7836 54 87 1000
7837 0c 92 1000
7838 5d ff 1000
7838 75 30 1000
7838 45 14 1000
7839 2d b5 1000
7839 5d 63 1000
7839 15 84 1000
7840 5c ff 1000
7840 74 30 1000
7841 44 11 1000
7841 2c 85 1000
7841 5c 43 1000
7841 14 80 1000
7849 6b 80 1000
7849 6c 80 1000
7850 6e 80 1000
7850 74 a0 1000
7850 75 a0 1000
7858 6a 00 1000
7866 50 ff 1000
7866 68 30 1000
7866 38 17 1000
7867 20 1b 1000
7867 50 b9 1000
7867 08 92 1000
7868 75 00 1000
7869 74 00 1000
7877 68 80 1000
7885 6e 00 1000
7886 6b 00 1000
7894 5a ff 1000
7895 72 30 1000
7895 42 11 1000
7895 2a 85 1000
7896 5a 59 1000
7896 12 8e 1000
7897 5b ff 1000
7898 73 30 1000
7898 43 03 1000
7898 2b fd 1000
7898 5b 23 1000
7899 13 93 1000
7900 6c 00 1000
7908 72 80 1000
7908 73 80 1000
7916 72 00 1000
7917 51 ff 1000
7917 69 30 1000
7917 39 12 1000
7918 21 15 1000
7918 51 59 1000
7918 09 8e 1000
7926 69 80 1000
7928 68 00 1000
7929 57 ff 1000
7929 6f 30 1000
7930 3f 22 1000
7930 27 15 1000
7930 57 b9 1000
7931 0f 92 1000
7939 6f 80 1000
7947 73 00 1000
7955 69 00 1000
7963 55 ff 1000
7963 6d 30 1000
7963 3d 03 1000
7964 25 fd 1000
7964 55 23 1000
7964 0d 93 1000
7966 58 ff 1000
7966 70 30 1000
7966 40 26 1000
7967 28 43 1000
7967 58 87 1000
7967 10 92 1000
7968 5d ff 1000
7968 75 30 1000
7969 45 14 1000
7969 2d b5 1000
7969 5d 9b 1000
7970 15 85 1000
7970 5c ff 1000
7971 74 30 1000
7971 44 11 1000
7971 2c 85 1000
7971 5c 43 1000
7972 14 80 1000
7980 6d 80 1000
7981 70 80 1000
7981 74 a0 1000
7981 75 a0 1000
7989 6f 00 1000
7997 75 00 1000
7997 74 00 1000
8005 6d 00 1000
8013 52 ff 1000
8013 6a 30 1000
8013 3a 11 1000
8014 22 85 1000
8014 52 59 1000
8014 0a 8e 1000
8016 56 ff 1000
8016 6e 30 1000
8016 3e 03 1000
8016 26 fd 1000
8017 56 23 1000
8017 0e 93 1000
8018 70 00 1000
8020 53 ff 1000
8020 6b 30 1000
8020 3b 22 1000
8020 23 15 1000
8021 53 87 1000
8021 0b 92 1000
8022 5d ff 1000
8022 75 30 1000
8023 45 14 1000
8023 2d b5 1000
8023 5d 7f 1000
8024 15 85 1000
8024 5c ff 1000
8024 74 30 1000
8025 44 10 1000
8025 2c 7b 1000
8025 5c 47 1000
8026 14 81 1000
8034 6a 80 1000
8034 6b 80 1000
8034 6e 80 1000
8035 74 a0 1000
8035 75 a0 1000
8043 54 ff 1000
8044 6c 30 1000
8044 3c 26 1000
8044 24 43 1000
8044 54 b9 1000
8045 0c 92 1000
8053 6c 80 1000
8055 75 00 1000
8055 74 00 1000
8063 6e 00 1000
8071 6b 00 1000
8079 5a ff 1000
8079 72 30 1000
8079 42 03 1000
8080 2a fd 1000
8080 5a 23 1000
8080 12 93 1000
8082 50 ff 1000
8082 68 30 1000
8082 38 23 1000
8083 20 51 1000
8083 50 87 1000
8083 08 92 1000
8084 5d ff 1000
8085 75 30 1000
8085 45 14 1000
8085 2d b5 1000
8086 5d 9b 1000
8086 15 85 1000
8094 68 80 1000
8094 72 80 1000
8094 75 a0 1000
8102 6c 00 1000
8110 5b ff 1000
8111 73 30 1000
8111 43 22 1000
8111 2b 15 1000
8111 5b b9 1000
8112 13 92 1000
8113 75 00 1000
8121 73 80 1000
8129 72 00 1000
8137 6a 00 1000
8145 51 ff 1000
8145 69 30 1000
8145 39 10 1000
8146 21 7b 1000
8146 51 59 1000
8146 09 8e 1000
8148 57 ff 1000
8148 6f 30 1000
8148 3f 03 1000
8149 27 fd 1000
8149 57 23 1000
8149 0f 93 1000
8150 68 00 1000
8152 5c ff 1000
8152 74 30 1000
8152 44 14 1000
8152 2c b5 1000
8153 5c 63 1000
8153 14 85 1000
8154 5d ff 1000
8154 75 30 1000
8154 45 11 1000
8155 2d 85 1000
8155 5d 43 1000
8155 15 80 1000
8163 69 80 1000
8163 6f 80 1000
8163 74 a0 1000
8164 75 a0 1000
8172 73 00 1000
8180 55 ff 1000
8180 6d 30 1000
8180 3d 23 1000
8180 25 51 1000
8181 55 b9 1000
8181 0d 92 1000
8182 74 00 1000
8183 75 00 1000
8191 6d 80 1000
8199 6f 00 1000
8207 58 ff 1000
8207 70 30 1000
8208 40 03 1000
8208 28 fd 1000
8208 58 23 1000
8209 10 93 1000
8210 56 ff 1000
8210 6e 30 1000
8211 3e 24 1000
8211 26 b5 1000
8211 56 87 1000
8212 0e 92 1000
8213 5c ff 1000
8213 74 30 1000
8213 44 14 1000
8214 2c b5 1000
8214 5c 9b 1000
8214 14 85 1000
8222 6e 80 1000
8222 70 80 1000
8223 74 a0 1000
8231 6d 00 1000
8239 74 00 1000
8247 70 00 1000
8255 69 00 1000
8263 53 ff 1000
8263 6b 30 1000
8264 3b 11 1000
8264 23 85 1000
8264 53 59 1000
8265 0b 8e 1000
8266 54 ff 1000
8266 6c 30 1000
8267 3c 03 1000
8267 24 fd 1000
8267 54 23 1000
8267 0c 93 1000
8269 6e 00 1000
8270 5a ff 1000
8270 72 30 1000
8271 42 17 1000
8271 2a 1b 1000
8271 5a 87 1000
8271 12 92 1000
8273 5d ff 1000
8273 75 30 1000
8273 45 14 1000
8273 2d b5 1000
8274 5d 7f 1000
8274 15 85 1000
8275 5c ff 1000
8275 74 30 1000
8275 44 10 1000
8275 2c 7b 1000
8276 5c 47 1000
8276 14 81 1000
8284 6b 80 1000
8284 6c 80 1000
8285 72 80 1000
8285 74 a0 1000
8285 75 a0 1000
8293 52 ff 1000
8293 6a 30 1000
8293 3a 24 1000
8294 22 b5 1000
8294 52 b9 1000
8294 0a 92 1000
8295 75 00 1000
8296 74 00 1000
8304 6a 80 1000
8312 6c 00 1000
8320 6b 00 1000
8321 50 ff 1000
8322 68 30 1000
8322 38 07 1000
8322 20 1b 1000
8322 50 59 1000
8323 08 8e 1000
8324 5b ff 1000
8324 73 30 1000
8325 43 03 1000
8325 2b fd 1000
8325 5b 23 1000
8326 13 93 1000
8327 72 00 1000
8328 57 ff 1000
8329 6f 30 1000
8329 3f 22 1000
8329 27 15 1000
8329 57 87 1000
8330 0f 92 1000
8331 5d ff 1000
8331 75 30 1000
8332 45 14 1000
8332 2d b5 1000
8332 5d 63 1000
8332 15 84 1000
8333 5c ff 1000
8333 74 30 1000
8334 44 11 1000
8334 2c 85 1000
8334 5c 43 1000
8335 14 80 1000
8343 68 80 1000
8344 6f 80 1000
8344 73 80 1000
8344 74 a0 1000
8344 75 a0 1000
8352 6a 00 1000
8353 55 ff 1000
8353 6d 30 1000
8354 3d 17 1000
8354 25 1b 1000
8354 55 b9 1000
8354 0d 92 1000
8362 6d 80 1000
8365 75 00 1000
8365 74 00 1000
8373 68 00 1000
8374 73 00 1000
8382 6f 00 1000
8390 58 ff 1000
8390 70 30 1000
8390 40 05 1000
8390 28 75 1000
8391 58 23 1000
8391 10 93 1000
8392 71 00 1000
8394 51 ff 1000
8394 69 30 1000
8394 39 10 1000
8394 21 01 1000
8395 51 43 1000
8395 09 88 1000
8396 56 ff 1000
8397 6e 30 1000
8397 3e 16 1000
8397 26 43 1000
8397 56 87 1000
8398 0e 92 1000
8399 54 ff 1000
8399 6c 30 1000
8399 3c 20 1000
8400 24 7b 1000
8400 54 87 1000
8400 0c 92 1000
8401 53 ff 1000
8402 6b 30 1000
8402 3b 23 1000
8402 23 51 1000
8403 53 87 1000
8403 0b 92 1000
8411 69 80 1000
8412 6b 80 1000
8412 6c 80 1000
8412 6e 80 1000
8412 70 80 1000
8420 6d 00 1000
8428 5a ff 1000
8428 72 30 1000
8429 42 22 1000
8429 2a 15 1000
8429 5a b9 1000
8429 12 92 1000
8437 72 80 1000
8445 70 00 1000
8453 52 ff 1000
8454 6a 30 1000
8454 3a 10 1000
8454 22 7b 1000
8455 52 59 1000
8455 0a 8d 1000
8456 50 ff 1000
8457 68 30 1000
8457 38 05 1000
8457 20 75 1000
8458 50 23 1000
8458 08 93 1000
8459 5d ff 1000
8460 75 30 1000
8460 45 14 1000
8460 2d b5 1000
8461 5d 9b 1000
8461 15 85 1000
8461 5c ff 1000
8462 74 30 1000
8462 44 11 1000
8462 2c 85 1000
8463 5c 43 1000
8463 14 80 1000
8471 68 80 1000
8472 6a 80 1000
8472 74 a0 1000
8472 75 a0 1000
8480 72 00 1000
8481 5b ff 1000
8482 73 30 1000
8482 43 16 1000
8482 2b 43 1000
8483 5b b9 1000
8483 13 92 1000
8484 57 ff 1000
8484 6f 30 1000
8485 3f 20 1000
8485 27 7b 1000
8485 57 b9 1000
8485 0f 92 1000
8487 59 ff 1000
8487 71 30 1000
8487 41 23 1000
8487 29 51 1000
8488 59 b9 1000
8488 11 92 1000
8496 6f 80 1000
8496 71 80 1000
8496 73 80 1000
8498 75 00 1000
8499 74 00 1000
8507 68 00 1000
8515 6a 00 1000
8523 55 ff 1000
8523 6d 30 1000
8523 3d 06 1000
8523 25 43 1000
8524 55 59 1000
8524 0d 8e 1000
8525 58 ff 1000
8526 70 30 1000
8526 40 05 1000
8526 28 75 1000
8527 58 23 1000
8527 10 93 1000
8528 5d ff 1000
8529 75 30 1000
8529 45 14 1000
8529 2d b5 1000
8530 5d 7f 1000
8530 15 85 1000
8530 5c ff 1000
8531 74 30 1000
8531 44 10 1000
8531 2c 7b 1000
8532 5c 47 1000
8532 14 81 1000
8540 6d 80 1000
8540 70 80 1000
8540 74 a0 1000
8540 75 a0 1000
8548 75 00 1000
8548 74 00 1000
8556 6d 00 1000
8558 70 00 1000
8566 5a ff 1000
8566 72 30 1000
8566 42 07 1000
8567 2a 1b 1000
8567 5a 59 1000
8567 12 8e 1000
8569 50 ff 1000
8569 68 30 1000
8569 38 05 1000
8569 20 75 1000
8570 50 23 1000
8570 08 93 1000
8572 5d ff 1000
8572 75 30 1000
8572 45 14 1000
8572 2d b5 1000
8573 5d 9b 1000
8573 15 85 1000
8581 68 80 1000
8581 72 80 1000
8581 75 a0 1000
8589 75 00 1000
8597 68 00 1000
8605 52 ff 1000
8605 6a 30 1000
8606 3a 05 1000
8606 22 75 1000
8606 52 23 1000
8606 0a 93 1000
8608 5c ff 1000
8608 74 30 1000
8609 44 14 1000
8609 2c b5 1000
8609 5c 63 1000
8609 14 85 1000
8610 5d ff 1000
8610 75 30 1000
8611 45 11 1000
8611 2d 85 1000
8611 5d 43 1000
8612 15 80 1000
8620 6a 80 1000
8620 74 a0 1000
8620 75 a0 1000
8628 74 00 1000
8629 75 00 1000
8637 6a 00 1000
8645 72 00 1000
8646 55 ff 1000
8646 6d 30 1000
8647 3d 10 1000
8647 25 7b 1000
8647 55 59 1000
8648 0d 8e 1000
8649 58 ff 1000
8649 70 30 1000
8650 40 05 1000
8650 28 75 1000
8650 58 23 1000
8651 10 93 1000
8652 5c ff 1000
8652 74 30 1000
8653 44 14 1000
8653 2c b5 1000
8653 5c 9b 1000
8654 14 85 1000
8654 5d ff 1000
8654 75 30 1000
8655 45 11 1000
8655 2d 85 1000
8655 5d 43 1000
8656 15 80 1000
8664 6d 80 1000
8664 70 80 1000
8665 74 a0 1000
8665 75 a0 1000
8673 74 00 1000
8674 75 00 1000
8682 70 00 1000
8690 50 ff 1000
8691 68 30 1000
8691 38 05 1000
8691 20 75 1000
8692 50 23 1000
8692 08 93 1000
8693 5c ff 1000
8694 74 30 1000
8694 44 14 1000
8694 2c b5 1000
8695 5c 7f 1000
8695 14 85 1000
8695 5d ff 1000
8696 75 30 1000
8696 45 10 1000
8696 2d 7b 1000
8697 5d 47 1000
8697 15 81 1000
8705 68 80 1000
8706 74 a0 1000
8706 75 a0 1000
8714 74 00 1000
8715 75 00 1000
8723 68 00 1000
8731 52 ff 1000
8732 6a 30 1000
8732 3a 05 1000
8732 22 75 1000
8733 52 23 1000
8733 0a 93 1000
8734 5c ff 1000
8735 74 30 1000
8735 44 14 1000
8735 2c b5 1000
8736 5c 63 1000
8736 14 84 1000
8737 5d ff 1000
8737 75 30 1000
8737 45 11 1000
8737 2d 85 1000
8738 5d 43 1000
8738 15 80 1000
8746 6a 80 1000
8747 74 a0 1000
8747 75 a0 1000
8755 74 00 1000
8755 75 00 1000
8763 6a 00 1000
8771 6d 00 1000
8779 5a ff 1000
8779 72 30 1000
8779 42 13 1000
8780 2a 51 1000
8780 5a 23 1000
8780 12 93 1000
8781 69 00 1000
8782 58 ff 1000
8783 70 30 1000
8783 40 10 1000
8783 28 fb 1000
8784 58 43 1000
8784 10 88 1000
8785 6e 00 1000
8786 6b 00 1000
8787 6c 00 1000
8788 50 ff 1000
8788 68 30 1000
8789 38 16 1000
8789 20 43 1000
8789 50 87 1000
8790 08 92 1000
8791 52 ff 1000
8791 6a 30 1000
8791 3a 21 1000
8792 22 85 1000
8792 52 87 1000
8792 0a 92 1000
8793 55 ff 1000
8793 6d 30 1000
8794 3d 23 1000
8794 25 fd 1000
8794 55 87 1000
8795 0d 92 1000
8803 68 80 1000
8804 6a 80 1000
8804 6d 80 1000
8804 70 80 1000
8805 72 80 1000
8813 72 00 1000
8821 51 ff 1000
8822 69 30 1000
8822 39 11 1000
8822 21 85 1000
8823 51 59 1000
8823 09 8e 1000
8824 56 ff 1000
8825 6e 30 1000
8825 3e 13 1000
8825 26 51 1000
8825 56 23 1000
8826 0e 93 1000
8827 5c ff 1000
8828 74 30 1000
8828 44 14 1000
8828 2c b5 1000
8828 5c 9b 1000
8829 14 85 1000
8829 5d ff 1000
8830 75 30 1000
8830 45 11 1000
8830 2d 85 1000
8831 5d 43 1000
8831 15 80 1000
8839 69 80 1000
8840 6e 80 1000
8840 74 a0 1000
8840 75 a0 1000
8848 68 00 1000
8849 71 00 1000
8850 6f 00 1000
8851 53 ff 1000
8851 6b 30 1000
8852 3b 16 1000
8852 23 43 1000
8852 53 b9 1000
8853 0b 92 1000
8854 54 ff 1000
8854 6c 30 1000
8854 3c 21 1000
8855 24 85 1000
8855 54 b9 1000
8855 0c 92 1000
8856 5a ff 1000
8857 72 30 1000
8857 42 23 1000
8857 2a fd 1000
8857 5a b9 1000
8858 12 92 1000
8859 74 00 1000
8859 75 00 1000
8867 6b 80 1000
8868 6c 80 1000
8868 72 80 1000
8876 6e 00 1000
8884 69 00 1000
8886 50 ff 1000
8886 68 30 1000
8886 38 10 1000
8887 20 01 1000
8887 50 59 1000
8887 08 8f 1000
8888 59 ff 1000
8889 71 30 1000
8889 41 13 1000
8889 29 51 1000
8890 59 23 1000
8890 11 93 1000
8891 5c ff 1000
8892 74 30 1000
8892 44 14 1000
8892 2c b5 1000
8893 5c 7f 1000
8893 14 85 1000
8893 5d ff 1000
8894 75 30 1000
8894 45 10 1000
8894 2d 7b 1000
8895 5d 47 1000
8895 15 81 1000
8903 68 80 1000
8903 71 80 1000
8903 74 a0 1000
8904 75 a0 1000
8912 74 00 1000
8913 75 00 1000
8921 68 00 1000
8922 71 00 1000
8930 57 ff 1000
8930 6f 30 1000
8930 3f 10 1000
8931 27 7b 1000
8931 57 59 1000
8931 0f 8f 1000
8933 56 ff 1000
8933 6e 30 1000
8933 3e 13 1000
8933 26 51 1000
8934 56 23 1000
8934 0e 93 1000
8935 5c ff 1000
8936 74 30 1000
8936 44 14 1000
8936 2c b5 1000
8937 5c 9b 1000
8937 14 85 1000
8945 6e 80 1000
8945 6f 80 1000
8945 74 a0 1000
8953 74 00 1000
8961 6e 00 1000
8969 51 ff 1000
8969 69 30 1000
8970 39 13 1000
8970 21 51 1000
8970 51 23 1000
8971 09 93 1000
8972 5d ff 1000
8972 75 30 1000
8973 45 14 1000
8973 2d b5 1000
8973 5d 63 1000
8974 15 85 1000
8974 5c ff 1000
8975 74 30 1000
8975 44 11 1000
8975 2c 85 1000
8975 5c 43 1000
8976 14 80 1000
8984 69 80 1000
8984 74 a0 1000
8985 75 a0 1000
8993 75 00 1000
8994 74 00 1000
9002 69 00 1000
9010 6f 00 1000
9018 50 ff 1000
9018 68 30 1000
9019 38 11 1000
9019 20 85 1000
9019 50 59 1000
9020 08 8f 1000
9021 59 ff 1000
9021 71 30 1000
9022 41 12 1000
9022 29 15 1000
9022 59 23 1000
9022 11 93 1000
9024 5d ff 1000
9024 75 30 1000
9025 45 14 1000
9025 2d b5 1000
9025 5d 9b 1000
9025 15 85 1000
9033 68 80 1000
9033 71 80 1000
9034 75 a0 1000
9042 75 00 1000
9050 5c ff 1000
9050 74 30 1000
9050 44 14 1000
9051 2c b5 1000
9051 5c 7f 1000
9051 14 85 1000
9052 5d ff 1000
9052 75 30 1000
9052 45 10 1000
9053 2d 7b 1000
9053 5d 47 1000
9053 15 81 1000
9061 74 a0 1000
9062 75 a0 1000
9070 74 00 1000
9070 75 00 1000
9078 68 00 1000
9086 56 ff 1000
9087 6e 30 1000
9087 3e 12 1000
9087 26 15 1000
9088 56 59 1000
9088 0e 8f 1000
9089 71 00 1000
9090 51 ff 1000
9091 69 30 1000
9091 39 05 1000
9091 21 75 1000
9092 51 23 1000
9092 09 93 1000
9093 5c ff 1000
9094 74 30 1000
9094 44 14 1000
9094 2c b5 1000
9094 5c 63 1000
9095 14 84 1000
9095 5d ff 1000
9096 75 30 1000
9096 45 11 1000
9096 2d 85 1000
9097 5d 43 1000
9097 15 80 1000
9105 69 80 1000
9106 6e 80 1000
9106 74 a0 1000
9106 75 a0 1000
9114 74 00 1000
9114 75 00 1000
9122 6e 00 1000
9123 69 00 1000
9131 57 ff 1000
9132 6f 30 1000
9132 3f 10 1000
9132 27 7b 1000
9133 57 59 1000
9133 0f 90 1000
9134 50 ff 1000
9134 68 30 1000
9135 38 07 1000
9135 20 1b 1000
9135 50 23 1000
9136 08 93 1000
9137 59 ff 1000
9137 71 30 1000
9138 41 07 1000
9138 29 1b 1000
9138 59 43 1000
9138 11 87 1000
9140 70 00 1000
9141 6b 00 1000
9142 6d 00 1000
9143 6a 00 1000
9144 56 ff 1000
9144 6e 30 1000
9144 3e 27 1000
9145 26 1b 1000
9145 56 73 1000
9145 0e 92 1000
9153 68 80 1000
9154 6e 80 1000
9154 6f 80 1000
9154 71 80 1000
9162 68 00 1000
9170 6f 00 1000
9171 51 ff 1000
9171 69 30 1000
9171 39 07 1000
9172 21 1b 1000
9172 51 59 1000
9172 09 90 1000
9174 58 ff 1000
9174 70 30 1000
9174 40 07 1000
9174 28 1b 1000
9175 58 23 1000
9175 10 93 1000
9176 71 00 1000
9178 53 ff 1000
9178 6b 30 1000
9178 3b 07 1000
9178 23 1b 1000
9179 53 43 1000
9179 0b 87 1000
9180 6e 00 1000
9181 55 ff 1000
9182 6d 30 1000
9182 3d 26 1000
9182 25 43 1000
9183 55 73 1000
9183 0d 92 1000
9184 5c ff 1000
9184 74 30 1000
9185 44 14 1000
9185 2c b5 1000
9185 5c 63 1000
9185 14 85 1000
9186 5d ff 1000
9186 75 30 1000
9187 45 11 1000
9187 2d 85 1000
9187 5d 43 1000
9188 15 80 1000
9196 69 80 1000
9196 6b 80 1000
9196 6d 80 1000
9196 70 80 1000
9197 74 a0 1000
9197 75 a0 1000
9205 6b 00 1000
9213 73 00 1000
9214 72 00 1000
9215 6c 00 1000
9217 52 ff 1000
9217 6a 30 1000
9217 3a 27 1000
9217 22 1b 1000
9218 52 a5 1000
9218 0a 92 1000
9219 74 00 1000
9219 75 00 1000
9227 6a 80 1000
9235 70 00 1000
9243 69 00 1000
9244 6d 00 1000
9252 50 ff 1000
9252 68 30 1000
9252 38 12 1000
9253 20 15 1000
9253 50 59 1000
9253 08 8f 1000
9254 57 ff 1000
9255 6f 30 1000
9255 3f 07 1000
9255 27 1b 1000
9256 57 23 1000
9256 0f 93 1000
9257 59 ff 1000
9258 71 30 1000
9258 41 07 1000
9258 29 1b 1000
9258 59 43 1000
9259 11 87 1000
9260 56 ff 1000
9260 6e 30 1000
9261 3e 24 1000
9261 26 b5 1000
9261 56 73 1000
9261 0e 92 1000
9263 5c ff 1000
9263 74 30 1000
9263 44 14 1000
9263 2c b5 1000
9264 5c 9b 1000
9264 14 85 1000
9265 5d ff 1000
9265 75 30 1000
9265 45 10 1000
9265 2d 7b 1000
9266 5d 47 1000
9266 15 81 1000
9274 68 80 1000
9275 6e 80 1000
9275 6f 80 1000
9275 71 80 1000
9276 74 a0 1000
9276 75 a0 1000
9284 71 00 1000
9292 6a 00 1000
9293 53 ff 1000
9294 6b 30 1000
9294 3b 26 1000
9294 23 43 1000
9295 53 a5 1000
9295 0b 92 1000
9303 6b 80 1000
9305 74 00 1000
9306 75 00 1000
9314 68 00 1000
9316 6f 00 1000
9324 5b ff 1000
9324 73 30 1000
9324 43 11 1000
9325 2b 85 1000
9325 5b 59 1000
9325 13 8f 1000
9327 5a ff 1000
9327 72 30 1000
9327 42 07 1000
9328 2a 1b 1000
9328 5a 23 1000
9328 12 93 1000
9329 54 ff 1000
9330 6c 30 1000
9330 3c 07 1000
9330 24 1b 1000
9331 54 43 1000
9331 0c 87 1000
9332 6e 00 1000
9333 58 ff 1000
9334 70 30 1000
9334 40 23 1000
9334 28 51 1000
9334 58 73 1000
9335 10 92 1000
9336 5c ff 1000
9336 74 30 1000
9336 44 14 1000
9337 2c b5 1000
9337 5c 7f 1000
9337 14 85 1000
9345 6c 80 1000
9345 70 80 1000
9345 72 80 1000
9346 73 80 1000
9346 74 a0 1000
9354 6b 00 1000
9362 51 ff 1000
9363 69 30 1000
9363 39 24 1000
9363 21 b5 1000
9364 51 a5 1000
9364 09 92 1000
9365 74 00 1000
9373 69 80 1000
9381 72 00 1000
9389 55 ff 1000
9390 6d 30 1000
9390 3d 07 1000
9390 25 1b 1000
9390 55 23 1000
9391 0d 93 1000
9392 5d ff 1000
9393 75 30 1000
9393 45 14 1000
9393 2d b5 1000
9393 5d 63 1000
9394 15 85 1000
9394 5c ff 1000
9395 74 30 1000
9395 44 11 1000
9395 2c 85 1000
9395 5c 43 1000
9396 14 80 1000
9404 6d 80 1000
9404 74 a0 1000
9405 75 a0 1000
9413 69 00 1000
9415 59 ff 1000
9415 71 30 1000
9415 41 23 1000
9416 29 51 1000
9416 59 a5 1000
9416 11 92 1000
9424 71 80 1000
9426 75 00 1000
9427 74 00 1000
9435 6d 00 1000
9443 73 00 1000
9444 70 00 1000
9452 6c 00 1000
9460 52 ff 1000
9460 6a 30 1000
9461 3a 07 1000
9461 22 1b 1000
9461 52 59 1000
9462 0a 8f 1000
9463 50 ff 1000
9463 68 30 1000
9464 38 07 1000
9464 20 1b 1000
9464 50 23 1000
9464 08 93 1000
9466 57 ff 1000
9466 6f 30 1000
9466 3f 07 1000
9467 27 1b 1000
9467 57 43 1000
9467 0f 87 1000
9468 56 ff 1000
9469 6e 30 1000
9469 3e 20 1000
9469 26 7b 1000
9470 56 73 1000
9470 0e 92 1000
9471 5d ff 1000
9471 75 30 1000
9472 45 14 1000
9472 2d b5 1000
9472 5d 9b 1000
9473 15 85 1000
9473 5c ff 1000
9473 74 30 1000
9474 44 11 1000
9474 2c 85 1000
9474 5c 43 1000
9475 14 80 1000
9483 68 80 1000
9483 6a 80 1000
9484 6e 80 1000
9484 6f 80 1000
9484 74 a0 1000
9484 75 a0 1000
9492 75 00 1000
9493 74 00 1000
9501 68 00 1000
9509 53 ff 1000
9509 6b 30 1000
9509 3b 07 1000
9509 23 1b 1000
9510 53 23 1000
9510 0b 93 1000
9511 6f 00 1000
9512 5a ff 1000
9513 72 30 1000
9513 42 07 1000
9513 2a 1b 1000
9514 5a 43 1000
9514 12 87 1000
9515 5d ff 1000
9515 75 30 1000
9516 45 14 1000
9516 2d b5 1000
9516 5d 7f 1000
9517 15 85 1000
9517 5c ff 1000
9517 74 30 1000
9518 44 10 1000
9518 2c 7b 1000
9518 5c 47 1000
9519 14 81 1000
9527 6b 80 1000
9528 72 80 1000
9528 74 a0 1000
9528 75 a0 1000
9536 72 00 1000
9537 71 00 1000
9545 51 ff 1000
9545 69 30 1000
9546 39 20 1000
9546 21 7b 1000
9546 51 a5 1000
9546 09 92 1000
9554 69 80 1000
9557 75 00 1000
9557 74 00 1000
9565 6b 00 1000
9573 55 ff 1000
9573 6d 30 1000
9573 3d 07 1000
9573 25 1b 1000
9574 55 23 1000
9574 0d 93 1000
9575 5b ff 1000
9576 73 30 1000
9576 43 07 1000
9576 2b 1b 1000
9576 5b 43 1000
9577 13 87 1000
9578 5d ff 1000
9578 75 30 1000
9579 45 14 1000
9579 2d b5 1000
9579 5d 9b 1000
9579 15 85 1000
9587 6d 80 1000
9588 73 80 1000
9588 75 a0 1000
9596 73 00 1000
9604 75 00 1000
9612 6d 00 1000
9620 6a 00 1000
9622 69 00 1000
9630 58 ff 1000
9630 70 30 1000
9630 40 10 1000
9630 28 7b 1000
9631 58 59 1000
9631 10 8f 1000
9632 54 ff 1000
9633 6c 30 1000
9633 3c 07 1000
9633 24 1b 1000
9634 54 23 1000
9634 0c 93 1000
9635 50 ff 1000
9635 68 30 1000
9636 38 07 1000
9636 20 1b 1000
9636 50 43 1000
9637 08 87 1000
9638 57 ff 1000
9638 6f 30 1000
9638 3f 21 1000
9639 27 85 1000
9639 57 73 1000
9639 0f 92 1000
9640 5c ff 1000
9641 74 30 1000
9641 44 14 1000
9641 2c b5 1000
9642 5c 63 1000
9642 14 85 1000
9642 5d ff 1000
9643 75 30 1000
9643 45 10 1000
9643 2d 7b 1000
9644 5d 47 1000
9644 15 81 1000
9652 68 80 1000
9653 6c 80 1000
9653 6f 80 1000
9653 70 80 1000
9654 74 a0 1000
9654 75 a0 1000
9662 74 00 1000
9662 75 00 1000
9670 6c 00 1000
9671 68 00 1000
9679 5a ff 1000
9679 72 30 1000
9679 42 05 1000
9680 2a 75 1000
9680 5a 23 1000
9680 12 93 1000
9681 59 ff 1000
9682 71 30 1000
9682 41 10 1000
9682 29 fb 1000
9683 59 43 1000
9683 11 86 1000
9684 5c ff 1000
9685 74 30 1000
9685 44 14 1000
9685 2c b5 1000
9685 5c 63 1000
9686 14 84 1000
9686 5d ff 1000
9687 75 30 1000
9687 45 11 1000
9687 2d 85 1000
9688 5d 43 1000
9688 15 80 1000
9696 71 80 1000
9696 72 80 1000
9696 74 a0 1000
9697 75 a0 1000
9705 6e 00 1000
9713 53 ff 1000
9714 6b 30 1000
9714 3b 21 1000
9714 23 85 1000
9715 53 a5 1000
9715 0b 92 1000
9723 6b 80 1000
9725 74 00 1000
9726 75 00 1000
9734 5c ff 1000
9735 74 30 1000
9735 44 14 1000
9735 2c b5 1000
9735 5c ef 1000
9736 14 85 1000
9744 74 a0 1000
9752 74 00 1000
9760 72 00 1000
9761 5b ff 1000
9762 73 30 1000
9762 43 03 1000
9762 2b fd 1000
9763 5b 23 1000
9763 13 93 1000
9764 71 00 1000
9765 55 ff 1000
9766 6d 30 1000
9766 3d 10 1000
9766 25 01 1000
9766 55 43 1000
9767 0d 86 1000
9768 5d ff 1000
9768 75 30 1000
9769 45 11 1000
9769 2d 85 1000
9769 5d 2b 1000
9770 15 83 1000
9770 5c ff 1000
9770 74 30 1000
9771 44 14 1000
9771 2c b5 1000
9771 5c 63 1000
9771 14 84 1000
9779 6d 80 1000
9779 73 80 1000
9780 74 a0 1000
9780 75 a0 1000
9788 75 00 1000
9789 74 00 1000
9797 5d ff 1000
9798 75 30 1000
9798 45 10 1000
9798 2d 7b 1000
9799 5d 2b 1000
9799 15 83 1000
9799 5c ff 1000
9800 74 30 1000
9800 44 14 1000
9800 2c b5 1000
9801 5c ef 1000
9801 14 85 1000
9809 74 a0 1000
9809 75 a0 1000
9817 75 00 1000
9818 74 00 1000
9826 70 00 1000
9834 52 ff 1000
9834 6a 30 1000
9835 3a 11 1000
9835 22 85 1000
9835 52 59 1000
9836 0a 8d 1000
9837 73 00 1000
9838 51 ff 1000
9839 69 30 1000
9839 39 13 1000
9839 21 51 1000
9839 51 23 1000
9840 09 93 1000
9841 6d 00 1000
9842 54 ff 1000
9842 6c 30 1000
9843 3c 10 1000
9843 24 fb 1000
9843 54 43 1000
9844 0c 88 1000
9845 5d ff 1000
9845 75 30 1000
9845 45 04 1000
9846 2d b5 1000
9846 5d 2b 1000
9846 15 83 1000
9854 69 80 1000
9854 6a 80 1000
9855 6c 80 1000
9855 75 a0 1000
9863 75 00 1000
9871 6a 00 1000
9879 50 ff 1000
9879 68 30 1000
9880 38 10 1000
9880 20 7b 1000
9880 50 59 1000
9881 08 8e 1000
9882 5c ff 1000
9883 74 30 1000
9883 44 11 1000
9883 2c 85 1000
9884 5c 43 1000
9884 14 80 1000
9892 68 80 1000
9893 74 a0 1000
9901 74 00 1000
9909 68 00 1000
9910 56 ff 1000
9911 6e 30 1000
9911 3e 11 1000
9911 26 85 1000
9911 56 59 1000
9912 0e 8e 1000
9913 5d ff 1000
9914 75 30 1000
9914 45 02 1000
9914 2d af 1000
9915 5d 2b 1000
9915 15 83 1000
9923 6e 80 1000
9924 75 a0 1000
9932 75 00 1000
9940 6e 00 1000
9948 69 00 1000
9949 6c 00 1000
9957 5a ff 1000
9958 72 30 1000
9958 42 12 1000
9958 2a 15 1000
9959 5a 59 1000
9959 12 8e 1000
9960 59 ff 1000
9961 71 30 1000
9961 41 12 1000
9961 29 15 1000
9961 59 23 1000
9962 11 93 1000
9963 58 ff 1000
9963 70 30 1000
9964 40 10 1000
9964 28 01 1000
9964 58 43 1000
9965 10 88 1000
9965 6b 00 1000
9967 5c ff 1000
9967 74 30 1000
9967 44 11 1000
9968 2c 85 1000
9968 5c 47 1000
9968 14 82 1000
9969 5d ff 1000
9969 75 30 1000
9969 45 11 1000
9970 2d 85 1000
9970 5d 43 1000
9970 15 80 1000
9978 70 80 1000
9978 71 80 1000
9978 72 80 1000
9978 74 a0 1000
9979 75 a0 1000
9987 74 00 1000
9987 75 00 1000
9995 71 00 1000
10003 5b ff 1000
10003 73 30 1000
10003 43 12 1000
10004 2b 15 1000
10004 5b 23 1000
10004 13 93 1000
10012 73 80 1000
10020 6f 00 1000
10028 73 00 1000
10036 55 ff 1000
10036 6d 30 1000
10037 3d 12 1000
10037 25 15 1000
10037 55 23 1000
10038 0d 93 1000
10039 5c ff 1000
10039 74 30 1000
10040 44 10 1000
10040 2c 7b 1000
10040 5c 47 1000
10040 14 81 1000
10048 6d 80 1000
10048 74 a0 1000
10056 74 00 1000
10064 6d 00 1000
10072 52 ff 1000
10072 6a 30 1000
10073 3a 12 1000
10073 22 15 1000
10073 52 23 1000
10074 0a 93 1000
10082 6a 80 1000
10090 6a 00 1000
10098 50 ff 1000
10099 68 30 1000
10099 38 12 1000
10099 20 15 1000
10100 50 23 1000
10100 08 93 1000
10101 5d ff 1000
10102 75 30 1000
10102 45 14 1000
10102 2d b5 1000
10102 5d 63 1000
10103 15 85 1000
10103 5c ff 1000
10104 74 30 1000
10104 44 11 1000
10104 2c 85 1000
10105 5c 43 1000
10105 14 80 1000
10113 68 80 1000
10113 74 a0 1000
10114 75 a0 1000
10122 75 00 1000
10123 74 00 1000
10131 68 00 1000
10139 72 00 1000
10147 56 ff 1000
10147 6e 30 1000
10148 3e 12 1000
10148 26 15 1000
10148 56 59 1000
10148 0e 8d 1000
10150 51 ff 1000
10150 69 30 1000
10151 39 12 1000
10151 21 15 1000
10151 51 23 1000
10151 09 93 1000
10153 5d ff 1000
10153 75 30 1000
10153 45 14 1000
10154 2d b5 1000
10154 5d 9b 1000
10154 15 85 1000
10162 69 80 1000
10162 6e 80 1000
10163 75 a0 1000
10171 75 00 1000
10179 6e 00 1000
10180 69 00 1000
10188 54 ff 1000
10189 6c 30 1000
10189 3c 10 1000
10189 24 7b 1000
10189 54 59 1000
10190 0c 8e 1000
10191 53 ff 1000
10191 6b 30 1000
10192 3b 12 1000
10192 23 15 1000
10192 53 23 1000
10193 0b 93 1000
10194 5c ff 1000
10194 74 30 1000
10195 44 14 1000
10195 2c b5 1000
10195 5c 7f 1000
10195 14 85 1000
10196 5d ff 1000
10196 75 30 1000
10197 45 10 1000
10197 2d 7b 1000
10197 5d 47 1000
10197 15 81 1000
10205 6b 80 1000
10206 6c 80 1000
10206 74 a0 1000
10206 75 a0 1000
10214 74 00 1000
10214 75 00 1000
10222 6b 00 1000
10230 6c 00 1000
10238 59 ff 1000
10239 71 30 1000
10239 41 11 1000
10239 29 85 1000
10239 59 59 1000
10240 11 8e 1000
10241 57 ff 1000
10241 6f 30 1000
10242 3f 10 1000
10242 27 fb 1000
10242 57 23 1000
10243 0f 93 1000
10244 5c ff 1000
10244 74 30 1000
10245 44 14 1000
10245 2c b5 1000
10245 5c 9b 1000
10245 14 85 1000
10246 5d ff 1000
10246 75 30 1000
10247 45 11 1000
10247 2d 85 1000
10247 5d 43 1000
10248 15 80 1000
10256 6f 80 1000
10257 71 80 1000
10257 74 a0 1000
10257 75 a0 1000
10265 74 00 1000
10265 75 00 1000
10273 71 00 1000
10274 6f 00 1000
10282 5b ff 1000
10282 73 30 1000
10282 43 12 1000
10282 2b 15 1000
10283 5b 59 1000
10283 13 8e 1000
10284 55 ff 1000
10285 6d 30 1000
10285 3d 10 1000
10285 25 01 1000
10286 55 23 1000
10286 0d 93 1000
10287 52 ff 1000
10287 6a 30 1000
10288 3a 10 1000
10288 22 01 1000
10288 52 43 1000
10289 0a 87 1000
10290 70 00 1000
10291 5c ff 1000
10291 74 30 1000
10292 44 14 1000
10292 2c b5 1000
10292 5c 63 1000
10293 14 85 1000
10301 6a 80 1000
10302 6d 80 1000
10302 73 80 1000
10302 74 a0 1000
10310 74 00 1000
10318 6d 00 1000
10326 50 ff 1000
10326 68 30 1000
10327 38 10 1000
10327 20 01 1000
10327 50 23 1000
10327 08 93 1000
10329 5d ff 1000
10329 75 30 1000
10329 45 14 1000
10330 2d b5 1000
10330 5d 9b 1000
10330 15 85 1000
10331 5c ff 1000
10331 74 30 1000
10332 44 11 1000
10332 2c 85 1000
10332 5c 43 1000
10332 14 80 1000
10340 68 80 1000
10340 74 a0 1000
10340 75 a0 1000
10348 75 00 1000
10349 74 00 1000
10357 68 00 1000
10365 5a ff 1000
10365 72 30 1000
10366 42 10 1000
10366 2a 01 1000
10366 5a 23 1000
10366 12 93 1000
10368 5d ff 1000
10368 75 30 1000
10368 45 10 1000
10369 2d 7b 1000
10369 5d 47 1000
10369 15 81 1000
10370 5c ff 1000
10370 74 30 1000
10370 44 14 1000
10371 2c b5 1000
10371 5c 7f 1000
10371 14 85 1000
10379 72 80 1000
10379 74 a0 1000
10380 75 a0 1000
10388 75 00 1000
10389 74 00 1000
10397 72 00 1000
10405 56 ff 1000
10406 6e 30 1000
10406 3e 10 1000
10406 26 01 1000
10406 56 23 1000
10407 0e 93 1000
10408 5d ff 1000
10408 75 30 1000
10409 45 14 1000
10409 2d b5 1000
10409 5d 9b 1000
10410 15 85 1000
10418 6e 80 1000
10418 75 a0 1000
10426 75 00 1000
10434 6e 00 1000
10442 51 ff 1000
10443 69 30 1000
10443 39 10 1000
10443 21 01 1000
10443 51 23 1000
10444 09 93 1000
10445 5c ff 1000
10445 74 30 1000
10446 44 14 1000
10446 2c b5 1000
10446 5c 63 1000
10447 14 85 1000
10447 5d ff 1000
10448 75 30 1000
10448 45 11 1000
10448 2d 85 1000
10448 5d 43 1000
10449 15 80 1000
10457 69 80 1000
10457 74 a0 1000
10458 75 a0 1000
10466 74 00 1000
10467 75 00 1000
10475 69 00 1000
10483 53 ff 1000
10484 6b 30 1000
10484 3b 10 1000
10484 23 01 1000
10485 53 23 1000
10485 0b 93 1000
10486 5c ff 1000
10487 74 30 1000
10487 44 14 1000
10487 2c b5 1000
10488 5c 9b 1000
10488 14 85 1000
10496 6b 80 1000
10497 74 a0 1000
10505 74 00 1000
10513 6b 00 1000
10521 54 ff 1000
10522 6c 30 1000
10522 3c 10 1000
10522 24 01 1000
10523 54 23 1000
10523 0c 93 1000
10524 5d ff 1000
10525 75 30 1000
10525 45 10 1000
10525 2d 7b 1000
10526 5d 47 1000
10526 15 81 1000
10526 5c ff 1000
10527 74 30 1000
10527 44 14 1000
10527 2c b5 1000
10527 5c 7f 1000
10528 14 85 1000
10536 6c 80 1000
10537 74 a0 1000
10537 75 a0 1000
10545 75 00 1000
10545 74 00 1000
10553 6c 00 1000
10561 59 ff 1000
10561 71 30 1000
10561 41 10 1000
10562 29 01 1000
10562 59 23 1000
10562 11 93 1000
10564 5d ff 1000
10564 75 30 1000
10564 45 14 1000
10564 2d b5 1000
10565 5d 9b 1000
10565 15 85 1000
10573 71 80 1000
10573 75 a0 1000
10581 75 00 1000
10589 71 00 1000
10597 73 00 1000
10598 57 ff 1000
10598 6f 30 1000
10598 3f 11 1000
10599 27 85 1000
10599 57 59 1000
10599 0f 8e 1000
10601 58 ff 1000
10601 70 30 1000
10601 40 07 1000
10602 28 1b 1000
10602 58 23 1000
10602 10 93 1000
10603 6a 00 1000
10604 55 ff 1000
10605 6d 30 1000
10605 3d 07 1000
10605 25 1b 1000
10606 55 43 1000
10606 0d 87 1000
10607 5c ff 1000
10607 74 30 1000
10608 44 14 1000
10608 2c b5 1000
10608 5c 63 1000
10609 14 85 1000
10609 5d ff 1000
10609 75 30 1000
10610 45 11 1000
10610 2d 85 1000
10610 5d 43 1000
10611 15 80 1000
10619 6d 80 1000
10619 6f 80 1000
10619 70 80 1000
10620 74 a0 1000
10620 75 a0 1000
10628 74 00 1000
10628 75 00 1000
10636 70 00 1000
10644 6d 00 1000
10652 50 ff 1000
10652 68 30 1000
10653 38 07 1000
10653 20 1b 1000
10653 50 23 1000
10653 08 93 1000
10655 5a ff 1000
10655 72 30 1000
10655 42 07 1000
10656 2a 1b 1000
10656 5a 43 1000
10656 12 87 1000
10657 5c ff 1000
10658 74 30 1000
10658 44 14 1000
10658 2c b5 1000
10659 5c 9b 1000
10659 14 85 1000
10667 68 80 1000
10667 72 80 1000
10667 74 a0 1000
10675 72 00 1000
10683 74 00 1000
10691 68 00 1000
10699 6f 00 1000
10700 56 ff 1000
10700 6e 30 1000
10701 3e 07 1000
10701 26 1b 1000
10701 56 59 1000
10701 0e 8e 1000
10703 51 ff 1000
10703 69 30 1000
10703 39 07 1000
10704 21 1b 1000
10704 51 23 1000
10704 09 93 1000
10706 53 ff 1000
10706 6b 30 1000
10706 3b 07 1000
10706 23 1b 1000
10707 53 43 1000
10707 0b 87 1000
10708 5d ff 1000
10709 75 30 1000
10709 45 14 1000
10709 2d b5 1000
10709 5d 7f 1000
10710 15 85 1000
10710 5c ff 1000
10711 74 30 1000
10711 44 10 1000
10711 2c 7b 1000
10711 5c 47 1000
10712 14 81 1000
10720 69 80 1000
10720 6b 80 1000
10720 6e 80 1000
10721 74 a0 1000
10721 75 a0 1000
10729 6b 00 1000
10737 75 00 1000
10738 74 00 1000
10746 69 00 1000
10754 6e 00 1000
10762 54 ff 1000
10762 6c 30 1000
10762 3c 07 1000
10763 24 1b 1000
10763 54 59 1000
10763 0c 8e 1000
10765 59 ff 1000
10765 71 30 1000
10765 41 07 1000
10766 29 1b 1000
10766 59 23 1000
10766 11 93 1000
10767 5b ff 1000
10768 73 30 1000
10768 43 10 1000
10768 2b fb 1000
10769 5b 43 1000
10769 13 86 1000
10770 5d ff 1000
10771 75 30 1000
10771 45 14 1000
10771 2d b5 1000
10771 5d 9b 1000
10772 15 85 1000
10780 6c 80 1000
10780 71 80 1000
10780 73 80 1000
10781 75 a0 1000
10789 75 00 1000
10797 71 00 1000
10805 52 ff 1000
10806 6a 30 1000
10806 3a 07 1000
10806 22 1b 1000
10807 52 23 1000
10807 0a 93 1000
10808 5c ff 1000
10809 74 30 1000
10809 44 14 1000
10809 2c b5 1000
10809 5c 63 1000
10810 14 85 1000
10810 5d ff 1000
10811 75 30 1000
10811 45 11 1000
10811 2d 85 1000
10812 5d 43 1000
10812 15 80 1000
10820 6a 80 1000
10820 74 a0 1000
10821 75 a0 1000
10829 74 00 1000
10829 75 00 1000
10837 6a 00 1000
10845 6c 00 1000
10847 73 00 1000
10855 58 ff 1000
10855 70 30 1000
10856 40 11 1000
10856 28 85 1000
10856 58 59 1000
10856 10 8d 1000
10858 55 ff 1000
10858 6d 30 1000
10859 3d 07 1000
10859 25 1b 1000
10859 55 23 1000
10859 0d 93 1000
10861 5a ff 1000
10861 72 30 1000
10861 42 07 1000
10862 2a 1b 1000
10862 5a 43 1000
10862 12 87 1000
10863 5c ff 1000
10864 74 30 1000
10864 44 14 1000
10864 2c b5 1000
10865 5c 9b 1000
10865 14 85 1000
10873 6d 80 1000
10873 70 80 1000
10874 72 80 1000
10874 74 a0 1000
10882 74 00 1000
10890 6d 00 1000
10891 72 00 1000
10899 50 ff 1000
10899 68 30 1000
10899 38 07 1000
10899 20 1b 1000
10900 50 23 1000
10900 08 93 1000
10901 57 ff 1000
10902 6f 30 1000
10902 3f 07 1000
10902 27 1b 1000
10903 57 43 1000
10903 0f 87 1000
10904 5d ff 1000
10904 75 30 1000
10905 45 14 1000
10905 2d b5 1000
10905 5d 7f 1000
10906 15 85 1000
10906 5c ff 1000
10906 74 30 1000
10907 44 10 1000
10907 2c 7b 1000
10907 5c 47 1000
10908 14 81 1000
10916 68 80 1000
10917 6f 80 1000
10917 74 a0 1000
10917 75 a0 1000
10925 6f 00 1000
10933 75 00 1000
10933 74 00 1000
10941 68 00 1000
10949 70 00 1000
10957 53 ff 1000
10957 6b 30 1000
10957 3b 07 1000
10957 23 1b 1000
10958 53 59 1000
10958 0b 8e 1000
10959 51 ff 1000
10960 69 30 1000
10960 39 07 1000
10960 21 1b 1000
10961 51 23 1000
10961 09 93 1000
10962 56 ff 1000
10963 6e 30 1000
10963 3e 07 1000
10963 26 1b 1000
10963 56 43 1000
10964 0e 87 1000
10965 5d ff 1000
10965 75 30 1000
10966 45 14 1000
10966 2d b5 1000
10966 5d 9b 1000
10966 15 85 1000
10967 5c ff 1000
10967 74 30 1000
10968 44 11 1000
10968 2c 85 1000
10968 5c 43 1000
10969 14 80 1000
10977 69 80 1000
10978 6b 80 1000
10978 6e 80 1000
10978 74 a0 1000
10979 75 a0 1000
10987 6e 00 1000
10995 75 00 1000
10995 74 00 1000
11003 69 00 1000
11011 59 ff 1000
11011 71 30 1000
11011 41 07 1000
11012 29 1b 1000
11012 59 23 1000
11012 11 93 1000
11014 52 ff 1000
11014 6a 30 1000
11014 3a 07 1000
11014 22 1b 1000
11015 52 43 1000
11015 0a 87 1000
11016 5d ff 1000
11017 75 30 1000
11017 45 14 1000
11017 2d b5 1000
11017 5d 63 1000
11018 15 85 1000
11026 6a 80 1000
11026 71 80 1000
11026 75 a0 1000
11034 75 00 1000
11042 71 00 1000
11050 6b 00 1000
11058 54 ff 1000
11058 6c 30 1000
11058 3c 10 1000
11059 24 7b 1000
11059 54 59 1000
11059 0c 8e 1000
11061 5b ff 1000
11061 73 30 1000
11061 43 07 1000
11062 2b 1b 1000
11062 5b 23 1000
11062 13 93 1000
11063 6a 00 1000
11064 55 ff 1000
11065 6d 30 1000
11065 3d 07 1000
11065 25 1b 1000
11066 55 43 1000
11066 0d 87 1000
11067 5c ff 1000
11067 74 30 1000
11068 44 14 1000
11068 2c b5 1000
11068 5c 9b 1000
11069 14 85 1000
11069 5d ff 1000
11070 75 30 1000
11070 45 11 1000
11070 2d 85 1000
11070 5d 43 1000
11071 15 80 1000
11079 6c 80 1000
11079 6d 80 1000
11079 73 80 1000
11080 74 a0 1000
11080 75 a0 1000
11088 6d 00 1000
11096 74 00 1000
11097 75 00 1000
11105 73 00 1000
11113 5a ff 1000
11113 72 30 1000
11114 42 07 1000
11114 2a 1b 1000
11114 5a 23 1000
11114 12 93 1000
11116 57 ff 1000
11116 6f 30 1000
11116 3f 07 1000
11117 27 1b 1000
11117 57 43 1000
11117 0f 87 1000
11119 5c ff 1000
11119 74 30 1000
11119 44 10 1000
11119 2c 7b 1000
11120 5c 47 1000
11120 14 81 1000
11121 5d ff 1000
11121 75 30 1000
11121 45 14 1000
11121 2d b5 1000
11122 5d 7f 1000
11122 15 85 1000
11130 6f 80 1000
11130 72 80 1000
11130 74 a0 1000
11131 75 a0 1000
11139 6f 00 1000
11147 74 00 1000
11148 75 00 1000
11156 72 00 1000
11164 6c 00 1000
11172 50 ff 1000
11172 68 30 1000
11173 38 11 1000
11173 20 85 1000
11173 50 59 1000
11173 08 8e 1000
11175 58 ff 1000
11175 70 30 1000
11175 40 07 1000
11176 28 1b 1000
11176 58 23 1000
11176 10 93 1000
11178 56 ff 1000
11178 6e 30 1000
11178 3e 10 1000
11178 26 fb 1000
11179 56 43 1000
11179 0e 86 1000
11180 5c ff 1000
11181 74 30 1000
11181 44 14 1000
11181 2c b5 1000
11182 5c 9b 1000
11182 14 85 1000
11190 68 80 1000
11190 6e 80 1000
11191 70 80 1000
11191 74 a0 1000
11199 74 00 1000
11207 68 00 1000
11209 70 00 1000
11217 51 ff 1000
11218 69 30 1000
11218 39 10 1000
11218 21 fb 1000
11218 51 23 1000
11219 09 93 1000
11220 5d ff 1000
11220 75 30 1000
11221 45 14 1000
11221 2d b5 1000
11221 5d 63 1000
11222 15 85 1000
11222 5c ff 1000
11223 74 30 1000
11223 44 11 1000
11223 2c 85 1000
11223 5c 43 1000
11224 14 80 1000
11232 69 80 1000
11232 74 a0 1000
11233 75 a0 1000
11241 75 00 1000
11242 74 00 1000
11250 69 00 1000
11258 59 ff 1000
11258 71 30 1000
11259 41 11 1000
11259 29 85 1000
11259 59 59 1000
11260 11 8d 1000
11261 53 ff 1000
11261 6b 30 1000
11262 3b 10 1000
11262 23 fb 1000
11262 53 23 1000
11263 0b 93 1000
11264 6e 00 1000
11265 52 ff 1000
11265 6a 30 1000
11266 3a 07 1000
11266 22 1b 1000
11266 52 43 1000
11266 0a 87 1000
11268 5d ff 1000
11268 75 30 1000
11268 45 14 1000
11269 2d b5 1000
11269 5d 9b 1000
11269 15 85 1000
11277 6a 80 1000
11277 6b 80 1000
11278 71 80 1000
11278 75 a0 1000
11286 75 00 1000
11294 71 00 1000
11295 6b 00 1000
11296 6a 00 1000
11304 55 ff 1000
11304 6d 30 1000
11304 3d 10 1000
11304 25 7b 1000
11305 55 59 1000
11305 0d 8e 1000
11306 5b ff 1000
11307 73 30 1000
11307 43 10 1000
11307 2b fb 1000
11308 5b 23 1000
11308 13 93 1000
11309 57 ff 1000
11309 6f 30 1000
11310 3f 10 1000
11310 27 fb 1000
11310 57 43 1000
11311 0f 87 1000
11312 5c ff 1000
11312 74 30 1000
11312 44 10 1000
11313 2c 7b 1000
11313 5c 47 1000
11313 14 81 1000
11314 5d ff 1000
11314 75 30 1000
11314 45 14 1000
11315 2d b5 1000
11315 5d 7f 1000
11315 15 85 1000
11323 6d 80 1000
11324 6f 80 1000
11324 73 80 1000
11324 74 a0 1000
11325 75 a0 1000
11333 74 00 1000
11333 75 00 1000
11341 73 00 1000
11349 6d 00 1000
11357 5a ff 1000
11358 72 30 1000
11358 42 11 1000
11358 2a 85 1000
11359 5a 59 1000
11359 12 8e 1000
11360 54 ff 1000
11361 6c 30 1000
11361 3c 10 1000
11361 24 fb 1000
11361 54 23 1000
11362 0c 93 1000
11363 5c ff 1000
11364 74 30 1000
11364 44 14 1000
11364 2c b5 1000
11364 5c 9b 1000
11365 14 85 1000
11373 6c 80 1000
11374 72 80 1000
11374 74 a0 1000
11382 74 00 1000
11390 72 00 1000
11392 6c 00 1000
11400 50 ff 1000
11400 68 30 1000
11400 38 12 1000
11401 20 15 1000
11401 50 59 1000
11401 08 8e 1000
11403 58 ff 1000
11403 70 30 1000
11403 40 10 1000
11403 28 01 1000
11404 58 23 1000
11404 10 93 1000
11405 6f 00 1000
11406 51 ff 1000
11407 69 30 1000
11407 39 10 1000
11407 21 01 1000
11408 51 43 1000
11408 09 87 1000
11409 5d ff 1000
11409 75 30 1000
11410 45 11 1000
11410 2d 85 1000
11410 5d 47 1000
11411 15 82 1000
11411 5c ff 1000
11412 74 30 1000
11412 44 11 1000
11412 2c 85 1000
11412 5c 43 1000
11413 14 80 1000
11421 68 80 1000
11421 69 80 1000
11421 70 80 1000
11422 74 a0 1000
11422 75 a0 1000
11430 75 00 1000
11430 74 00 1000
11438 70 00 1000
11446 56 ff 1000
11446 6e 30 1000
11447 3e 10 1000
11447 26 01 1000
11447 56 23 1000
11447 0e 93 1000
11455 6e 80 1000
11463 6e 00 1000
11471 59 ff 1000
11472 71 30 1000
11472 41 10 1000
11472 29 01 1000
11472 59 23 1000
11473 11 93 1000
11474 5d ff 1000
11474 75 30 1000
11475 45 10 1000
11475 2d 7b 1000
11475 5d 47 1000
11476 15 81 1000
11484 71 80 1000
11484 75 a0 1000
11492 75 00 1000
11500 71 00 1000
11508 53 ff 1000
11509 6b 30 1000
11509 3b 10 1000
11509 23 01 1000
11509 53 23 1000
11510 0b 93 1000
11518 6b 80 1000
11526 6b 00 1000
11534 52 ff 1000
11535 6a 30 1000
11535 3a 10 1000
11535 22 01 1000
11536 52 23 1000
11536 0a 93 1000
11537 5c ff 1000
11538 74 30 1000
11538 44 14 1000
11538 2c b5 1000
11538 5c 63 1000
11539 14 85 1000
11539 5d ff 1000
11540 75 30 1000
11540 45 11 1000
11540 2d 85 1000
11541 5d 43 1000
11541 15 80 1000
11549 6a 80 1000
11550 74 a0 1000
11550 75 a0 1000
11558 74 00 1000
11558 75 00 1000
11566 6a 00 1000
11574 68 00 1000
11582 5b ff 1000
11583 73 30 1000
11583 43 12 1000
11583 2b 15 1000
11583 5b 59 1000
11584 13 8d 1000
11585 55 ff 1000
11585 6d 30 1000
11586 3d 10 1000
11586 25 01 1000
11586 55 23 1000
11587 0d 93 1000
11588 5a ff 1000
11588 72 30 1000
11589 42 10 1000
11589 2a fb 1000
11589 5a 73 1000
11590 12 92 1000
11591 5c ff 1000
11591 74 30 1000
11591 44 14 1000
11592 2c b5 1000
11592 5c 9b 1000
11592 14 85 1000
11600 6d 80 1000
11601 72 80 1000
11601 73 80 1000
11601 74 a0 1000
11609 74 00 1000
11617 73 00 1000
11618 6d 00 1000
11620 72 00 1000
11628 54 ff 1000
11629 6c 30 1000
11629 3c 10 1000
11629 24 fb 1000
11630 54 59 1000
11630 0c 8e 1000
11631 57 ff 1000
11632 6f 30 1000
11632 3f 10 1000
11632 27 01 1000
11632 57 23 1000
11633 0f 93 1000
11634 58 ff 1000
11634 70 30 1000
11635 40 14 1000
11635 28 b5 1000
11635 58 73 1000
11636 10 92 1000
11637 5d ff 1000
11637 75 30 1000
11637 45 14 1000
11638 2d b5 1000
11638 5d 7f 1000
11638 15 85 1000
11639 5c ff 1000
11639 74 30 1000
11639 44 10 1000
11640 2c 7b 1000
11640 5c 47 1000
11640 14 81 1000
11648 6c 80 1000
11649 6f 80 1000
11649 70 80 1000
11649 74 a0 1000
11650 75 a0 1000
11658 56 ff 1000
11658 6e 30 1000
11659 3e 10 1000
11659 26 fb 1000
11659 56 a5 1000
11659 0e 92 1000
11660 75 00 1000
11661 74 00 1000
11669 6e 80 1000
11677 6f 00 1000
11685 6c 00 1000
11687 59 ff 1000
11687 71 30 1000
11687 41 12 1000
11687 29 15 1000
11688 59 59 1000
11688 11 8e 1000
11689 53 ff 1000
11690 6b 30 1000
11690 3b 07 1000
11690 23 1b 1000
11691 53 23 1000
11691 0b 93 1000
11692 70 00 1000
11694 52 ff 1000
11694 6a 30 1000
11694 3a 15 1000
11694 22 75 1000
11695 52 73 1000
11695 0a 92 1000
11696 5d ff 1000
11696 75 30 1000
11697 45 14 1000
11697 2d b5 1000
11697 5d 9b 1000
11698 15 85 1000
11698 5c ff 1000
11699 74 30 1000
11699 44 11 1000
11699 2c 85 1000
11699 5c 43 1000
11700 14 80 1000
11708 6a 80 1000
11708 6b 80 1000
11708 71 80 1000
11708 74 a0 1000
11709 75 a0 1000
11711 6e 00 1000
11719 50 ff 1000
11720 68 30 1000
11720 38 14 1000
11720 20 b5 1000
11720 50 a5 1000
11721 08 92 1000
11729 68 80 1000
11732 75 00 1000
11733 74 00 1000
11741 71 00 1000
11742 6b 00 1000
11744 6a 00 1000
11752 5b ff 1000
11752 73 30 1000
11752 43 07 1000
11753 2b 1b 1000
11753 5b 59 1000
11753 13 8f 1000
11754 55 ff 1000
11755 6d 30 1000
11755 3d 05 1000
11755 25 75 1000
11756 55 23 1000
11756 0d 93 1000
11757 69 00 1000
11758 5a ff 1000
11759 72 30 1000
11759 42 10 1000
11759 2a 7b 1000
11759 5a 43 1000
11760 12 88 1000
11761 57 ff 1000
11761 6f 30 1000
11762 3f 20 1000
11762 27 fb 1000
11762 57 73 1000
11762 0f 92 1000
11764 5d ff 1000
11764 75 30 1000
11764 45 14 1000
11764 2d b5 1000
11765 5d 63 1000
11765 15 85 1000
11773 6d 80 1000
11773 6f 80 1000
11773 72 80 1000
11773 73 80 1000
11774 75 a0 1000
11782 68 00 1000
11790 54 ff 1000
11791 6c 30 1000
11791 3c 15 1000
11791 24 75 1000
11791 54 a5 1000
11792 0c 92 1000
11793 75 00 1000
11801 6c 80 1000
11809 6d 00 1000
11817 58 ff 1000
11817 70 30 1000
11818 40 05 1000
11818 28 75 1000
11818 58 23 1000
11818 10 93 1000
11820 5c ff 1000
11820 74 30 1000
11821 44 14 1000
11821 2c b5 1000
11821 5c 9b 1000
11821 14 85 1000
11822 5d ff 1000
11822 75 30 1000
11823 45 11 1000
11823 2d 85 1000
11823 5d 43 1000
11824 15 80 1000
11832 70 80 1000
11832 74 a0 1000
11833 75 a0 1000
11835 6c 00 1000
11843 56 ff 1000
11844 6e 30 1000
11844 3e 20 1000
11844 26 fb 1000
11845 56 a5 1000
11845 0e 92 1000
11846 74 00 1000
11846 75 00 1000
11854 6e 80 1000
11862 70 00 1000
11870 59 ff 1000
11870 71 30 1000
11871 41 05 1000
11871 29 75 1000
11871 59 23 1000
11871 11 93 1000
11873 5c ff 1000
11873 74 30 1000
11874 44 10 1000
11874 2c 7b 1000
11874 5c 47 1000
11874 14 81 1000
11875 5d ff 1000
11875 75 30 1000
11876 45 14 1000
11876 2d b5 1000
11876 5d 7f 1000
11876 15 85 1000
11884 71 80 1000
11884 74 a0 1000
11885 75 a0 1000
11893 74 00 1000
11894 75 00 1000
11902 71 00 1000
11910 53 ff 1000
11911 6b 30 1000
11911 3b 05 1000
11911 23 75 1000
11911 53 23 1000
11912 0b 93 1000
11913 5c ff 1000
11914 74 30 1000
11914 44 14 1000
11914 2c b5 1000
11914 5c 9b 1000
11915 14 85 1000
11923 6b 80 1000
11923 74 a0 1000
11931 74 00 1000
11939 6b 00 1000
11947 52 ff 1000
11947 6a 30 1000
11947 3a 05 1000
11947 22 75 1000
11948 52 23 1000
11948 0a 93 1000
11949 5d ff 1000
11950 75 30 1000
11950 45 14 1000
11950 2d b5 1000
11951 5d 63 1000
11951 15 85 1000
11952 5c ff 1000
11952 74 30 1000
11952 44 11 1000
11952 2c 85 1000
11953 5c 43 1000
11953 14 80 1000
11961 6a 80 1000
11962 74 a0 1000
11962 75 a0 1000
11970 75 00 1000
11971 74 00 1000
11979 6a 00 1000
11987 73 00 1000
11995 51 ff 1000
11996 69 30 1000
11996 39 10 1000
11996 21 7b 1000
11997 51 59 1000
11997 09 8f 1000
11998 50 ff 1000
11998 68 30 1000
11999 38 05 1000
11999 20 75 1000
11999 50 23 1000
12000 08 93 1000
12001 6e 00 1000
12002 55 ff 1000
12002 6d 30 1000
12003 3d 22 1000
12003 25 15 1000
12003 55 73 1000
12004 0d 92 1000
12005 5d ff 1000
12005 75 30 1000
12005 45 14 1000
12006 2d b5 1000
12006 5d 9b 1000
12006 15 85 1000
12014 68 80 1000
12014 69 80 1000
12015 6d 80 1000
12015 75 a0 1000
12023 75 00 1000
12031 68 00 1000
12039 54 ff 1000
12039 6c 30 1000
12039 3c 05 1000
12040 24 75 1000
12040 54 23 1000
12040 0c 93 1000
12042 5c ff 1000
12042 74 30 1000
12042 44 10 1000
12043 2c 7b 1000
12043 5c 47 1000
12043 14 81 1000
12044 5d ff 1000
12044 75 30 1000
12044 45 14 1000
12045 2d b5 1000
12045 5d 7f 1000
12045 15 85 1000
12053 6c 80 1000
12053 74 a0 1000
12053 75 a0 1000
12061 6f 00 1000
12062 58 ff 1000
12063 70 30 1000
12063 40 22 1000
12063 28 15 1000
12063 58 a5 1000
12064 10 92 1000
12072 70 80 1000
12074 74 00 1000
12074 75 00 1000
12082 6c 00 1000
12090 69 00 1000
12091 6d 00 1000
12099 59 ff 1000
12099 71 30 1000
12099 41 10 1000
12099 29 fb 1000
12100 59 59 1000
12100 11 8f 1000
12101 53 ff 1000
12102 6b 30 1000
12102 3b 05 1000
12102 23 75 1000
12103 53 23 1000
12103 0b 93 1000
12104 52 ff 1000
12105 6a 30 1000
12105 3a 23 1000
12105 22 51 1000
12105 52 73 1000
12106 0a 92 1000
12107 5c ff 1000
12107 74 30 1000
12107 44 14 1000
12108 2c b5 1000
12108 5c 9b 1000
12108 14 85 1000
12116 6a 80 1000
12117 6b 80 1000
12117 71 80 1000
12117 74 a0 1000
12125 74 00 1000
12133 71 00 1000
12135 6b 00 1000
12143 5b ff 1000
12143 73 30 1000
12143 43 10 1000
12144 2b 7b 1000
12144 5b 59 1000
12144 13 8f 1000
12146 56 ff 1000
12146 6e 30 1000
12146 3e 12 1000
12146 26 15 1000
12147 56 23 1000
12147 0e 93 1000
12148 72 00 1000
12150 50 ff 1000
12150 68 30 1000
12150 38 10 1000
12150 20 01 1000
12151 50 43 1000
12151 08 88 1000
12152 6a 00 1000
12153 57 ff 1000
12154 6f 30 1000
12154 3f 24 1000
12154 27 b5 1000
12154 57 73 1000
12155 0f 92 1000
12156 5d ff 1000
12156 75 30 1000
12156 45 14 1000
12157 2d b5 1000
12157 5d 63 1000
12157 15 85 1000
12158 5c ff 1000
12158 74 30 1000
12158 44 11 1000
12159 2c 85 1000
12159 5c 43 1000
12159 14 80 1000
12167 68 80 1000
12167 6e 80 1000
12167 6f 80 1000
12168 73 80 1000
12168 74 a0 1000
12168 75 a0 1000
12176 70 00 1000
12184 54 ff 1000
12185 6c 30 1000
12185 3c 23 1000
12185 24 51 1000
12186 54 a5 1000
12186 0c 92 1000
12187 75 00 1000
12187 74 00 1000
12195 6c 80 1000
12203 73 00 1000
12205 6e 00 1000
12213 51 ff 1000
12213 69 30 1000
12213 39 07 1000
12214 21 1b 1000
12214 51 59 1000
12214 09 8f 1000
12216 55 ff 1000
12216 6d 30 1000
12216 3d 12 1000
12216 25 15 1000
12217 55 23 1000
12217 0d 93 1000
12219 5d ff 1000
12219 75 30 1000
12219 45 14 1000
12219 2d b5 1000
12220 5d 9b 1000
12220 15 85 1000
12228 69 80 1000
12228 6d 80 1000
12228 75 a0 1000
12236 6c 00 1000
12238 59 ff 1000
12238 71 30 1000
12238 41 24 1000
12239 29 b5 1000
12239 59 a5 1000
12239 11 92 1000
12247 71 80 1000
12249 75 00 1000
12257 69 00 1000
12259 6d 00 1000
12267 53 ff 1000
12267 6b 30 1000
12268 3b 10 1000
12268 23 7b 1000
12268 53 59 1000
12268 0b 8f 1000
12270 5a ff 1000
12270 72 30 1000
12270 42 12 1000
12271 2a 15 1000
12271 5a 23 1000
12271 12 93 1000
12273 5c ff 1000
12273 74 30 1000
12273 44 14 1000
12274 2c b5 1000
12274 5c 7f 1000
12274 14 85 1000
12275 5d ff 1000
12275 75 30 1000
12275 45 10 1000
12276 2d 7b 1000
12276 5d 47 1000
12276 15 81 1000
12284 6b 80 1000
12284 72 80 1000
12285 74 a0 1000
12285 75 a0 1000
12293 74 00 1000
12294 75 00 1000
12302 6b 00 1000
12304 72 00 1000
12312 52 ff 1000
12313 6a 30 1000
12313 3a 12 1000
12313 22 15 1000
12313 52 59 1000
12314 0a 8f 1000
12315 58 ff 1000
12315 70 30 1000
12316 40 12 1000
12316 28 15 1000
12316 58 23 1000
12316 10 93 1000
12318 5c ff 1000
12318 74 30 1000
12319 44 14 1000
12319 2c b5 1000
12319 5c 9b 1000
12319 14 85 1000
12327 6a 80 1000
12327 70 80 1000
12328 74 a0 1000
12336 74 00 1000
12344 70 00 1000
12352 5b ff 1000
12353 73 30 1000
12353 43 12 1000
12353 2b 15 1000
12354 5b 23 1000
12354 13 93 1000
12355 5d ff 1000
12356 75 30 1000
12356 45 14 1000
12356 2d b5 1000
12356 5d 63 1000
12357 15 85 1000
12357 5c ff 1000
12358 74 30 1000
12358 44 11 1000
12358 2c 85 1000
12359 5c 43 1000
12359 14 80 1000
12367 73 80 1000
12368 74 a0 1000
12368 75 a0 1000
12376 75 00 1000
12376 74 00 1000
12384 73 00 1000
12392 6a 00 1000
12393 56 ff 1000
12394 6e 30 1000
12394 3e 10 1000
12394 26 fb 1000
12395 56 59 1000
12395 0e 8f 1000
12396 54 ff 1000
12397 6c 30 1000
12397 3c 12 1000
12397 24 15 1000
12397 54 23 1000
12398 0c 93 1000
12399 5d ff 1000
12399 75 30 1000
12400 45 14 1000
12400 2d b5 1000
12400 5d 9b 1000
12401 15 85 1000
12409 6c 80 1000
12410 6e 80 1000
12410 75 a0 1000
12418 75 00 1000
12426 6c 00 1000
12434 51 ff 1000
12434 69 30 1000
12434 39 12 1000
12435 21 15 1000
12435 51 23 1000
12435 09 93 1000
12437 5c ff 1000
12437 74 30 1000
12437 44 14 1000
12437 2c b5 1000
12438 5c 7f 1000
12438 14 85 1000
12439 5d ff 1000
12439 75 30 1000
12439 45 10 1000
12439 2d 7b 1000
12440 5d 47 1000
12440 15 81 1000
12448 69 80 1000
12449 74 a0 1000
12449 75 a0 1000
12457 74 00 1000
12457 75 00 1000
12465 69 00 1000
12473 6e 00 1000
12475 55 ff 1000
12475 6d 30 1000
12475 3d 10 1000
12476 25 7b 1000
12476 55 59 1000
12476 0d 8f 1000
12478 53 ff 1000
12478 6b 30 1000
12478 3b 12 1000
12478 23 15 1000
12479 53 23 1000
12479 0b 93 1000
12480 5c ff 1000
12481 74 30 1000
12481 44 14 1000
12481 2c b5 1000
12482 5c 9b 1000
12482 14 85 1000
12483 5d ff 1000
12483 75 30 1000
12483 45 11 1000
12483 2d 85 1000
12484 5d 43 1000
12484 15 80 1000
12492 6b 80 1000
12492 6d 80 1000
12492 74 a0 1000
12493 75 a0 1000
12501 74 00 1000
12502 75 00 1000
12510 6d 00 1000
12511 6b 00 1000
12519 5a ff 1000
12519 72 30 1000
12519 42 10 1000
12520 2a 01 1000
12520 5a 59 1000
12520 12 8f 1000
12521 58 ff 1000
12522 70 30 1000
12522 40 13 1000
12522 28 51 1000
12523 58 23 1000
12523 10 93 1000
12524 68 00 1000
12525 5b ff 1000
12525 73 30 1000
12526 43 10 1000
12526 2b fb 1000
12526 5b 43 1000
12527 13 88 1000
12528 6f 00 1000
12529 52 ff 1000
12529 6a 30 1000
12530 3a 23 1000
12530 22 fd 1000
12530 52 73 1000
12530 0a 92 1000
12532 5c ff 1000
12532 74 30 1000
12532 44 10 1000
12532 2c 7b 1000
12533 5c 47 1000
12533 14 81 1000
12534 5d ff 1000
12534 75 30 1000
12534 45 14 1000
12534 2d b5 1000
12535 5d 63 1000
12535 15 85 1000
12543 6a 80 1000
12543 70 80 1000
12543 72 80 1000
12543 73 80 1000
12544 74 a0 1000
12544 75 a0 1000
12552 74 00 1000
12552 75 00 1000
12560 72 00 1000
12561 70 00 1000
12569 54 ff 1000
12569 6c 30 1000
12569 3c 11 1000
12570 24 85 1000
12570 54 59 1000
12570 0c 8e 1000
12572 51 ff 1000
12572 69 30 1000
12572 39 13 1000
12573 21 51 1000
12573 51 23 1000
12573 09 93 1000
12575 73 00 1000
12576 56 ff 1000
12576 6e 30 1000
12576 3e 10 1000
12577 26 fb 1000
12577 56 43 1000
12577 0e 88 1000
12578 6a 00 1000
12579 55 ff 1000
12580 6d 30 1000
12580 3d 21 1000
12580 25 85 1000
12581 55 73 1000
12581 0d 92 1000
12582 5c ff 1000
12582 74 30 1000
12583 44 10 1000
12583 2c 7b 1000
12583 5c 47 1000
12584 14 81 1000
12584 5d ff 1000
12584 75 30 1000
12585 45 14 1000
12585 2d b5 1000
12585 5d 9b 1000
12586 15 85 1000
12594 69 80 1000
12594 6c 80 1000
12594 6d 80 1000
12595 6e 80 1000
12595 74 a0 1000
12595 75 a0 1000
12603 71 00 1000
12605 53 ff 1000
12605 6b 30 1000
12605 3b 23 1000
12605 23 fd 1000
12606 53 a5 1000
12606 0b 92 1000
12607 74 00 1000
12607 75 00 1000
12615 6b 80 1000
12623 6c 00 1000
12624 69 00 1000
12632 50 ff 1000
12632 68 30 1000
12633 38 10 1000
12633 20 01 1000
12633 50 59 1000
12634 08 8f 1000
12635 57 ff 1000
12635 6f 30 1000
12636 3f 13 1000
12636 27 51 1000
12636 57 23 1000
12636 0f 93 1000
12638 6e 00 1000
12639 5a ff 1000
12639 72 30 1000
12639 42 10 1000
12640 2a fb 1000
12640 5a 43 1000
12640 12 88 1000
12641 6d 00 1000
12643 58 ff 1000
12643 70 30 1000
12643 40 23 1000
12643 28 fd 1000
12644 58 73 1000
12644 10 92 1000
12645 5c ff 1000
12645 74 30 1000
12646 44 10 1000
12646 2c 7b 1000
12646 5c 47 1000
12647 14 81 1000
12647 5d ff 1000
12647 75 30 1000
12648 45 14 1000
12648 2d b5 1000
12648 5d 7f 1000
12649 15 85 1000
12657 68 80 1000
12657 6f 80 1000
12658 70 80 1000
12658 72 80 1000
12658 74 a0 1000
12658 75 a0 1000
12666 6b 00 1000
12668 5b ff 1000
12668 73 30 1000
12668 43 21 1000
12669 2b 85 1000
12669 5b a5 1000
12669 13 92 1000
12677 73 80 1000
12679 74 00 1000
12680 75 00 1000
12688 68 00 1000
12690 6f 00 1000
12698 72 00 1000
12699 70 00 1000
12707 52 ff 1000
12707 6a 30 1000
12708 3a 10 1000
12708 22 7b 1000
12708 52 59 1000
12709 0a 8f 1000
12710 59 ff 1000
12710 71 30 1000
12711 41 13 1000
12711 29 51 1000
12711 59 23 1000
12711 11 93 1000
12713 54 ff 1000
12713 6c 30 1000
12713 3c 10 1000
12714 24 fb 1000
12714 54 43 1000
12714 0c 88 1000
12715 51 ff 1000
12716 69 30 1000
12716 39 24 1000
12716 21 b5 1000
12717 51 73 1000
12717 09 92 1000
12718 5c ff 1000
12718 74 30 1000
12719 44 10 1000
12719 2c 7b 1000
12719 5c 47 1000
12720 14 81 1000
12720 5d ff 1000
12720 75 30 1000
12721 45 14 1000
12721 2d b5 1000
12721 5d 9b 1000
12721 15 85 1000
12729 69 80 1000
12729 6a 80 1000
12730 6c 80 1000
12730 71 80 1000
12730 74 a0 1000
12730 75 a0 1000
12738 73 00 1000
12746 56 ff 1000
12746 6e 30 1000
12746 3e 23 1000
12747 26 fd 1000
12747 56 a5 1000
12747 0e 92 1000
12748 74 00 1000
12749 75 00 1000
12757 6e 80 1000
12765 6a 00 1000
12766 71 00 1000
12767 6c 00 1000
12775 55 ff 1000
12776 6d 30 1000
12776 3d 11 1000
12776 25 85 1000
12777 55 59 1000
12777 0d 8f 1000
12778 53 ff 1000
12778 6b 30 1000
12779 3b 13 1000
12779 23 51 1000
12779 53 23 1000
12780 0b 93 1000
12781 50 ff 1000
12781 68 30 1000
12782 38 10 1000
12782 20 fb 1000
12782 50 43 1000
12782 08 88 1000
12783 69 00 1000
12785 57 ff 1000
12785 6f 30 1000
12785 3f 26 1000
12786 27 43 1000
12786 57 73 1000
12786 0f 92 1000
12787 5c ff 1000
12788 74 30 1000
12788 44 13 1000
12788 2c 51 1000
12788 5c 2b 1000
12789 14 83 1000
12789 5d ff 1000
12790 75 30 1000
12790 45 11 1000
12790 2d 85 1000
12790 5d 43 1000
12791 15 80 1000
12799 68 80 1000
12799 6b 80 1000
12800 6d 80 1000
12800 6f 80 1000
12800 74 a0 1000
12801 75 a0 1000
12809 68 00 1000
12810 5c ff 1000
12811 74 30 1000
12811 44 13 1000
12811 2c 51 1000
12811 5c 47 1000
12812 14 83 1000
12820 74 a0 1000
12822 6e 00 1000
12823 5a ff 1000
12823 72 30 1000
12824 42 24 1000
12824 2a b5 1000
12824 5a a5 1000
12825 12 92 1000
12833 72 80 1000
12836 74 00 1000
12836 75 00 1000
12844 6d 00 1000
12845 6b 00 1000
12853 6f 00 1000
12861 58 ff 1000
12862 70 30 1000
12862 40 07 1000
12862 28 1b 1000
12863 58 59 1000
12863 10 90 1000
12864 5b ff 1000
12864 73 30 1000
12865 43 13 1000
12865 2b 51 1000
12865 5b 23 1000
12866 13 93 1000
12867 52 ff 1000
12867 6a 30 1000
12868 3a 10 1000
12868 22 fb 1000
12868 52 43 1000
12868 0a 88 1000
12870 59 ff 1000
12870 71 30 1000
12870 41 30 1000
12871 29 7b 1000
12871 59 73 1000
12871 11 92 1000
12872 5c ff 1000
12873 74 30 1000
12873 44 10 1000
12873 2c 7b 1000
12873 5c 2b 1000
12874 14 83 1000
12882 6a 80 1000
12883 70 80 1000
12883 71 80 1000
12883 73 80 1000
12883 74 a0 1000
12891 6a 00 1000
12892 72 00 1000
12900 54 ff 1000
12900 6c 30 1000
12901 3c 26 1000
12901 24 43 1000
12901 54 a5 1000
12901 0c 92 1000
12902 74 00 1000
12910 6c 80 1000
12918 70 00 1000
12920 73 00 1000
12928 51 ff 1000
12928 69 30 1000
12928 39 10 1000
12929 21 7b 1000
12929 51 59 1000
12929 09 90 1000
12930 50 ff 1000
12931 68 30 1000
12931 38 13 1000
12931 20 51 1000
12932 50 23 1000
12932 08 93 1000
12933 56 ff 1000
12934 6e 30 1000
12934 3e 10 1000
12934 26 fb 1000
12934 56 43 1000
12935 0e 88 1000
12936 71 00 1000
12937 55 ff 1000
12937 6d 30 1000
12938 3d 31 1000
12938 25 85 1000
12938 55 73 1000
12939 0d 92 1000
12940 5d ff 1000
12940 75 30 1000
12940 45 10 1000
12941 2d 7b 1000
12941 5d 47 1000
12941 15 81 1000
12949 68 80 1000
12950 69 80 1000
12950 6d 80 1000
12950 6e 80 1000
12951 75 a0 1000
12959 6c 00 1000
12967 53 ff 1000
12967 6b 30 1000
12968 3b 30 1000
12968 23 7b 1000
12968 53 a5 1000
12969 0b 92 1000
12970 75 00 1000
12978 6b 80 1000
12986 69 00 1000
12987 68 00 1000
12988 6e 00 1000
12996 6d 00 1000
13004 57 ff 1000
13004 6f 30 1000
13004 3f 12 1000
13005 27 15 1000
13005 57 59 1000
13005 0f 8f 1000
13006 52 ff 1000
13007 6a 30 1000
13007 3a 07 1000
13007 22 1b 1000
13008 52 23 1000
13008 0a 93 1000
13009 5a ff 1000
13009 72 30 1000
13010 42 07 1000
13010 2a 1b 1000
13010 5a 43 1000
13011 12 87 1000
13012 58 ff 1000
13012 70 30 1000
13013 40 31 1000
13013 28 85 1000
13013 58 73 1000
13013 10 92 1000
13015 5c ff 1000
13015 74 30 1000
13015 44 11 1000
13015 2c 85 1000
13016 5c 47 1000
13016 14 82 1000
13017 5d ff 1000
13017 75 30 1000
13017 45 11 1000
13018 2d 85 1000
13018 5d 43 1000
13018 15 80 1000
13026 6a 80 1000
13027 6f 80 1000
13027 70 80 1000
13027 72 80 1000
13028 74 a0 1000
13028 75 a0 1000
13036 6b 00 1000
13037 5b ff 1000
13038 73 30 1000
13038 43 31 1000
13038 2b 85 1000
13039 5b a5 1000
13039 13 92 1000
13047 73 80 1000
13049 74 00 1000
13050 75 00 1000
13058 70 00 1000
13066 59 ff 1000
13067 71 30 1000
13067 41 31 1000
13067 29 85 1000
13068 59 a5 1000
13068 11 92 1000
13076 71 80 1000
13084 6a 00 1000
13086 72 00 1000
13094 54 ff 1000
13095 6c 30 1000
13095 3c 07 1000
13095 24 1b 1000
13095 54 23 1000
13096 0c 93 1000
13097 51 ff 1000
13097 69 30 1000
13098 39 07 1000
13098 21 1b 1000
13098 51 43 1000
13098 09 87 1000
13100 5c ff 1000
13100 74 30 1000
13100 44 11 1000
13101 2c 85 1000
13101 5c 43 1000
13101 14 80 1000
13109 69 80 1000
13109 6c 80 1000
13110 74 a0 1000
13118 69 00 1000
13126 74 00 1000
13134 6c 00 1000
13142 50 ff 1000
13143 68 30 1000
13143 38 07 1000
13143 20 1b 1000
13143 50 23 1000
13144 08 93 1000
13145 56 ff 1000
13145 6e 30 1000
13146 3e 07 1000
13146 26 1b 1000
13146 56 43 1000
13147 0e 87 1000
13148 5d ff 1000
13148 75 30 1000
13148 45 10 1000
13149 2d 7b 1000
13149 5d 47 1000
13149 15 81 1000
13157 68 80 1000
13157 6e 80 1000
13158 75 a0 1000
13166 75 00 1000
13174 68 00 1000
13182 55 ff 1000
13183 6d 30 1000
13183 3d 07 1000
13183 25 1b 1000
13184 55 23 1000
13184 0d 93 1000
13185 5c ff 1000
13186 74 30 1000
13186 44 14 1000
13186 2c b5 1000
13187 5c 7f 1000
13187 14 85 1000
13195 6d 80 1000
13196 74 a0 1000
13204 74 00 1000
13212 6d 00 1000
13220 6e 00 1000
13228 53 ff 1000
13229 6b 30 1000
13229 3b 07 1000
13229 23 1b 1000
13230 53 23 1000
13230 0b 93 1000
13231 58 ff 1000
13232 70 30 1000
13232 40 07 1000
13232 28 1b 1000
13232 58 43 1000
13233 10 87 1000
13234 5d ff 1000
13234 75 30 1000
13235 45 14 1000
13235 2d b5 1000
13235 5d 63 1000
13236 15 85 1000
13236 5c ff 1000
13236 74 30 1000
13237 44 11 1000
13237 2c 85 1000
13237 5c 43 1000
13238 14 80 1000
13246 6b 80 1000
13246 70 80 1000
13247 74 a0 1000
13247 75 a0 1000
13255 70 00 1000
13263 75 00 1000
13263 74 00 1000
13271 6b 00 1000
13279 52 ff 1000
13279 6a 30 1000
13279 3a 07 1000
13280 22 1b 1000
13280 52 23 1000
13280 0a 93 1000
13281 5a ff 1000
13282 72 30 1000
13282 42 07 1000
13282 2a 1b 1000
13283 5a 43 1000
13283 12 87 1000
13284 5d ff 1000
13284 75 30 1000
13285 45 14 1000
13285 2d b5 1000
13285 5d 9b 1000
13286 15 85 1000
13286 5c ff 1000
13287 74 30 1000
13287 44 11 1000
13287 2c 85 1000
13287 5c 43 1000
13288 14 80 1000
13296 6a 80 1000
13297 72 80 1000
13297 74 a0 1000
13297 75 a0 1000
13305 75 00 1000
13305 74 00 1000
13313 6a 00 1000
13321 72 00 1000
13329 6f 00 1000
13331 51 ff 1000
13331 69 30 1000
13331 39 10 1000
13331 21 7b 1000
13332 51 59 1000
13332 09 8f 1000
13333 54 ff 1000
13334 6c 30 1000
13334 3c 07 1000
13334 24 1b 1000
13334 54 23 1000
13335 0c 93 1000
13336 50 ff 1000
13336 68 30 1000
13337 38 07 1000
13337 20 1b 1000
13337 50 43 1000
13338 08 87 1000
13339 71 00 1000
13340 5d ff 1000
13340 75 30 1000
13341 45 14 1000
13341 2d b5 1000
13341 5d 7f 1000
13341 15 85 1000
13342 5c ff 1000
13342 74 30 1000
13343 44 10 1000
13343 2c 7b 1000
13343 5c 47 1000
13343 14 81 1000
13351 68 80 1000
13352 69 80 1000
13352 6c 80 1000
13352 74 a0 1000
13353 75 a0 1000
13361 68 00 1000
13369 75 00 1000
13369 74 00 1000
13377 6c 00 1000
13385 69 00 1000
13393 55 ff 1000
13393 6d 30 1000
13393 3d 11 1000
13394 25 85 1000
13394 55 59 1000
13394 0d 8f 1000
13396 56 ff 1000
13396 6e 30 1000
13396 3e 05 1000
13396 26 75 1000
13397 56 23 1000
13397 0e 93 1000
13398 58 ff 1000
13398 70 30 1000
13399 40 10 1000
13399 28 fb 1000
13399 58 43 1000
13400 10 86 1000
13401 53 ff 1000
13401 6b 30 1000
13402 3b 31 1000
13402 23 85 1000
13402 53 73 1000
13403 0b 92 1000
13404 5d ff 1000
13404 75 30 1000
13404 45 14 1000
13405 2d b5 1000
13405 5d 63 1000
13405 15 84 1000
13406 5c ff 1000
13406 74 30 1000
13406 44 11 1000
13407 2c 85 1000
13407 5c 43 1000
13407 14 80 1000
13415 6b 80 1000
13415 6d 80 1000
13415 6e 80 1000
13416 70 80 1000
13416 74 a0 1000
13416 75 a0 1000
13424 6b 00 1000
13425 75 00 1000
13426 74 00 1000
13434 52 ff 1000
13434 6a 30 1000
13434 3a 31 1000
13434 22 85 1000
13435 52 a5 1000
13435 0a 92 1000
13443 6a 80 1000
13451 6e 00 1000
13459 70 00 1000
13467 5a ff 1000
13467 72 30 1000
13468 42 05 1000
13468 2a 75 1000
13468 5a 23 1000
13469 12 93 1000
13470 57 ff 1000
13470 6f 30 1000
13470 3f 10 1000
13471 27 fb 1000
13471 57 43 1000
13471 0f 86 1000
13473 5d ff 1000
13473 75 30 1000
13473 45 14 1000
13474 2d b5 1000
13474 5d 9b 1000
13474 15 85 1000
13475 5c ff 1000
13475 74 30 1000
13475 44 11 1000
13476 2c 85 1000
13476 5c 43 1000
13476 14 80 1000
13484 6f 80 1000
13484 72 80 1000
13485 74 a0 1000
13485 75 a0 1000
13493 6f 00 1000
13501 75 00 1000
13502 74 00 1000
13510 72 00 1000
13518 59 ff 1000
13519 71 30 1000
13519 41 05 1000
13519 29 75 1000
13520 59 23 1000
13520 11 93 1000
13521 50 ff 1000
13521 68 30 1000
13522 38 10 1000
13522 20 fb 1000
13522 50 43 1000
13522 08 86 1000
13524 5d ff 1000
13524 75 30 1000
13524 45 14 1000
13525 2d b5 1000
13525 5d 7f 1000
13525 15 85 1000
13526 5c ff 1000
13526 74 30 1000
13526 44 10 1000
13527 2c 7b 1000
13527 5c 47 1000
13527 14 81 1000
13535 68 80 1000
13535 71 80 1000
13536 74 a0 1000
13536 75 a0 1000
13544 75 00 1000
13545 74 00 1000
13553 71 00 1000
13561 54 ff 1000
13562 6c 30 1000
13562 3c 05 1000
13562 24 75 1000
13563 54 23 1000
13563 0c 93 1000
13564 5d ff 1000
13565 75 30 1000
13565 45 14 1000
13565 2d b5 1000
13565 5d 9b 1000
13566 15 85 1000
13574 6c 80 1000
13575 75 a0 1000
13583 75 00 1000
13591 6c 00 1000
13599 51 ff 1000
13599 69 30 1000
13599 39 05 1000
13599 21 75 1000
13600 51 23 1000
13600 09 93 1000
13601 68 00 1000
13602 53 ff 1000
13602 6b 30 1000
13603 3b 10 1000
13603 23 fb 1000
13603 53 43 1000
13604 0b 86 1000
13605 5c ff 1000
13605 74 30 1000
13606 44 14 1000
13606 2c b5 1000
13606 5c 63 1000
13606 14 85 1000
13607 5d ff 1000
13607 75 30 1000
13608 45 11 1000
13608 2d 85 1000
13608 5d 43 1000
13609 15 80 1000
13617 69 80 1000
13618 6b 80 1000
13618 74 a0 1000
13618 75 a0 1000
13626 6b 00 1000
13634 74 00 1000
13634 75 00 1000
13642 69 00 1000
13650 6d 00 1000
13658 56 ff 1000
13659 6e 30 1000
13659 3e 07 1000
13659 26 1b 1000
13660 56 59 1000
13660 0e 8f 1000
13661 58 ff 1000
13661 70 30 1000
13662 40 05 1000
13662 28 75 1000
13662 58 23 1000
13663 10 93 1000
13664 57 ff 1000
13664 6f 30 1000
13664 3f 10 1000
13665 27 fb 1000
13665 57 43 1000
13665 0f 86 1000
13667 5c ff 1000
13667 74 30 1000
13667 44 14 1000
13668 2c b5 1000
13668 5c 9b 1000
13668 14 85 1000
13676 6e 80 1000
13677 6f 80 1000
13677 70 80 1000
13677 74 a0 1000
13685 74 00 1000
13693 70 00 1000
13701 5a ff 1000
13701 72 30 1000
13701 42 05 1000
13702 2a 75 1000
13702 5a 23 1000
13702 12 93 1000
13703 6f 00 1000
13705 59 ff 1000
13705 71 30 1000
13705 41 10 1000
13705 29 fb 1000
13706 59 43 1000
13706 11 86 1000
13707 5d ff 1000
13708 75 30 1000
13708 45 14 1000
13708 2d b5 1000
13709 5d 7f 1000
13709 15 85 1000
13709 5c ff 1000
13710 74 30 1000
13710 44 10 1000
13710 2c 7b 1000
13711 5c 47 1000
13711 14 81 1000
13719 71 80 1000
13719 72 80 1000
13719 74 a0 1000
13720 75 a0 1000
13728 71 00 1000
13736 75 00 1000
13736 74 00 1000
13744 72 00 1000
13752 54 ff 1000
13752 6c 30 1000
13753 3c 03 1000
13753 24 fd 1000
13753 54 23 1000
13753 0c 93 1000
13755 50 ff 1000
13755 68 30 1000
13755 38 10 1000
13756 20 01 1000
13756 50 43 1000
13756 08 86 1000
13757 6a 00 1000
13759 5d ff 1000
13759 75 30 1000
13759 45 14 1000
13759 2d b5 1000
13760 5d 63 1000
13760 15 84 1000
13761 5c ff 1000
13761 74 30 1000
13761 44 11 1000
13761 2c 85 1000
13762 5c 43 1000
13762 14 80 1000
13770 68 80 1000
13770 6c 80 1000
13770 74 a0 1000
13771 75 a0 1000
13779 75 00 1000
13780 74 00 1000
13788 6e 00 1000
13796 53 ff 1000
13796 6b 30 1000
13796 3b 11 1000
13797 23 85 1000
13797 53 59 1000
13797 0b 8f 1000
13799 51 ff 1000
13799 69 30 1000
13800 39 13 1000
13800 21 51 1000
13800 51 73 1000
13800 09 92 1000
13802 55 ff 1000
13802 6d 30 1000
13802 3d 16 1000
13802 25 43 1000
13803 55 73 1000
13803 0d 92 1000
13804 58 ff 1000
13804 70 30 1000
13805 40 20 1000
13805 28 7b 1000
13805 58 73 1000
13806 10 92 1000
13814 69 80 1000
13814 6b 80 1000
13814 6d 80 1000
13815 70 80 1000
13823 73 00 1000
13831 6c 00 1000
13839 6b 00 1000
13840 57 ff 1000
13840 6f 30 1000
13841 3f 10 1000
13841 27 7b 1000
13841 57 59 1000
13842 0f 8f 1000
13843 59 ff 1000
13843 71 30 1000
13843 41 03 1000
13844 29 fd 1000
13844 59 23 1000
13844 11 93 1000
13845 68 00 1000
13846 5a ff 1000
13847 72 30 1000
13847 42 10 1000
13847 2a 01 1000
13848 5a 43 1000
13848 12 86 1000
13849 69 00 1000
13850 70 00 1000
13851 6d 00 1000
13852 52 ff 1000
13853 6a 30 1000
13853 3a 11 1000
13853 22 85 1000
13853 52 73 1000
13854 0a 92 1000
13855 56 ff 1000
13855 6e 30 1000
13855 3e 14 1000
13856 26 b5 1000
13856 56 73 1000
13856 0e 92 1000
13857 5b ff 1000
13858 73 30 1000
13858 43 17 1000
13858 2b 1b 1000
13859 5b 73 1000
13859 13 92 1000
13860 5d ff 1000
13860 75 30 1000
13861 45 14 1000
13861 2d b5 1000
13861 5d 63 1000
13861 15 85 1000
13862 5c ff 1000
13862 74 30 1000
13863 44 11 1000
13863 2c 85 1000
13863 5c 43 1000
13864 14 80 1000
13872 6a 80 1000
13872 6e 80 1000
13873 6f 80 1000
13873 71 80 1000
13873 72 80 1000
13873 73 80 1000
13874 74 a0 1000
13874 75 a0 1000
13882 72 00 1000
13890 54 ff 1000
13890 6c 30 1000
13890 3c 13 1000
13891 24 51 1000
13891 54 a5 1000
13891 0c 92 1000
13892 53 ff 1000
13893 6b 30 1000
13893 3b 16 1000
13893 23 43 1000
13893 53 a5 1000
13894 0b 92 1000
13895 50 ff 1000
13895 68 30 1000
13895 38 20 1000
13896 20 7b 1000
13896 50 a5 1000
13896 08 92 1000
13904 68 80 1000
13904 6b 80 1000
13904 6c 80 1000
13907 75 00 1000
13907 74 00 1000
13915 71 00 1000
13916 6a 00 1000
13917 73 00 1000
13918 6e 00 1000
13926 51 ff 1000
13927 69 30 1000
13927 39 03 1000
13927 21 fd 1000
13927 51 23 1000
13928 09 93 1000
13929 58 ff 1000
13929 70 30 1000
13930 40 10 1000
13930 28 01 1000
13930 58 43 1000
13930 10 86 1000
13932 55 ff 1000
13932 6d 30 1000
13932 3d 11 1000
13933 25 85 1000
13933 55 73 1000
13933 0d 92 1000
13934 5a ff 1000
13935 72 30 1000
13935 42 14 1000
13935 2a b5 1000
13936 5a 73 1000
13936 12 92 1000
13937 59 ff 1000
13937 71 30 1000
13938 41 17 1000
13938 29 1b 1000
13938 59 73 1000
13938 11 92 1000
13940 5d ff 1000
13940 75 30 1000
13940 45 14 1000
13940 2d b5 1000
13941 5d 9b 1000
13941 15 85 1000
13942 5c ff 1000
13942 74 30 1000
13942 44 10 1000
13942 2c 7b 1000
13943 5c 47 1000
13943 14 81 1000
13951 69 80 1000
13951 6d 80 1000
13951 70 80 1000
13952 71 80 1000
13952 72 80 1000
13952 74 a0 1000
13953 75 a0 1000
13961 6c 00 1000
13961 68 00 1000
13962 6b 00 1000
13970 52 ff 1000
13970 6a 30 1000
13970 3a 11 1000
13971 22 85 1000
13971 52 a5 1000
13971 0a 92 1000
13972 5b ff 1000
13972 73 30 1000
13973 43 14 1000
13973 2b b5 1000
13973 5b a5 1000
13974 13 92 1000
13975 56 ff 1000
13975 6e 30 1000
13975 3e 17 1000
13976 26 1b 1000
13976 56 a5 1000
13976 0e 92 1000
13977 75 00 1000
13978 74 00 1000
13986 6a 80 1000
13986 6e 80 1000
13987 73 80 1000
13995 69 00 1000
14003 54 ff 1000
14004 6c 30 1000
14004 3c 03 1000
14004 24 fd 1000
14005 54 23 1000
14005 0c 93 1000
14006 5d ff 1000
14007 75 30 1000
14007 45 14 1000
14007 2d b5 1000
14008 5d 7f 1000
14008 15 85 1000
14016 6c 80 1000
14017 75 a0 1000
14019 6a 00 1000
14020 6e 00 1000
14021 72 00 1000
14029 50 ff 1000
14029 68 30 1000
14029 38 11 1000
14030 20 85 1000
14030 50 a5 1000
14030 08 92 1000
14031 53 ff 1000
14032 6b 30 1000
14032 3b 14 1000
14032 23 b5 1000
14033 53 a5 1000
14033 0b 92 1000
14034 51 ff 1000
14034 69 30 1000
14035 39 17 1000
14035 21 1b 1000
14035 51 a5 1000
14035 09 92 1000
14036 75 00 1000
14044 68 80 1000
14044 69 80 1000
14045 6b 80 1000
14053 6c 00 1000
14061 70 00 1000
14069 52 ff 1000
14070 6a 30 1000
14070 3a 03 1000
14070 22 fd 1000
14071 52 23 1000
14071 0a 93 1000
14072 56 ff 1000
14072 6e 30 1000
14073 3e 10 1000
14073 26 01 1000
14073 56 43 1000
14074 0e 86 1000
14075 5c ff 1000
14075 74 30 1000
14076 44 14 1000
14076 2c b5 1000
14076 5c 63 1000
14077 14 85 1000
14077 5d ff 1000
14077 75 30 1000
14078 45 11 1000
14078 2d 85 1000
14078 5d 43 1000
14079 15 80 1000
14087 6a 80 1000
14087 6e 80 1000
14088 74 a0 1000
14088 75 a0 1000
14096 6e 00 1000
14104 74 00 1000
14104 75 00 1000
14112 6a 00 1000
14120 5a ff 1000
14120 72 30 1000
14120 42 03 1000
14121 2a fd 1000
14121 5a 23 1000
14121 12 93 1000
14122 54 ff 1000
14123 6c 30 1000
14123 3c 10 1000
14123 24 01 1000
14124 54 43 1000
14124 0c 86 1000
14125 5c ff 1000
14126 74 30 1000
14126 44 14 1000
14126 2c b5 1000
14126 5c 9b 1000
14127 14 85 1000
14127 5d ff 1000
14128 75 30 1000
14128 45 11 1000
14128 2d 85 1000
14129 5d 43 1000
14129 15 80 1000
14137 6c 80 1000
14138 72 80 1000
14138 74 a0 1000
14138 75 a0 1000
14146 74 00 1000
14147 75 00 1000
14155 72 00 1000
14163 58 ff 1000
14163 70 30 1000
14163 40 03 1000
14164 28 fd 1000
14164 58 23 1000
14164 10 93 1000
14165 6c 00 1000
14167 56 ff 1000
14167 6e 30 1000
14167 3e 10 1000
14167 26 01 1000
14168 56 43 1000
14168 0e 86 1000
14170 5c ff 1000
14170 74 30 1000
14170 44 14 1000
14170 2c b5 1000
14171 5c 7f 1000
14171 14 85 1000
14171 5d ff 1000
14172 75 30 1000
14172 45 10 1000
14172 2d 7b 1000
14173 5d 47 1000
14173 15 81 1000
14181 6e 80 1000
14181 70 80 1000
14181 74 a0 1000
14182 75 a0 1000
14190 6e 00 1000
14198 74 00 1000
14198 75 00 1000
14206 70 00 1000
14214 52 ff 1000
14214 6a 30 1000
14214 3a 03 1000
14215 22 fd 1000
14215 52 23 1000
14215 0a 93 1000
14217 5a ff 1000
14217 72 30 1000
14217 42 10 1000
14217 2a 01 1000
14218 5a 43 1000
14218 12 86 1000
14220 5c ff 1000
14220 74 30 1000
14220 44 14 1000
14220 2c b5 1000
14221 5c 63 1000
14221 14 84 1000
14222 5d ff 1000
14222 75 30 1000
14222 45 11 1000
14222 2d 85 1000
14223 5d 43 1000
14223 15 80 1000
14231 6a 80 1000
14231 72 80 1000
14231 74 a0 1000
14232 75 a0 1000
14240 74 00 1000
14241 75 00 1000
14249 6a 00 1000
14251 72 00 1000
14259 6f 00 1000
14260 54 ff 1000
14261 6c 30 1000
14261 3c 03 1000
14261 24 fd 1000
14261 54 23 1000
14262 0c 93 1000
14263 56 ff 1000
14263 6e 30 1000
14264 3e 10 1000
14264 26 01 1000
14264 56 43 1000
14264 0e 86 1000
14266 5c ff 1000
14266 74 30 1000
14266 44 14 1000
14267 2c b5 1000
14267 5c 9b 1000
14267 14 85 1000
14268 5d ff 1000
14268 75 30 1000
14269 45 11 1000
14269 2d 85 1000
14269 5d 43 1000
14269 15 80 1000
14277 6c 80 1000
14277 6e 80 1000
14278 74 a0 1000
14278 75 a0 1000
14286 6e 00 1000
14294 74 00 1000
14295 75 00 1000
14303 6c 00 1000
14311 58 ff 1000
14312 70 30 1000
14312 40 03 1000
14312 28 fd 1000
14313 58 23 1000
14313 10 93 1000
14314 52 ff 1000
14314 6a 30 1000
14315 3a 10 1000
14315 22 01 1000
14315 52 43 1000
14316 0a 86 1000
14317 5c ff 1000
14317 74 30 1000
14318 44 14 1000
14318 2c b5 1000
14318 5c 7f 1000
14318 14 85 1000
14319 5d ff 1000
14319 75 30 1000
14320 45 10 1000
14320 2d 7b 1000
14320 5d 47 1000
14320 15 81 1000
14328 6a 80 1000
14328 70 80 1000
14329 74 a0 1000
14329 75 a0 1000
14337 74 00 1000
14337 75 00 1000
14345 70 00 1000
14353 5a ff 1000
14354 72 30 1000
14354 42 03 1000
14354 2a fd 1000
14354 5a 23 1000
14355 12 93 1000
14356 5c ff 1000
14357 74 30 1000
14357 44 14 1000
14357 2c b5 1000
14357 5c 9b 1000
14358 14 85 1000
14366 72 80 1000
14367 74 a0 1000
14375 74 00 1000
14383 72 00 1000
14391 57 ff 1000
14392 6f 30 1000
14392 3f 10 1000
14392 27 7b 1000
14393 57 59 1000
14393 0f 8f 1000
14394 56 ff 1000
14394 6e 30 1000
14395 3e 03 1000
14395 26 fd 1000
14395 56 23 1000
14396 0e 93 1000
14397 6a 00 1000
14398 54 ff 1000
14398 6c 30 1000
14398 3c 10 1000
14399 24 01 1000
14399 54 43 1000
14399 0c 86 1000
14400 68 00 1000
14401 69 00 1000
14402 6b 00 1000
14403 5d ff 1000
14404 75 30 1000
14404 45 14 1000
14404 2d b5 1000
14405 5d 63 1000
14405 15 85 1000
14406 5c ff 1000
14406 74 30 1000
14406 44 11 1000
14406 2c 85 1000
14407 5c 43 1000
14407 14 80 1000
14415 6c 80 1000
14416 6e 80 1000
14416 6f 80 1000
14416 74 a0 1000
14417 75 a0 1000
14425 6c 00 1000
14433 75 00 1000
14433 74 00 1000
14441 6e 00 1000
14449 58 ff 1000
14449 70 30 1000
14449 40 11 1000
14449 28 85 1000
14450 58 59 1000
14450 10 8e 1000
14451 6f 00 1000
14453 5a ff 1000
14453 72 30 1000
14453 42 05 1000
14453 2a 75 1000
14454 5a 23 1000
14454 12 93 1000
14455 52 ff 1000
14456 6a 30 1000
14456 3a 10 1000
14456 22 fb 1000
14456 52 43 1000
14457 0a 86 1000
14458 5d ff 1000
14458 75 30 1000
14459 45 14 1000
14459 2d b5 1000
14459 5d 9b 1000
14460 15 85 1000
14468 6a 80 1000
14468 70 80 1000
14468 72 80 1000
14468 75 a0 1000
14476 6d 00 1000
14477 71 00 1000
14478 73 00 1000
14486 75 00 1000
14494 70 00 1000
14496 72 00 1000
14504 6a 00 1000
14512 50 ff 1000
14512 68 30 1000
14512 38 11 1000
14513 20 85 1000
14513 50 59 1000
14513 08 8f 1000
14514 51 ff 1000
14515 69 30 1000
14515 39 05 1000
14515 21 75 1000
14516 51 23 1000
14516 09 93 1000
14517 53 ff 1000
14517 6b 30 1000
14518 3b 10 1000
14518 23 fb 1000
14518 53 43 1000
14519 0b 86 1000
14520 5c ff 1000
14520 74 30 1000
14521 44 14 1000
14521 2c b5 1000
14521 5c 7f 1000
14522 14 85 1000
14522 5d ff 1000
14522 75 30 1000
14523 45 10 1000
14523 2d 7b 1000
14523 5d 47 1000
14523 15 81 1000
14531 68 80 1000
14532 69 80 1000
14532 6b 80 1000
14532 74 a0 1000
14533 75 a0 1000
14541 6b 00 1000
14549 74 00 1000
14549 75 00 1000
14557 69 00 1000
14565 68 00 1000
14573 54 ff 1000
14573 6c 30 1000
14574 3c 12 1000
14574 24 15 1000
14574 54 59 1000
14574 0c 8f 1000
14576 56 ff 1000
14576 6e 30 1000
14576 3e 07 1000
14577 26 1b 1000
14577 56 23 1000
14577 0e 93 1000
14578 57 ff 1000
14579 6f 30 1000
14579 3f 07 1000
14579 27 1b 1000
14580 57 43 1000
14580 0f 87 1000
14581 55 ff 1000
14581 6d 30 1000
14582 3d 31 1000
14582 25 85 1000
14582 55 73 1000
14583 0d 92 1000
14584 5c ff 1000
14584 74 30 1000
14584 44 11 1000
14585 2c 85 1000
14585 5c 47 1000
14585 14 82 1000
14586 5d ff 1000
14586 75 30 1000
14586 45 11 1000
14587 2d 85 1000
14587 5d 43 1000
14587 15 80 1000
14595 6c 80 1000
14595 6d 80 1000
14595 6e 80 1000
14596 6f 80 1000
14596 74 a0 1000
14596 75 a0 1000
14604 74 00 1000
14605 75 00 1000
14613 59 ff 1000
14614 71 30 1000
14614 41 31 1000
14614 29 85 1000
14615 59 a5 1000
14615 11 92 1000
14623 71 80 1000
14631 6e 00 1000
14639 5b ff 1000
14640 73 30 1000
14640 43 07 1000
14640 2b 1b 1000
14640 5b 23 1000
14641 13 93 1000
14642 6f 00 1000
14643 58 ff 1000
14643 70 30 1000
14644 40 07 1000
14644 28 1b 1000
14644 58 43 1000
14645 10 87 1000
14646 5c ff 1000
14646 74 30 1000
14647 44 11 1000
14647 2c 85 1000
14647 5c 43 1000
14647 14 80 1000
14655 70 80 1000
14655 73 80 1000
14656 74 a0 1000
14664 70 00 1000
14672 74 00 1000
14680 73 00 1000
14688 5a ff 1000
14689 72 30 1000
14689 42 07 1000
14689 2a 1b 1000
14689 5a 23 1000
14690 12 93 1000
14691 52 ff 1000
14691 6a 30 1000
14692 3a 07 1000
14692 22 1b 1000
14692 52 43 1000
14692 0a 87 1000
14694 5d ff 1000
14694 75 30 1000
14694 45 10 1000
14695 2d 7b 1000
14695 5d 47 1000
14695 15 81 1000
14703 6a 80 1000
14703 72 80 1000
14704 75 a0 1000
14712 75 00 1000
14720 72 00 1000
14728 53 ff 1000
14728 6b 30 1000
14728 3b 07 1000
14728 23 1b 1000
14729 53 23 1000
14729 0b 93 1000
14730 5c ff 1000
14731 74 30 1000
14731 44 14 1000
14731 2c b5 1000
14732 5c 7f 1000
14732 14 85 1000
14740 6b 80 1000
14741 74 a0 1000
14749 74 00 1000
14757 6b 00 1000
14765 51 ff 1000
14765 69 30 1000
14765 39 07 1000
14766 21 1b 1000
14766 51 23 1000
14766 09 93 1000
14767 6a 00 1000
14769 50 ff 1000
14769 68 30 1000
14769 38 07 1000
14769 20 1b 1000
14770 50 43 1000
14770 08 87 1000
14771 5d ff 1000
14772 75 30 1000
14772 45 14 1000
14772 2d b5 1000
14772 5d 63 1000
14773 15 85 1000
14773 5c ff 1000
14774 74 30 1000
14774 44 11 1000
14774 2c 85 1000
14775 5c 43 1000
14775 14 80 1000
14783 68 80 1000
14784 69 80 1000
14784 74 a0 1000
14784 75 a0 1000
14792 68 00 1000
14800 75 00 1000
14800 74 00 1000
14808 69 00 1000
14816 56 ff 1000
14816 6e 30 1000
14816 3e 07 1000
14817 26 1b 1000
14817 56 23 1000
14817 0e 93 1000
14819 57 ff 1000
14819 6f 30 1000
14819 3f 07 1000
14819 27 1b 1000
14820 57 43 1000
14820 0f 87 1000
14821 5d ff 1000
14822 75 30 1000
14822 45 14 1000
14822 2d b5 1000
14822 5d 9b 1000
14823 15 85 1000
14823 5c ff 1000
14824 74 30 1000
14824 44 11 1000
14824 2c 85 1000
14825 5c 43 1000
14825 14 80 1000
14833 6e 80 1000
14833 6f 80 1000
14833 74 a0 1000
14833 75 a0 1000
14841 75 00 1000
14841 74 00 1000
14849 6e 00 1000
14857 6c 00 1000
14858 58 ff 1000
14858 70 30 1000
14858 40 10 1000
14859 28 7b 1000
14859 58 59 1000
14859 10 8f 1000
14861 5b ff 1000
14861 73 30 1000
14861 43 07 1000
14861 2b 1b 1000
14862 5b 23 1000
14862 13 93 1000
14863 6f 00 1000
14864 5a ff 1000
14865 72 30 1000
14865 42 07 1000
14865 2a 1b 1000
14866 5a 43 1000
14866 12 87 1000
14867 6d 00 1000
14868 5d ff 1000
14868 75 30 1000
14869 45 14 1000
14869 2d b5 1000
14869 5d 7f 1000
14870 15 85 1000
14870 5c ff 1000
14870 74 30 1000
14871 44 10 1000
14871 2c 7b 1000
14871 5c 47 1000
14872 14 81 1000
14880 70 80 1000
14880 72 80 1000
14880 73 80 1000
14881 74 a0 1000
14881 75 a0 1000
14889 72 00 1000
14897 75 00 1000
14897 74 00 1000
14905 73 00 1000
14913 70 00 1000
14921 53 ff 1000
14921 6b 30 1000
14921 3b 11 1000
14922 23 85 1000
14922 53 59 1000
14922 0b 8f 1000
14924 52 ff 1000
14924 6a 30 1000
14924 3a 05 1000
14924 22 75 1000
14925 52 23 1000
14925 0a 93 1000
14926 50 ff 1000
14927 68 30 1000
14927 38 10 1000
14927 20 fb 1000
14927 50 43 1000
14928 08 86 1000
14929 51 ff 1000
14929 69 30 1000
14930 39 31 1000
14930 21 85 1000
14930 51 73 1000
14931 09 92 1000
14932 5d ff 1000
14932 75 30 1000
14932 45 14 1000
14933 2d b5 1000
14933 5d 63 1000
14933 15 84 1000
14934 5c ff 1000
14934 74 30 1000
14934 44 11 1000
14935 2c 85 1000
14935 5c 43 1000
14935 14 80 1000
14943 68 80 1000
14943 69 80 1000
14943 6a 80 1000
14943 6b 80 1000
14944 74 a0 1000
14944 75 a0 1000
14952 69 00 1000
14953 75 00 1000
14954 74 00 1000
14962 56 ff 1000
14962 6e 30 1000
14962 3e 31 1000
14963 26 85 1000
14963 56 a5 1000
14963 0e 92 1000
14971 6e 80 1000
14979 6a 00 1000
14987 68 00 1000
14995 54 ff 1000
14995 6c 30 1000
14996 3c 05 1000
14996 24 75 1000
14996 54 23 1000
14997 0c 93 1000
14998 57 ff 1000
14998 6f 30 1000
14998 3f 10 1000
14999 27 fb 1000
14999 57 43 1000
14999 0f 86 1000
15001 5d ff 1000
15001 75 30 1000
15001 45 14 1000
15002 2d b5 1000
15002 5d 9b 1000
15002 15 85 1000
15003 5c ff 1000
15003 74 30 1000
15003 44 11 1000
15004 2c 85 1000
15004 5c 43 1000
15004 14 80 1000
15012 6c 80 1000
15012 6f 80 1000
15013 74 a0 1000
15013 75 a0 1000
15021 6f 00 1000
15029 75 00 1000
15030 74 00 1000
15038 6c 00 1000
15046 55 ff 1000
15047 6d 30 1000
15047 3d 05 1000
15047 25 75 1000
15048 55 23 1000
15048 0d 93 1000
15049 5a ff 1000
15049 72 30 1000
15050 42 10 1000
15050 2a fb 1000
15050 5a 43 1000
15051 12 86 1000
15052 5d ff 1000
15052 75 30 1000
15053 45 14 1000
15053 2d b5 1000
15053 5d 7f 1000
15053 15 85 1000
15054 5c ff 1000
15054 74 30 1000
15055 44 10 1000
15055 2c 7b 1000
15055 5c 47 1000
15055 14 81 1000
15063 6d 80 1000
15063 72 80 1000
15064 74 a0 1000
15064 75 a0 1000
15072 75 00 1000
15072 74 00 1000
15080 6d 00 1000
15088 5b ff 1000
15088 73 30 1000
15088 43 05 1000
15089 2b 75 1000
15089 5b 23 1000
15089 13 93 1000
15091 5d ff 1000
15091 75 30 1000
15091 45 14 1000
15091 2d b5 1000
15092 5d 9b 1000
15092 15 85 1000
15100 73 80 1000
15100 75 a0 1000
15108 75 00 1000
15116 73 00 1000
15124 72 00 1000
15132 58 ff 1000
15132 70 30 1000
15132 40 05 1000
15132 28 75 1000
15133 58 23 1000
15133 10 93 1000
15134 51 ff 1000
15135 69 30 1000
15135 39 10 1000
15135 21 fb 1000
15135 51 43 1000
15136 09 86 1000
15137 5c ff 1000
15137 74 30 1000
15138 44 14 1000
15138 2c b5 1000
15138 5c 63 1000
15139 14 85 1000
15139 5d ff 1000
15140 75 30 1000
15140 45 11 1000
15140 2d 85 1000
15140 5d 43 1000
15141 15 80 1000
15149 69 80 1000
15150 70 80 1000
15150 74 a0 1000
15150 75 a0 1000
15158 69 00 1000
15166 74 00 1000
15166 75 00 1000
15174 70 00 1000
15182 6b 00 1000
15190 52 ff 1000
15190 6a 30 1000
15190 3a 07 1000
15191 22 1b 1000
15191 52 59 1000
15191 0a 8f 1000
15192 50 ff 1000
15193 68 30 1000
15193 38 05 1000
15193 20 75 1000
15194 50 23 1000
15194 08 93 1000
15195 57 ff 1000
15195 6f 30 1000
15196 3f 10 1000
15196 27 fb 1000
15196 57 43 1000
15197 0f 86 1000
15198 5c ff 1000
15198 74 30 1000
15199 44 14 1000
15199 2c b5 1000
15199 5c 9b 1000
15199 14 85 1000
15207 68 80 1000
15207 6a 80 1000
15207 6f 80 1000
15207 74 a0 1000
15215 74 00 1000
15223 68 00 1000
15231 6f 00 1000
15239 54 ff 1000
15239 6c 30 1000
15239 3c 05 1000
15240 24 75 1000
15240 54 23 1000
15240 0c 93 1000
15242 55 ff 1000
15242 6d 30 1000
15242 3d 10 1000
15242 25 fb 1000
15243 55 43 1000
15243 0d 86 1000
15244 5d ff 1000
15245 75 30 1000
15245 45 14 1000
15245 2d b5 1000
15246 5d 7f 1000
15246 15 85 1000
15246 5c ff 1000
15247 74 30 1000
15247 44 10 1000
15247 2c 7b 1000
15248 5c 47 1000
15248 14 81 1000
15256 6c 80 1000
15256 6d 80 1000
15256 74 a0 1000
15257 75 a0 1000
15265 6d 00 1000
15273 75 00 1000
15274 74 00 1000
15282 6c 00 1000
15290 5b ff 1000
15290 73 30 1000
15291 43 03 1000
15291 2b fd 1000
15291 5b 23 1000
15292 13 93 1000
15293 5a ff 1000
15293 72 30 1000
15293 42 10 1000
15294 2a 01 1000
15294 5a 43 1000
15294 12 86 1000
15295 6e 00 1000
15297 5d ff 1000
15297 75 30 1000
15297 45 14 1000
15298 2d b5 1000
15298 5d 63 1000
15298 15 84 1000
15299 5c ff 1000
15299 74 30 1000
15299 44 11 1000
15300 2c 85 1000
15300 5c 43 1000
15300 14 80 1000
15308 72 80 1000
15308 73 80 1000
15309 74 a0 1000
15309 75 a0 1000
15317 75 00 1000
15318 74 00 1000
15326 6a 00 1000
15334 51 ff 1000
15334 69 30 1000
15334 39 11 1000
15335 21 85 1000
15335 51 59 1000
15335 09 8f 1000
15337 58 ff 1000
15337 70 30 1000
15338 40 13 1000
15338 28 51 1000
15338 58 73 1000
15338 10 92 1000
15340 53 ff 1000
15340 6b 30 1000
15340 3b 16 1000
15340 23 43 1000
15341 53 73 1000
15341 0b 92 1000
15342 50 ff 1000
15342 68 30 1000
15343 38 20 1000
15343 20 7b 1000
15343 50 73 1000
15344 08 92 1000
15352 68 80 1000
15352 69 80 1000
15352 6b 80 1000
15353 70 80 1000
15361 71 00 1000
15369 73 00 1000
15377 69 00 1000
15378 57 ff 1000
15378 6f 30 1000
15379 3f 10 1000
15379 27 7b 1000
15379 57 59 1000
15379 0f 8f 1000
15381 55 ff 1000
15381 6d 30 1000
15381 3d 03 1000
15382 25 fd 1000
15382 55 23 1000
15382 0d 93 1000
15383 72 00 1000
15385 54 ff 1000
15385 6c 30 1000
15385 3c 10 1000
15386 24 01 1000
15386 54 43 1000
15386 0c 86 1000
15387 70 00 1000
15388 68 00 1000
15389 6b 00 1000
15391 56 ff 1000
15391 6e 30 1000
15391 3e 11 1000
15391 26 85 1000
15392 56 73 1000
15392 0e 92 1000
15393 52 ff 1000
15393 6a 30 1000
15394 3a 14 1000
15394 22 b5 1000
15394 52 73 1000
15395 0a 92 1000
15396 59 ff 1000
15396 71 30 1000
15396 41 17 1000
15397 29 1b 1000
15397 59 73 1000
15397 11 92 1000
15398 5d ff 1000
15399 75 30 1000
15399 45 14 1000
15399 2d b5 1000
15399 5d 63 1000
15400 15 85 1000
15400 5c ff 1000
15401 74 30 1000
15401 44 11 1000
15401 2c 85 1000
15402 5c 43 1000
15402 14 80 1000
15410 6a 80 1000
15410 6c 80 1000
15411 6d 80 1000
15411 6e 80 1000
15411 6f 80 1000
15411 71 80 1000
15412 74 a0 1000
15412 75 a0 1000
15420 6c 00 1000
15428 5b ff 1000
15428 73 30 1000
15428 43 13 1000
15429 2b 51 1000
15429 5b a5 1000
15429 13 92 1000
15430 51 ff 1000
15431 69 30 1000
15431 39 16 1000
15431 21 43 1000
15431 51 a5 1000
15432 09 92 1000
15433 5a ff 1000
15433 72 30 1000
15433 42 20 1000
15434 2a 7b 1000
15434 5a a5 1000
15434 12 92 1000
15435 75 00 1000
15436 74 00 1000
15444 69 80 1000
15444 72 80 1000
15445 73 80 1000
15453 6d 00 1000
15454 6e 00 1000
15455 71 00 1000
15456 6a 00 1000
15464 58 ff 1000
15464 70 30 1000
15464 40 03 1000
15464 28 fd 1000
15465 58 23 1000
15465 10 93 1000
15466 50 ff 1000
15467 68 30 1000
15467 38 10 1000
15467 20 01 1000
15467 50 43 1000
15468 08 86 1000
15469 53 ff 1000
15469 6b 30 1000
15470 3b 11 1000
15470 23 85 1000
15470 53 73 1000
15471 0b 92 1000
15472 54 ff 1000
15472 6c 30 1000
15472 3c 14 1000
15473 24 b5 1000
15473 54 73 1000
15473 0c 92 1000
15474 55 ff 1000
15475 6d 30 1000
15475 3d 17 1000
15475 25 1b 1000
15475 55 73 1000
15476 0d 92 1000
15477 5d ff 1000
15477 75 30 1000
15477 45 14 1000
15478 2d b5 1000
15478 5d 9b 1000
15478 15 85 1000
15479 5c ff 1000
15479 74 30 1000
15479 44 10 1000
15480 2c 7b 1000
15480 5c 47 1000
15480 14 81 1000
15488 68 80 1000
15488 6b 80 1000
15489 6c 80 1000
15489 6d 80 1000
15489 70 80 1000
15490 74 a0 1000
15490 75 a0 1000
15498 73 00 1000
15499 72 00 1000
15500 69 00 1000
15501 56 ff 1000
15501 6e 30 1000
15502 3e 11 1000
15502 26 85 1000
15502 56 a5 1000
15503 0e 92 1000
15504 59 ff 1000
15504 71 30 1000
15504 41 14 1000
15505 29 b5 1000
15505 59 a5 1000
15505 11 92 1000
15506 52 ff 1000
15507 6a 30 1000
15507 3a 17 1000
15507 22 1b 1000
15507 52 a5 1000
15508 0a 92 1000
15516 6a 80 1000
15517 6e 80 1000
15517 71 80 1000
15519 75 00 1000
15519 74 00 1000
15527 70 00 1000
15535 5b ff 1000
15535 73 30 1000
15535 43 03 1000
15535 2b fd 1000
15536 5b 23 1000
15536 13 93 1000
15537 5d ff 1000
15538 75 30 1000
15538 45 14 1000
15538 2d b5 1000
15539 5d 7f 1000
15539 15 85 1000
15547 73 80 1000
15548 75 a0 1000
15550 6b 00 1000
15551 6a 00 1000
15552 6c 00 1000
15560 5a ff 1000
15560 72 30 1000
15561 42 11 1000
15561 2a 85 1000
15561 5a a5 1000
15561 12 92 1000
15563 51 ff 1000
15563 69 30 1000
15563 39 14 1000
15563 21 b5 1000
15564 51 a5 1000
15564 09 92 1000
15565 58 ff 1000
15565 70 30 1000
15566 40 17 1000
15566 28 1b 1000
15566 58 a5 1000
15567 10 92 1000
15568 75 00 1000
15576 69 80 1000
15577 70 80 1000
15577 72 80 1000
15585 73 00 1000
15593 53 ff 1000
15593 6b 30 1000
15593 3b 03 1000
15594 23 fd 1000
15594 53 23 1000
15594 0b 93 1000
15595 68 00 1000
15596 52 ff 1000
15597 6a 30 1000
15597 3a 10 1000
15597 22 01 1000
15598 52 43 1000
15598 0a 86 1000
15599 5c ff 1000
15600 74 30 1000
15600 44 14 1000
15600 2c b5 1000
15600 5c 63 1000
15601 14 85 1000
15601 5d ff 1000
15602 75 30 1000
15602 45 11 1000
15602 2d 85 1000
15603 5d 43 1000
15603 15 80 1000
15611 6a 80 1000
15612 6b 80 1000
15612 74 a0 1000
15612 75 a0 1000
15620 6a 00 1000
15628 74 00 1000
15628 75 00 1000
15636 6b 00 1000
15644 54 ff 1000
15644 6c 30 1000
15644 3c 03 1000
15645 24 fd 1000
15645 54 23 1000
15645 0c 93 1000
15646 5b ff 1000
15647 73 30 1000
15647 43 10 1000
15647 2b 01 1000
15648 5b 43 1000
15648 13 86 1000
15649 5c ff 1000
15650 74 30 1000
15650 44 14 1000
15650 2c b5 1000
15650 5c 9b 1000
15651 14 85 1000
15651 5d ff 1000
15652 75 30 1000
15652 45 11 1000
15652 2d 85 1000
15653 5d 43 1000
15653 15 80 1000
15661 6c 80 1000
15661 73 80 1000
15661 74 a0 1000
15661 75 a0 1000
15669 74 00 1000
15670 75 00 1000
15678 6c 00 1000
15686 50 ff 1000
15686 68 30 1000
15687 38 03 1000
15687 20 fd 1000
15687 50 23 1000
15687 08 93 1000
15689 73 00 1000
15690 52 ff 1000
15690 6a 30 1000
15690 3a 10 1000
15691 22 01 1000
15691 52 43 1000
15691 0a 86 1000
15693 5c ff 1000
15693 74 30 1000
15693 44 14 1000
15694 2c b5 1000
15694 5c 7f 1000
15694 14 85 1000
15695 5d ff 1000
15695 75 30 1000
15695 45 10 1000
15696 2d 7b 1000
15696 5d 47 1000
15696 15 81 1000
15704 68 80 1000
15704 6a 80 1000
15704 74 a0 1000
15705 75 a0 1000
15713 6a 00 1000
15721 74 00 1000
15722 75 00 1000
15730 68 00 1000
15738 53 ff 1000
15738 6b 30 1000
15739 3b 03 1000
15739 23 fd 1000
15739 53 23 1000
15739 0b 93 1000
15741 54 ff 1000
15741 6c 30 1000
15741 3c 10 1000
15742 24 01 1000
15742 54 43 1000
15742 0c 86 1000
15744 5c ff 1000
15744 74 30 1000
15744 44 14 1000
15744 2c b5 1000
15745 5c 63 1000
15745 14 84 1000
15746 5d ff 1000
15746 75 30 1000
15746 45 11 1000
15747 2d 85 1000
15747 5d 43 1000
15747 15 80 1000
15755 6b 80 1000
15755 6c 80 1000
15755 74 a0 1000
15756 75 a0 1000
15764 74 00 1000
15765 75 00 1000
15773 6b 00 1000
15774 6c 00 1000
15782 6f 00 1000
15784 5b ff 1000
15784 73 30 1000
15784 43 03 1000
15784 2b fd 1000
15785 5b 23 1000
15785 13 93 1000
15786 52 ff 1000
15787 6a 30 1000
15787 3a 10 1000
15787 22 01 1000
15787 52 43 1000
15788 0a 86 1000
15789 5c ff 1000
15789 74 30 1000
15790 44 14 1000
15790 2c b5 1000
15790 5c 9b 1000
15791 14 85 1000
15791 5d ff 1000
15792 75 30 1000
15792 45 11 1000
15792 2d 85 1000
15792 5d 43 1000
15793 15 80 1000
15801 6a 80 1000
15802 73 80 1000
15802 74 a0 1000
15802 75 a0 1000
15810 6a 00 1000
15818 74 00 1000
15819 75 00 1000
15827 73 00 1000
15835 50 ff 1000
15836 68 30 1000
15836 38 03 1000
15836 20 fd 1000
15837 50 23 1000
15837 08 93 1000
15838 53 ff 1000
15838 6b 30 1000
15839 3b 10 1000
15839 23 01 1000
15839 53 43 1000
15840 0b 86 1000
15841 5c ff 1000
15841 74 30 1000
15842 44 14 1000
15842 2c b5 1000
15842 5c 7f 1000
15842 14 85 1000
15843 5d ff 1000
15843 75 30 1000
15844 45 10 1000
15844 2d 7b 1000
15844 5d 47 1000
15844 15 81 1000
15852 68 80 1000
15852 6b 80 1000
15853 74 a0 1000
15853 75 a0 1000
15861 74 00 1000
15861 75 00 1000
15869 68 00 1000
15877 54 ff 1000
15877 6c 30 1000
15877 3c 03 1000
15878 24 fd 1000
15878 54 23 1000
15878 0c 93 1000
15880 5c ff 1000
15880 74 30 1000
15880 44 14 1000
15880 2c b5 1000
15881 5c 9b 1000
15881 14 85 1000
15889 6c 80 1000
15890 74 a0 1000
15898 74 00 1000
15906 6c 00 1000
15914 6b 00 1000
15922 57 ff 1000
15923 6f 30 1000
15923 3f 10 1000
15923 27 7b 1000
15924 57 59 1000
15924 0f 8f 1000
15925 52 ff 1000
15926 6a 30 1000
15926 3a 03 1000
15926 22 fd 1000
15926 52 23 1000
15927 0a 93 1000
15928 5b ff 1000
15928 73 30 1000
15929 43 10 1000
15929 2b 01 1000
15929 5b 43 1000
15929 13 86 1000
15931 6e 00 1000
15932 6d 00 1000
15933 69 00 1000
15934 5d ff 1000
15934 75 30 1000
15934 45 14 1000
15935 2d b5 1000
15935 5d 63 1000
15935 15 85 1000
15936 5c ff 1000
15936 74 30 1000
15936 44 11 1000
15937 2c 85 1000
15937 5c 43 1000
15937 14 80 1000
15945 6a 80 1000
15946 6f 80 1000
15946 73 80 1000
15946 74 a0 1000
15947 75 a0 1000
15955 73 00 1000
15963 75 00 1000
15963 74 00 1000
15971 6a 00 1000
15979 50 ff 1000
15979 68 30 1000
15979 38 11 1000
15980 20 85 1000
15980 50 59 1000
15980 08 8e 1000
15981 6f 00 1000
15983 54 ff 1000
15983 6c 30 1000
15983 3c 05 1000
15983 24 75 1000
15984 54 23 1000
15984 0c 93 1000
15985 53 ff 1000
15986 6b 30 1000
15986 3b 10 1000
15986 23 fb 1000
15986 53 43 1000
15987 0b 86 1000
15988 56 ff 1000
15988 6e 30 1000
15989 3e 30 1000
15989 26 7b 1000
15989 56 87 1000
15990 0e 92 1000
15991 55 ff 1000
15991 6d 30 1000
15992 3d 26 1000
15992 25 43 1000
15992 55 87 1000
15993 0d 92 1000
15994 5d ff 1000
15994 75 30 1000
15994 45 14 1000
15994 2d b5 1000
15995 5d 9b 1000
15995 15 85 1000
16003 68 80 1000
16003 6b 80 1000
16003 6c 80 1000
16003 6d 80 1000
16004 6e 80 1000
16004 75 a0 1000
16012 72 00 1000
16013 70 00 1000
16014 71 00 1000
16015 75 00 1000
16023 68 00 1000
16024 6c 00 1000
16032 6b 00 1000
16033 6e 00 1000
16034 6d 00 1000
16042 51 ff 1000
16042 69 30 1000
16042 39 07 1000
16043 21 1b 1000
16043 51 59 1000
16043 09 8f 1000
16045 5b ff 1000
16045 73 30 1000
16045 43 05 1000
16045 2b 75 1000
16046 5b 23 1000
16046 13 93 1000
16047 52 ff 1000
16047 6a 30 1000
16048 3a 10 1000
16048 22 fb 1000
16048 52 43 1000
16049 0a 86 1000
16050 57 ff 1000
16050 6f 30 1000
16051 3f 31 1000
16051 27 85 1000
16051 57 87 1000
16052 0f 92 1000
16053 5a ff 1000
16053 72 30 1000
16053 42 27 1000
16054 2a 1b 1000
16054 5a 87 1000
16054 12 92 1000
16055 5c ff 1000
16056 74 30 1000
16056 44 14 1000
16056 2c b5 1000
16056 5c 7f 1000
16057 14 85 1000
16057 5d ff 1000
16058 75 30 1000
16058 45 10 1000
16058 2d 7b 1000
16058 5d 47 1000
16059 15 81 1000
16067 69 80 1000
16067 6a 80 1000
16067 6f 80 1000
16067 72 80 1000
16068 73 80 1000
16068 74 a0 1000
16068 75 a0 1000
16076 6a 00 1000
16084 58 ff 1000
16084 70 30 1000
16084 40 30 1000
16084 28 7b 1000
16085 58 a5 1000
16085 10 92 1000
16093 70 80 1000
16095 74 00 1000
16096 75 00 1000
16104 73 00 1000
16112 69 00 1000
16114 6f 00 1000
16115 72 00 1000
16123 59 ff 1000
16123 71 30 1000
16124 41 10 1000
16124 29 7b 1000
16124 59 59 1000
16124 11 8f 1000
16126 50 ff 1000
16126 68 30 1000
16126 38 07 1000
16127 20 1b 1000
16127 50 23 1000
16127 08 93 1000
16129 54 ff 1000
16129 6c 30 1000
16129 3c 07 1000
16130 24 1b 1000
16130 54 43 1000
16130 0c 87 1000
16132 53 ff 1000
16132 6b 30 1000
16132 3b 27 1000
16133 23 1b 1000
16133 53 87 1000
16133 0b 92 1000
16135 56 ff 1000
16135 6e 30 1000
16135 3e 24 1000
16136 26 b5 1000
16136 56 87 1000
16136 0e 92 1000
16137 5c ff 1000
16137 74 30 1000
16138 44 11 1000
16138 2c 85 1000
16138 5c 47 1000
16139 14 82 1000
16139 5d ff 1000
16140 75 30 1000
16140 45 11 1000
16140 2d 85 1000
16140 5d 43 1000
16141 15 80 1000
16149 68 80 1000
16149 6b 80 1000
16149 6c 80 1000
16150 6e 80 1000
16150 71 80 1000
16150 74 a0 1000
16151 75 a0 1000
16159 70 00 1000
16167 55 ff 1000
16167 6d 30 1000
16167 3d 31 1000
16167 25 85 1000
16168 55 a5 1000
16168 0d 92 1000
16169 74 00 1000
16169 75 00 1000
16177 6d 80 1000
16185 71 00 1000
16193 6d 00 1000
16201 52 ff 1000
16201 6a 30 1000
16201 3a 27 1000
16202 22 1b 1000
16202 52 a5 1000
16202 0a 92 1000
16210 6a 80 1000
16218 68 00 1000
16226 6c 00 1000
16234 5b ff 1000
16235 73 30 1000
16235 43 07 1000
16235 2b 1b 1000
16236 5b 23 1000
16236 13 93 1000
16237 51 ff 1000
16237 69 30 1000
16238 39 07 1000
16238 21 1b 1000
16238 51 43 1000
16239 09 87 1000
16240 5c ff 1000
16240 74 30 1000
16241 44 11 1000
16241 2c 85 1000
16241 5c 43 1000
16241 14 80 1000
16249 69 80 1000
16249 73 80 1000
16250 74 a0 1000
16258 69 00 1000
16266 74 00 1000
16274 73 00 1000
16282 57 ff 1000
16282 6f 30 1000
16282 3f 07 1000
16282 27 1b 1000
16283 57 23 1000
16283 0f 93 1000
16284 5a ff 1000
16285 72 30 1000
16285 42 07 1000
16285 2a 1b 1000
16285 5a 43 1000
16286 12 87 1000
16287 5d ff 1000
16287 75 30 1000
16288 45 10 1000
16288 2d 7b 1000
16288 5d 47 1000
16289 15 81 1000
16297 6f 80 1000
16298 72 80 1000
16298 75 a0 1000
16306 75 00 1000
16314 6f 00 1000
16322 58 ff 1000
16322 70 30 1000
16322 40 07 1000
16322 28 1b 1000
16323 58 23 1000
16323 10 93 1000
16325 5c ff 1000
16325 74 30 1000
16325 44 14 1000
16325 2c b5 1000
16326 5c 7f 1000
16326 14 85 1000
16334 70 80 1000
16335 74 a0 1000
16343 74 00 1000
16351 70 00 1000
16359 59 ff 1000
16359 71 30 1000
16359 41 07 1000
16360 29 1b 1000
16360 59 23 1000
16360 11 93 1000
16361 72 00 1000
16363 55 ff 1000
16363 6d 30 1000
16363 3d 07 1000
16364 25 1b 1000
16364 55 43 1000
16364 0d 87 1000
16366 5d ff 1000
16366 75 30 1000
16366 45 14 1000
16366 2d b5 1000
16367 5d 63 1000
16367 15 85 1000
16368 5c ff 1000
16368 74 30 1000
16368 44 11 1000
16368 2c 85 1000
16369 5c 43 1000
16369 14 80 1000
16377 6d 80 1000
16377 71 80 1000
16377 74 a0 1000
16377 75 a0 1000
16385 6d 00 1000
16393 75 00 1000
16394 74 00 1000
16402 71 00 1000
16410 6a 00 1000
16411 6e 00 1000
16419 50 ff 1000
16419 68 30 1000
16419 38 07 1000
16420 20 1b 1000
16420 50 23 1000
16420 08 93 1000
16422 54 ff 1000
16422 6c 30 1000
16422 3c 07 1000
16422 24 1b 1000
16423 54 43 1000
16423 0c 87 1000
16424 51 ff 1000
16425 69 30 1000
16425 39 30 1000
16425 21 7b 1000
16426 51 87 1000
16426 09 92 1000
16427 5b ff 1000
16427 73 30 1000
16428 43 26 1000
16428 2b 43 1000
16428 5b 87 1000
16429 13 92 1000
16430 5d ff 1000
16430 75 30 1000
16430 45 14 1000
16430 2d b5 1000
16431 5d 9b 1000
16431 15 85 1000
16432 5c ff 1000
16432 74 30 1000
16432 44 11 1000
16433 2c 85 1000
16433 5c 43 1000
16433 14 80 1000
16441 68 80 1000
16442 69 80 1000
16442 6c 80 1000
16442 73 80 1000
16443 74 a0 1000
16443 75 a0 1000
16451 75 00 1000
16452 74 00 1000
16460 68 00 1000
16468 57 ff 1000
16468 6f 30 1000
16469 3f 07 1000
16469 27 1b 1000
16469 57 23 1000
16469 0f 93 1000
16471 6c 00 1000
16472 58 ff 1000
16472 70 30 1000
16472 40 07 1000
16473 28 1b 1000
16473 58 43 1000
16473 10 87 1000
16474 69 00 1000
16476 5a ff 1000
16476 72 30 1000
16476 42 31 1000
16476 2a 85 1000
16477 5a 87 1000
16477 12 92 1000
16478 73 00 1000
16480 55 ff 1000
16480 6d 30 1000
16480 3d 27 1000
16480 25 1b 1000
16481 55 87 1000
16481 0d 92 1000
16482 5d ff 1000
16482 75 30 1000
16483 45 14 1000
16483 2d b5 1000
16483 5d 7f 1000
16483 15 85 1000
16484 5c ff 1000
16484 74 30 1000
16485 44 10 1000
16485 2c 7b 1000
16485 5c 47 1000
16485 14 81 1000
16493 6d 80 1000
16493 6f 80 1000
16493 70 80 1000
16494 72 80 1000
16494 74 a0 1000
16494 75 a0 1000
16502 70 00 1000
16504 6b 00 1000
16512 59 ff 1000
16513 71 30 1000
16513 41 30 1000
16513 29 7b 1000
16514 59 a5 1000
16514 11 92 1000
16515 75 00 1000
16515 74 00 1000
16523 71 80 1000
16531 6f 00 1000
16539 72 00 1000
16540 6d 00 1000
16548 52 ff 1000
16549 6a 30 1000
16549 3a 05 1000
16549 22 75 1000
16549 52 23 1000
16550 0a 93 1000
16551 56 ff 1000
16551 6e 30 1000
16552 3e 10 1000
16552 26 fb 1000
16552 56 43 1000
16552 0e 86 1000
16554 50 ff 1000
16554 68 30 1000
16554 38 26 1000
16555 20 43 1000
16555 50 87 1000
16555 08 92 1000
16557 54 ff 1000
16557 6c 30 1000
16557 3c 23 1000
16557 24 51 1000
16558 54 87 1000
16558 0c 92 1000
16559 5d ff 1000
16559 75 30 1000
16560 45 14 1000
16560 2d b5 1000
16560 5d 63 1000
16560 15 84 1000
16561 5c ff 1000
16561 74 30 1000
16562 44 11 1000
16562 2c 85 1000
16562 5c 43 1000
16563 14 80 1000
16571 68 80 1000
16571 6a 80 1000
16571 6c 80 1000
16572 6e 80 1000
16572 74 a0 1000
16572 75 a0 1000
16580 71 00 1000
16581 51 ff 1000
16581 69 30 1000
16581 39 31 1000
16582 21 85 1000
16582 51 a5 1000
16582 09 92 1000
16590 69 80 1000
16592 75 00 1000
16593 74 00 1000
16601 69 00 1000
16609 5b ff 1000
16609 73 30 1000
16609 43 26 1000
16610 2b 43 1000
16610 5b a5 1000
16610 13 92 1000
16618 73 80 1000
16626 6a 00 1000
16634 58 ff 1000
16635 70 30 1000
16635 40 05 1000
16635 28 75 1000
16636 58 23 1000
16636 10 93 1000
16637 6e 00 1000
16638 53 ff 1000
16639 6b 30 1000
16639 3b 10 1000
16639 23 fb 1000
16639 53 43 1000
16640 0b 86 1000
16641 5d ff 1000
16641 75 30 1000
16642 45 14 1000
16642 2d b5 1000
16642 5d 9b 1000
16643 15 85 1000
16643 5c ff 1000
16643 74 30 1000
16644 44 11 1000
16644 2c 85 1000
16644 5c 43 1000
16645 14 80 1000
16653 6b 80 1000
16653 70 80 1000
16654 74 a0 1000
16654 75 a0 1000
16662 6b 00 1000
16670 75 00 1000
16671 74 00 1000
16679 70 00 1000
16687 57 ff 1000
16688 6f 30 1000
16688 3f 05 1000
16688 27 75 1000
16689 57 23 1000
16689 0f 93 1000
16690 5a ff 1000
16690 72 30 1000
16691 42 10 1000
16691 2a fb 1000
16691 5a 43 1000
16692 12 86 1000
16693 5d ff 1000
16693 75 30 1000
16694 45 14 1000
16694 2d b5 1000
16694 5d 7f 1000
16694 15 85 1000
16695 5c ff 1000
16695 74 30 1000
16696 44 10 1000
16696 2c 7b 1000
16696 5c 47 1000
16696 14 81 1000
16704 6f 80 1000
16705 72 80 1000
16705 74 a0 1000
16705 75 a0 1000
16713 75 00 1000
16713 74 00 1000
16721 6f 00 1000
16729 55 ff 1000
16729 6d 30 1000
16729 3d 05 1000
16730 25 75 1000
16730 55 23 1000
16730 0d 93 1000
16732 5d ff 1000
16732 75 30 1000
16732 45 14 1000
16732 2d b5 1000
16733 5d 9b 1000
16733 15 85 1000
16741 6d 80 1000
16742 75 a0 1000
16750 75 00 1000
16758 6d 00 1000
16766 72 00 1000
16774 59 ff 1000
16774 71 30 1000
16774 41 05 1000
16775 29 75 1000
16775 59 23 1000
16775 11 93 1000
16776 51 ff 1000
16777 69 30 1000
16777 39 10 1000
16777 21 fb 1000
16778 51 43 1000
16778 09 86 1000
16779 5c ff 1000
16780 74 30 1000
16780 44 14 1000
16780 2c b5 1000
16780 5c 63 1000
16781 14 85 1000
16781 5d ff 1000
16782 75 30 1000
16782 45 11 1000
16782 2d 85 1000
16783 5d 43 1000
16783 15 80 1000
16791 69 80 1000
16792 71 80 1000
16792 74 a0 1000
16792 75 a0 1000
16800 69 00 1000
16808 74 00 1000
16808 75 00 1000
16816 71 00 1000
16824 68 00 1000
16825 6c 00 1000
16833 52 ff 1000
16833 6a 30 1000
16834 3a 05 1000
16834 22 75 1000
16834 52 23 1000
16834 0a 93 1000
16836 56 ff 1000
16836 6e 30 1000
16836 3e 10 1000
16836 26 fb 1000
16837 56 43 1000
16837 0e 86 1000
16838 53 ff 1000
16839 6b 30 1000
16839 3b 30 1000
16839 23 7b 1000
16840 53 87 1000
16840 0b 92 1000
16841 58 ff 1000
16842 70 30 1000
16842 40 26 1000
16842 28 43 1000
16842 58 87 1000
16843 10 92 1000
16844 5c ff 1000
16844 74 30 1000
16844 44 14 1000
16845 2c b5 1000
16845 5c 9b 1000
16845 14 85 1000
16853 6a 80 1000
16853 6b 80 1000
16853 6e 80 1000
16854 70 80 1000
16854 74 a0 1000
16862 74 00 1000
16870 6a 00 1000
16878 57 ff 1000
16878 6f 30 1000
16879 3f 05 1000
16879 27 75 1000
16879 57 23 1000
16880 0f 93 1000
16881 6e 00 1000
16882 55 ff 1000
16882 6d 30 1000
16882 3d 10 1000
16883 25 fb 1000
16883 55 43 1000
16883 0d 86 1000
16884 6b 00 1000
16886 5a ff 1000
16886 72 30 1000
16886 42 31 1000
16887 2a 85 1000
16887 5a 87 1000
16887 12 92 1000
16888 70 00 1000
16890 51 ff 1000
16890 69 30 1000
16890 39 27 1000
16891 21 1b 1000
16891 51 87 1000
16891 09 92 1000
16892 5d ff 1000
16892 75 30 1000
16893 45 14 1000
16893 2d b5 1000
16893 5d 7f 1000
16894 15 85 1000
16894 5c ff 1000
16894 74 30 1000
16895 44 10 1000
16895 2c 7b 1000
16895 5c 47 1000
16896 14 81 1000
16904 69 80 1000
16904 6d 80 1000
16904 6f 80 1000
16905 72 80 1000
16905 74 a0 1000
16905 75 a0 1000
16913 6d 00 1000
16915 73 00 1000
16923 59 ff 1000
16923 71 30 1000
16923 41 30 1000
16923 29 7b 1000
16924 59 a5 1000
16924 11 92 1000
16932 71 80 1000
16934 75 00 1000
16935 74 00 1000
16943 6f 00 1000
16951 72 00 1000
16952 69 00 1000
16960 50 ff 1000
16960 68 30 1000
16961 38 03 1000
16961 20 fd 1000
16961 50 23 1000
16962 08 93 1000
16963 54 ff 1000
16963 6c 30 1000
16963 3c 10 1000
16964 24 01 1000
16964 54 43 1000
16964 0c 86 1000
16966 52 ff 1000
16966 6a 30 1000
16966 3a 24 1000
16967 22 b5 1000
16967 52 87 1000
16967 0a 92 1000
16969 56 ff 1000
16969 6e 30 1000
16969 3e 22 1000
16969 26 15 1000
16970 56 87 1000
16970 0e 92 1000
16971 5d ff 1000
16971 75 30 1000
16972 45 14 1000
16972 2d b5 1000
16972 5d 63 1000
16972 15 84 1000
16973 5c ff 1000
16973 74 30 1000
16974 44 11 1000
16974 2c 85 1000
16974 5c 43 1000
16974 14 80 1000
16982 68 80 1000
16982 6a 80 1000
16982 6c 80 1000
16983 6e 80 1000
16983 74 a0 1000
16983 75 a0 1000
16991 71 00 1000
16999 53 ff 1000
16999 6b 30 1000
16999 3b 31 1000
16999 23 85 1000
17000 53 a5 1000
17000 0b 92 1000
17001 75 00 1000
17002 74 00 1000
17010 6b 80 1000
17018 6b 00 1000
17026 58 ff 1000
17026 70 30 1000
17026 40 24 1000
17027 28 b5 1000
17027 58 a5 1000
17027 10 92 1000
17035 70 80 1000
17043 68 00 1000
17051 6c 00 1000
17059 55 ff 1000
17060 6d 30 1000
17060 3d 03 1000
17060 25 fd 1000
17061 55 23 1000
17061 0d 93 1000
17062 5b ff 1000
17062 73 30 1000
17063 43 10 1000
17063 2b 01 1000
17063 5b 43 1000
17064 13 86 1000
17065 5d ff 1000
17065 75 30 1000
17065 45 14 1000
17066 2d b5 1000
17066 5d 63 1000
17066 15 85 1000
17067 5c ff 1000
17067 74 30 1000
17068 44 11 1000
17068 2c 85 1000
17068 5c 43 1000
17068 14 80 1000
17076 6d 80 1000
17076 73 80 1000
17077 74 a0 1000
17077 75 a0 1000
17085 73 00 1000
17093 75 00 1000
17093 74 00 1000
17101 6d 00 1000
17109 57 ff 1000
17109 6f 30 1000
17109 3f 03 1000
17109 27 fd 1000
17110 57 23 1000
17110 0f 93 1000
17111 5a ff 1000
17112 72 30 1000
17112 42 10 1000
17112 2a 01 1000
17112 5a 43 1000
17113 12 86 1000
17114 5d ff 1000
17114 75 30 1000
17115 45 14 1000
17115 2d b5 1000
17115 5d 9b 1000
17116 15 85 1000
17116 5c ff 1000
17116 74 30 1000
17117 44 10 1000
17117 2c 7b 1000
17117 5c 47 1000
17118 14 81 1000
17126 6f 80 1000
17127 72 80 1000
17127 74 a0 1000
17127 75 a0 1000
17135 75 00 1000
17135 74 00 1000
17143 6f 00 1000
17151 6a 00 1000
17152 6e 00 1000
17160 51 ff 1000
17160 69 30 1000
17160 39 03 1000
17160 21 fd 1000
17161 51 23 1000
17161 09 93 1000
17163 59 ff 1000
17163 71 30 1000
17163 41 27 1000
17163 29 1b 1000
17164 59 87 1000
17164 11 92 1000
17165 53 ff 1000
17166 6b 30 1000
17166 3b 24 1000
17166 23 b5 1000
17166 53 87 1000
17167 0b 92 1000
17168 5d ff 1000
17168 75 30 1000
17168 45 14 1000
17169 2d b5 1000
17169 5d 7f 1000
17169 15 85 1000
17177 69 80 1000
17178 6b 80 1000
17178 71 80 1000
17178 75 a0 1000
17186 75 00 1000
17194 69 00 1000
17202 50 ff 1000
17202 68 30 1000
17202 38 03 1000
17203 20 fd 1000
17203 50 23 1000
17203 08 93 1000
17204 72 00 1000
17206 54 ff 1000
17206 6c 30 1000
17206 3c 10 1000
17207 24 01 1000
17207 54 43 1000
17207 0c 86 1000
17209 5c ff 1000
17209 74 30 1000
17209 44 14 1000
17209 2c b5 1000
17210 5c 63 1000
17210 14 85 1000
17211 5d ff 1000
17211 75 30 1000
17211 45 11 1000
17212 2d 85 1000
17212 5d 43 1000
17212 15 80 1000
17220 68 80 1000
17221 6c 80 1000
17221 74 a0 1000
17221 75 a0 1000
17229 6c 00 1000
17230 6b 00 1000
17238 5b ff 1000
17239 73 30 1000
17239 43 27 1000
17239 2b 1b 1000
17239 5b a5 1000
17240 13 92 1000
17241 74 00 1000
17241 75 00 1000
17249 73 80 1000
17257 68 00 1000
17265 71 00 1000
17266 70 00 1000
17274 55 ff 1000
17274 6d 30 1000
17275 3d 03 1000
17275 25 fd 1000
17275 55 23 1000
17276 0d 93 1000
17277 57 ff 1000
17277 6f 30 1000
17277 3f 10 1000
17278 27 01 1000
17278 57 43 1000
17278 0f 86 1000
17280 52 ff 1000
17280 6a 30 1000
17280 3a 30 1000
17280 22 7b 1000
17281 52 87 1000
17281 0a 92 1000
17282 56 ff 1000
17283 6e 30 1000
17283 3e 26 1000
17283 26 43 1000
17284 56 87 1000
17284 0e 92 1000
17285 5c ff 1000
17285 74 30 1000
17285 44 14 1000
17286 2c b5 1000
17286 5c 9b 1000
17286 14 85 1000
17287 5d ff 1000
17287 75 30 1000
17287 45 11 1000
17288 2d 85 1000
17288 5d 43 1000
17288 15 80 1000
17296 6a 80 1000
17296 6d 80 1000
17296 6e 80 1000
17297 6f 80 1000
17297 74 a0 1000
17297 75 a0 1000
17305 74 00 1000
17306 75 00 1000
17314 6d 00 1000
17322 6f 00 1000
17323 6a 00 1000
17325 6e 00 1000
17333 51 ff 1000
17333 69 30 1000
17334 39 03 1000
17334 21 fd 1000
17334 51 23 1000
17335 09 93 1000
17336 5a ff 1000
17336 72 30 1000
17336 42 10 1000
17337 2a 01 1000
17337 5a 43 1000
17337 12 86 1000
17339 54 ff 1000
17339 6c 30 1000
17339 3c 31 1000
17339 24 85 1000
17340 54 87 1000
17340 0c 92 1000
17341 53 ff 1000
17342 6b 30 1000
17342 3b 27 1000
17342 23 1b 1000
17343 53 87 1000
17343 0b 92 1000
17344 5c ff 1000
17344 74 30 1000
17344 44 14 1000
17345 2c b5 1000
17345 5c 7f 1000
17345 14 85 1000
17346 5d ff 1000
17346 75 30 1000
17346 45 10 1000
17347 2d 7b 1000
17347 5d 47 1000
17347 15 81 1000
17355 69 80 1000
17355 6b 80 1000
17355 6c 80 1000
17356 72 80 1000
17356 74 a0 1000
17356 75 a0 1000
17364 6b 00 1000
17372 72 00 1000
17380 50 ff 1000
17381 68 30 1000
17381 38 30 1000
17381 20 7b 1000
17382 50 a5 1000
17382 08 92 1000
17383 74 00 1000
17383 75 00 1000
17391 68 80 1000
17399 69 00 1000
17407 6c 00 1000
17408 73 00 1000
17416 59 ff 1000
17417 71 30 1000
17417 41 03 1000
17417 29 fd 1000
17417 59 23 1000
17418 11 93 1000
17419 58 ff 1000
17419 70 30 1000
17420 40 10 1000
17420 28 01 1000
17420 58 43 1000
17420 10 86 1000
17422 55 ff 1000
17422 6d 30 1000
17422 3d 32 1000
17423 25 15 1000
17423 55 87 1000
17423 0d 92 1000
17425 57 ff 1000
17425 6f 30 1000
17425 3f 30 1000
17425 27 7b 1000
17426 57 87 1000
17426 0f 92 1000
17427 5c ff 1000
17427 74 30 1000
17428 44 14 1000
17428 2c b5 1000
17428 5c 63 1000
17428 14 84 1000
17429 5d ff 1000
17429 75 30 1000
17430 45 11 1000
17430 2d 85 1000
17430 5d 43 1000
17431 15 80 1000
17439 6d 80 1000
17439 6f 80 1000
17440 70 80 1000
17440 71 80 1000
17440 74 a0 1000
17441 75 a0 1000
17449 68 00 1000
17451 52 ff 1000
17451 6a 30 1000
17451 3a 31 1000
17451 22 85 1000
17452 52 a5 1000
17452 0a 92 1000
17460 6a 80 1000
17462 74 00 1000
17463 75 00 1000
17471 6a 00 1000
17479 56 ff 1000
17479 6e 30 1000
17479 3e 32 1000
17480 26 15 1000
17480 56 a5 1000
17480 0e 92 1000
17488 6e 80 1000
17496 71 00 1000
17497 70 00 1000
17498 6d 00 1000
17499 6f 00 1000
17507 53 ff 1000
17507 6b 30 1000
17507 3b 03 1000
17507 23 fd 1000
17508 53 23 1000
17508 0b 93 1000
17509 5a ff 1000
17509 72 30 1000
17510 42 10 1000
17510 2a 01 1000
17510 5a 43 1000
17511 12 86 1000
17512 51 ff 1000
17512 69 30 1000
17513 39 31 1000
17513 21 85 1000
17513 51 87 1000
17514 09 92 1000
17515 54 ff 1000
17515 6c 30 1000
17515 3c 27 1000
17516 24 1b 1000
17516 54 87 1000
17516 0c 92 1000
17517 5c ff 1000
17518 74 30 1000
17518 44 14 1000
17518 2c b5 1000
17518 5c 9b 1000
17519 14 85 1000
17519 5d ff 1000
17520 75 30 1000
17520 45 11 1000
17520 2d 85 1000
17521 5d 43 1000
17521 15 80 1000
17529 69 80 1000
17529 6b 80 1000
17530 6c 80 1000
17530 72 80 1000
17530 74 a0 1000
17531 75 a0 1000
17539 72 00 1000
17547 74 00 1000
17547 75 00 1000
17555 6b 00 1000
17563 5b ff 1000
17563 73 30 1000
17563 43 03 1000
17563 2b fd 1000
17564 5b 23 1000
17564 13 93 1000
17565 50 ff 1000
17565 68 30 1000
17566 38 10 1000
17566 20 01 1000
17566 50 43 1000
17567 08 86 1000
17568 5c ff 1000
17568 74 30 1000
17569 44 14 1000
17569 2c b5 1000
17569 5c 7f 1000
17569 14 85 1000
17570 5d ff 1000
17570 75 30 1000
17571 45 10 1000
17571 2d 7b 1000
17571 5d 47 1000
17571 15 81 1000
17579 68 80 1000
17580 73 80 1000
17580 74 a0 1000
17580 75 a0 1000
17588 6e 00 1000
17596 52 ff 1000
17596 6a 30 1000
17597 3a 31 1000
17597 22 85 1000
17597 52 a5 1000
17598 0a 92 1000
17606 6a 80 1000
17609 74 00 1000
17609 75 00 1000
17617 73 00 1000
17625 59 ff 1000
17625 71 30 1000
17625 41 03 1000
17626 29 fd 1000
17626 59 23 1000
17626 11 93 1000
17627 69 00 1000
17629 58 ff 1000
17629 70 30 1000
17629 40 30 1000
17629 28 7b 1000
17630 58 87 1000
17630 10 92 1000
17631 6c 00 1000
17632 55 ff 1000
17633 6d 30 1000
17633 3d 26 1000
17633 25 43 1000
17634 55 87 1000
17634 0d 92 1000
17635 5c ff 1000
17635 74 30 1000
17635 44 14 1000
17636 2c b5 1000
17636 5c 9b 1000
17636 14 85 1000
17644 6d 80 1000
17644 70 80 1000
17644 71 80 1000
17644 74 a0 1000
17652 74 00 1000
17660 71 00 1000
17668 57 ff 1000
17668 6f 30 1000
17669 3f 03 1000
17669 27 fd 1000
17669 57 23 1000
17669 0f 93 1000
17670 68 00 1000
17672 5a ff 1000
17672 72 30 1000
17672 42 10 1000
17672 2a 01 1000
17673 5a 43 1000
17673 12 86 1000
17674 5d ff 1000
17675 75 30 1000
17675 45 14 1000
17675 2d b5 1000
17676 5d 63 1000
17676 15 85 1000
17676 5c ff 1000
17677 74 30 1000
17677 44 11 1000
17677 2c 85 1000
17678 5c 43 1000
17678 14 80 1000
17686 6f 80 1000
17686 72 80 1000
17686 74 a0 1000
17687 75 a0 1000
17695 72 00 1000
17703 6a 00 1000
17704 53 ff 1000
17705 6b 30 1000
17705 3b 30 1000
17705 23 7b 1000
17706 53 a5 1000
17706 0b 92 1000
17714 6b 80 1000
17716 75 00 1000
17717 74 00 1000
17725 6f 00 1000
17733 6b 00 1000
17735 6d 00 1000
17743 56 ff 1000
17743 6e 30 1000
17744 3e 05 1000
17744 26 75 1000
17744 56 23 1000
17744 0e 93 1000
17746 5b ff 1000
17746 73 30 1000
17746 43 10 1000
17747 2b fb 1000
17747 5b 43 1000
17747 13 86 1000
17749 51 ff 1000
17749 69 30 1000
17749 39 30 1000
17749 21 7b 1000
17750 51 87 1000
17750 09 92 1000
17751 54 ff 1000
17752 6c 30 1000
17752 3c 26 1000
17752 24 43 1000
17752 54 87 1000
17753 0c 92 1000
17754 5d ff 1000
17754 75 30 1000
17754 45 14 1000
17755 2d b5 1000
17755 5d 9b 1000
17755 15 85 1000
17763 69 80 1000
17763 6c 80 1000
17763 6e 80 1000
17764 73 80 1000
17764 75 a0 1000
17772 75 00 1000
17780 6e 00 1000
17788 59 ff 1000
17788 71 30 1000
17789 41 05 1000
17789 29 75 1000
17789 59 23 1000
17790 11 93 1000
17791 73 00 1000
17792 50 ff 1000
17792 68 30 1000
17793 38 10 1000
17793 20 fb 1000
17793 50 43 1000
17794 08 86 1000
17795 69 00 1000
17796 5a ff 1000
17796 72 30 1000
17796 42 31 1000
17797 2a 85 1000
17797 5a 87 1000
17797 12 92 1000
17798 6c 00 1000
17800 52 ff 1000
17800 6a 30 1000
17800 3a 27 1000
17801 22 1b 1000
17801 52 87 1000
17801 0a 92 1000
17802 5c ff 1000
17802 74 30 1000
17803 44 14 1000
17803 2c b5 1000
17803 5c 7f 1000
17804 14 85 1000
17804 5d ff 1000
17804 75 30 1000
17805 45 10 1000
17805 2d 7b 1000
17805 5d 47 1000
17806 15 81 1000
17814 68 80 1000
17814 6a 80 1000
17814 71 80 1000
17815 72 80 1000
17815 74 a0 1000
17815 75 a0 1000
17823 68 00 1000
17825 70 00 1000
17833 57 ff 1000
17833 6f 30 1000
17833 3f 30 1000
17833 27 7b 1000
17834 57 a5 1000
17834 0f 92 1000
17842 6f 80 1000
17844 74 00 1000
17845 75 00 1000
17853 71 00 1000
17861 72 00 1000
17862 6a 00 1000
17870 53 ff 1000
17870 6b 30 1000
17871 3b 07 1000
17871 23 1b 1000
17871 53 23 1000
17872 0b 93 1000
17873 55 ff 1000
17873 6d 30 1000
17874 3d 07 1000
17874 25 1b 1000
17874 55 43 1000
17874 0d 87 1000
17876 56 ff 1000
17876 6e 30 1000
17876 3e 27 1000
17877 26 1b 1000
17877 56 87 1000
17877 0e 92 1000
17879 5b ff 1000
17879 73 30 1000
17879 43 24 1000
17879 2b b5 1000
17880 5b 87 1000
17880 13 92 1000
17881 5c ff 1000
17881 74 30 1000
17882 44 11 1000
17882 2c 85 1000
17882 5c 47 1000
17882 14 82 1000
17883 5d ff 1000
17883 75 30 1000
17884 45 11 1000
17884 2d 85 1000
17884 5d 43 1000
17885 15 80 1000
17893 6b 80 1000
17893 6d 80 1000
17893 6e 80 1000
17894 73 80 1000
17894 74 a0 1000
17894 75 a0 1000
17902 6f 00 1000
17910 51 ff 1000
17910 69 30 1000
17910 39 31 1000
17910 21 85 1000
17911 51 a5 1000
17911 09 92 1000
17912 74 00 1000
17913 75 00 1000
17921 69 80 1000
17929 69 00 1000
17937 54 ff 1000
17937 6c 30 1000
17937 3c 27 1000
17938 24 1b 1000
17938 54 a5 1000
17938 0c 92 1000
17946 6c 80 1000
17954 6b 00 1000
17962 6d 00 1000
17970 50 ff 1000
17971 68 30 1000
17971 38 07 1000
17971 20 1b 1000
17972 50 23 1000
17972 08 93 1000
17973 58 ff 1000
17973 70 30 1000
17974 40 07 1000
17974 28 1b 1000
17974 58 43 1000
17975 10 87 1000
17976 5c ff 1000
17976 74 30 1000
17977 44 11 1000
17977 2c 85 1000
17977 5c 43 1000
17977 14 80 1000
17985 68 80 1000
17985 70 80 1000
17986 74 a0 1000
17994 70 00 1000
18002 74 00 1000
18010 68 00 1000
18018 59 ff 1000
18018 71 30 1000
18018 41 07 1000
18018 29 1b 1000
18019 59 23 1000
18019 11 93 1000
18020 5a ff 1000
18021 72 30 1000
18021 42 07 1000
18021 2a 1b 1000
18022 5a 43 1000
18022 12 87 1000
18023 5d ff 1000
18023 75 30 1000
18024 45 10 1000
18024 2d 7b 1000
18024 5d 47 1000
18025 15 81 1000
18033 71 80 1000
18033 72 80 1000
18033 75 a0 1000
18041 75 00 1000
18049 71 00 1000
18057 52 ff 1000
18057 6a 30 1000
18057 3a 07 1000
18058 22 1b 1000
18058 52 23 1000
18058 0a 93 1000
18060 5c ff 1000
18060 74 30 1000
18060 44 14 1000
18061 2c b5 1000
18061 5c 7f 1000
18061 14 85 1000
18069 6a 80 1000
18069 74 a0 1000
18077 74 00 1000
18085 6a 00 1000
18093 72 00 1000
18101 57 ff 1000
18101 6f 30 1000
18101 3f 07 1000
18102 27 1b 1000
18102 57 23 1000
18102 0f 93 1000
18104 51 ff 1000
18104 69 30 1000
18104 39 07 1000
18104 21 1b 1000
18105 51 43 1000
18105 09 87 1000
18106 5d ff 1000
18107 75 30 1000
18107 45 14 1000
18107 2d b5 1000
18108 5d 63 1000
18108 15 85 1000
18109 5c ff 1000
18109 74 30 1000
18109 44 11 1000
18109 2c 85 1000
18110 5c 43 1000
18110 14 80 1000
18118 69 80 1000
18118 6f 80 1000
18118 74 a0 1000
18118 75 a0 1000
18126 69 00 1000
18134 75 00 1000
18135 74 00 1000
18143 6f 00 1000
18151 6c 00 1000
18153 73 00 1000
18161 53 ff 1000
18161 6b 30 1000
18162 3b 07 1000
18162 23 1b 1000
18162 53 23 1000
18163 0b 93 1000
18164 55 ff 1000
18164 6d 30 1000
18164 3d 07 1000
18165 25 1b 1000
18165 55 43 1000
18165 0d 87 1000
18167 58 ff 1000
18167 70 30 1000
18167 40 30 1000
18168 28 7b 1000
18168 58 87 1000
18168 10 92 1000
18169 50 ff 1000
18170 68 30 1000
18170 38 26 1000
18170 20 43 1000
18171 50 87 1000
18171 08 92 1000
18172 5d ff 1000
18172 75 30 1000
18172 45 14 1000
18173 2d b5 1000
18173 5d 9b 1000
18173 15 85 1000
18174 5c ff 1000
18174 74 30 1000
18175 44 11 1000
18175 2c 85 1000
18175 5c 43 1000
18175 14 80 1000
18183 68 80 1000
18183 6b 80 1000
18183 6d 80 1000
18184 70 80 1000
18184 74 a0 1000
18184 75 a0 1000
18192 75 00 1000
18193 74 00 1000
18201 6b 00 1000
18209 6d 00 1000
18211 70 00 1000
18212 68 00 1000
18220 59 ff 1000
18220 71 30 1000
18221 41 07 1000
18221 29 1b 1000
18221 59 23 1000
18222 11 93 1000
18223 52 ff 1000
18223 6a 30 1000
18223 3a 07 1000
18224 22 1b 1000
18224 52 43 1000
18224 0a 87 1000
18226 5a ff 1000
18226 72 30 1000
18226 42 31 1000
18227 2a 85 1000
18227 5a 87 1000
18227 12 92 1000
18228 51 ff 1000
18229 69 30 1000
18229 39 27 1000
18229 21 1b 1000
18230 51 87 1000
18230 09 92 1000
18231 5d ff 1000
18231 75 30 1000
18231 45 14 1000
18232 2d b5 1000
18232 5d 7f 1000
18232 15 85 1000
18233 5c ff 1000
18233 74 30 1000
18233 44 10 1000
18234 2c 7b 1000
18234 5c 47 1000
18234 14 81 1000
18242 69 80 1000
18242 6a 80 1000
18242 71 80 1000
18243 72 80 1000
18243 74 a0 1000
18243 75 a0 1000
18251 6a 00 1000
18252 69 00 1000
18260 57 ff 1000
18261 6f 30 1000
18261 3f 30 1000
18261 27 7b 1000
18262 57 a5 1000
18262 0f 92 1000
18263 75 00 1000
18263 74 00 1000
18271 6f 80 1000
18279 71 00 1000
18287 72 00 1000
18289 6e 00 1000
18297 54 ff 1000
18298 6c 30 1000
18298 3c 05 1000
18298 24 75 1000
18298 54 23 1000
18299 0c 93 1000
18300 5b ff 1000
18300 73 30 1000
18301 43 10 1000
18301 2b fb 1000
18301 5b 43 1000
18301 13 86 1000
18303 53 ff 1000
18303 6b 30 1000
18303 3b 26 1000
18304 23 43 1000
18304 53 87 1000
18304 0b 92 1000
18306 55 ff 1000
18306 6d 30 1000
18306 3d 23 1000
18306 25 51 1000
18307 55 87 1000
18307 0d 92 1000
18308 5d ff 1000
18308 75 30 1000
18309 45 14 1000
18309 2d b5 1000
18309 5d 63 1000
18309 15 84 1000
18310 5c ff 1000
18310 74 30 1000
18311 44 11 1000
18311 2c 85 1000
18311 5c 43 1000
18312 14 80 1000
18320 6b 80 1000
18320 6c 80 1000
18321 6d 80 1000
18321 73 80 1000
18321 74 a0 1000
18322 75 a0 1000
18330 6f 00 1000
18338 58 ff 1000
18338 70 30 1000
18338 40 31 1000
18339 28 85 1000
18339 58 a5 1000
18339 10 92 1000
18340 75 00 1000
18341 74 00 1000
18349 70 80 1000
18357 70 00 1000
18365 50 ff 1000
18365 68 30 1000
18366 38 26 1000
18366 20 43 1000
18366 50 a5 1000
18366 08 92 1000
18374 68 80 1000
18382 6c 00 1000
18390 52 ff 1000
18390 6a 30 1000
18390 3a 05 1000
18390 22 75 1000
18391 52 23 1000
18391 0a 93 1000
18392 73 00 1000
18393 51 ff 1000
18394 69 30 1000
18394 39 10 1000
18394 21 fb 1000
18395 51 43 1000
18395 09 86 1000
18396 5d ff 1000
18397 75 30 1000
18397 45 14 1000
18397 2d b5 1000
18397 5d 9b 1000
18398 15 85 1000
18398 5c ff 1000
18399 74 30 1000
18399 44 11 1000
18399 2c 85 1000
18400 5c 43 1000
18400 14 80 1000
18408 69 80 1000
18409 6a 80 1000
18409 74 a0 1000
18409 75 a0 1000
18417 69 00 1000
18425 75 00 1000
18425 74 00 1000
18433 6a 00 1000
18441 59 ff 1000
18441 71 30 1000
18441 41 05 1000
18442 29 75 1000
18442 59 23 1000
18442 11 93 1000
18443 5a ff 1000
18444 72 30 1000
18444 42 10 1000
18444 2a fb 1000
18445 5a 43 1000
18445 12 86 1000
18446 5d ff 1000
18447 75 30 1000
18447 45 14 1000
18447 2d b5 1000
18447 5d 7f 1000
18448 15 85 1000
18448 5c ff 1000
18449 74 30 1000
18449 44 10 1000
18449 2c 7b 1000
18449 5c 47 1000
18450 14 81 1000
18458 71 80 1000
18458 72 80 1000
18458 74 a0 1000
18459 75 a0 1000
18467 75 00 1000
18467 74 00 1000
18475 71 00 1000
18483 56 ff 1000
18483 6e 30 1000
18483 3e 05 1000
18484 26 75 1000
18484 56 23 1000
18484 0e 93 1000
18486 5d ff 1000
18486 75 30 1000
18486 45 14 1000
18487 2d b5 1000
18487 5d 9b 1000
18487 15 85 1000
18495 6e 80 1000
18495 75 a0 1000
18503 75 00 1000
18511 6e 00 1000
18519 57 ff 1000
18519 6f 30 1000
18520 3f 05 1000
18520 27 75 1000
18520 57 23 1000
18520 0f 93 1000
18522 72 00 1000
18523 58 ff 1000
18523 70 30 1000
18523 40 10 1000
18524 28 fb 1000
18524 58 43 1000
18524 10 86 1000
18526 5c ff 1000
18526 74 30 1000
18526 44 14 1000
18527 2c b5 1000
18527 5c 63 1000
18527 14 85 1000
18528 5d ff 1000
18528 75 30 1000
18528 45 11 1000
18529 2d 85 1000
18529 5d 43 1000
18529 15 80 1000
18537 6f 80 1000
18537 70 80 1000
18537 74 a0 1000
18538 75 a0 1000
18546 70 00 1000
18554 74 00 1000
18555 75 00 1000
18563 6f 00 1000
18571 68 00 1000
18572 6d 00 1000
18580 54 ff 1000
18580 6c 30 1000
18581 3c 05 1000
18581 24 75 1000
18581 54 23 1000
18581 0c 93 1000
18583 5b ff 1000
18583 73 30 1000
18583 43 10 1000
18584 2b fb 1000
18584 5b 43 1000
18584 13 86 1000
18586 51 ff 1000
18586 69 30 1000
18586 39 30 1000
18586 21 7b 1000
18587 51 87 1000
18587 09 92 1000
18588 52 ff 1000
18589 6a 30 1000
18589 3a 26 1000
18589 22 43 1000
18590 52 87 1000
18590 0a 92 1000
18591 5c ff 1000
18591 74 30 1000
18591 44 14 1000
18592 2c b5 1000
18592 5c 9b 1000
18592 14 85 1000
18600 69 80 1000
18600 6a 80 1000
18600 6c 80 1000
18601 73 80 1000
18601 74 a0 1000
18609 74 00 1000
18617 6c 00 1000
18625 59 ff 1000
18626 71 30 1000
18626 41 05 1000
18626 29 75 1000
18626 59 23 1000
18627 11 93 1000
18628 73 00 1000
18629 56 ff 1000
18629 6e 30 1000
18630 3e 10 1000
18630 26 fb 1000
18630 56 43 1000
18631 0e 86 1000
18632 69 00 1000
18633 5a ff 1000
18633 72 30 1000
18634 42 31 1000
18634 2a 85 1000
18634 5a 87 1000
18634 12 92 1000
18635 6a 00 1000
18637 58 ff 1000
18637 70 30 1000
18637 40 27 1000
18638 28 1b 1000
18638 58 87 1000
18638 10 92 1000
18639 5d ff 1000
18639 75 30 1000
18640 45 14 1000
18640 2d b5 1000
18640 5d 7f 1000
18641 15 85 1000
18641 5c ff 1000
18641 74 30 1000
18642 44 10 1000
18642 2c 7b 1000
18642 5c 47 1000
18642 14 81 1000
18650 6e 80 1000
18650 70 80 1000
18651 71 80 1000
18651 72 80 1000
18651 74 a0 1000
18651 75 a0 1000
18659 6e 00 1000
18661 6b 00 1000
18669 57 ff 1000
18669 6f 30 1000
18669 3f 30 1000
18670 27 7b 1000
18670 57 a5 1000
18670 0f 92 1000
18671 75 00 1000
18671 74 00 1000
18679 6f 80 1000
18687 71 00 1000
18695 72 00 1000
18697 70 00 1000
18705 50 ff 1000
18706 68 30 1000
18706 38 03 1000
18706 20 fd 1000
18706 50 23 1000
18707 08 93 1000
18708 55 ff 1000
18708 6d 30 1000
18709 3d 10 1000
18709 25 01 1000
18709 55 43 1000
18709 0d 86 1000
18711 54 ff 1000
18711 6c 30 1000
18711 3c 24 1000
18712 24 b5 1000
18712 54 87 1000
18712 0c 92 1000
18714 5b ff 1000
18714 73 30 1000
18714 43 22 1000
18714 2b 15 1000
18715 5b 87 1000
18715 13 92 1000
18716 5d ff 1000
18716 75 30 1000
18717 45 14 1000
18717 2d b5 1000
18717 5d 63 1000
18717 15 84 1000
18718 5c ff 1000
18718 74 30 1000
18719 44 11 1000
18719 2c 85 1000
18719 5c 43 1000
18720 14 80 1000
18728 68 80 1000
18728 6c 80 1000
18728 6d 80 1000
18729 73 80 1000
18729 74 a0 1000
18729 75 a0 1000
18737 6f 00 1000
18738 51 ff 1000
18738 69 30 1000
18739 39 31 1000
18739 21 85 1000
18739 51 a5 1000
18739 09 92 1000
18747 69 80 1000
18750 75 00 1000
18750 74 00 1000
18758 69 00 1000
18766 52 ff 1000
18766 6a 30 1000
18766 3a 24 1000
18767 22 b5 1000
18767 52 a5 1000
18767 0a 92 1000
18775 6a 80 1000
18783 68 00 1000
18791 56 ff 1000
18791 6e 30 1000
18791 3e 03 1000
18792 26 fd 1000
18792 56 23 1000
18792 0e 93 1000
18793 6d 00 1000
18794 53 ff 1000
18795 6b 30 1000
18795 3b 10 1000
18795 23 01 1000
18796 53 43 1000
18796 0b 86 1000
18797 5d ff 1000
18798 75 30 1000
18798 45 14 1000
18798 2d b5 1000
18798 5d 63 1000
18799 15 85 1000
18799 5c ff 1000
18800 74 30 1000
18800 44 11 1000
18800 2c 85 1000
18800 5c 43 1000
18801 14 80 1000
18809 6b 80 1000
18810 6e 80 1000
18810 74 a0 1000
18810 75 a0 1000
18818 6b 00 1000
18826 75 00 1000
18826 74 00 1000
18834 6e 00 1000
18842 59 ff 1000
18842 71 30 1000
18842 41 03 1000
18843 29 fd 1000
18843 59 23 1000
18843 11 93 1000
18844 5a ff 1000
18845 72 30 1000
18845 42 10 1000
18845 2a 01 1000
18846 5a 43 1000
18846 12 86 1000
18847 5d ff 1000
18847 75 30 1000
18848 45 14 1000
18848 2d b5 1000
18848 5d 9b 1000
18849 15 85 1000
18849 5c ff 1000
18849 74 30 1000
18850 44 10 1000
18850 2c 7b 1000
18850 5c 47 1000
18851 14 81 1000
18859 71 80 1000
18859 72 80 1000
18859 74 a0 1000
18859 75 a0 1000
18867 75 00 1000
18867 74 00 1000
18875 71 00 1000
18883 58 ff 1000
18883 70 30 1000
18883 40 03 1000
18884 28 fd 1000
18884 58 23 1000
18884 10 93 1000
18886 6a 00 1000
18887 57 ff 1000
18887 6f 30 1000
18887 3f 27 1000
18888 27 1b 1000
18888 57 87 1000
18888 0f 92 1000
18890 73 00 1000
18891 51 ff 1000
18891 69 30 1000
18891 39 24 1000
18892 21 b5 1000
18892 51 87 1000
18892 09 92 1000
18893 5d ff 1000
18893 75 30 1000
18894 45 14 1000
18894 2d b5 1000
18894 5d 7f 1000
18895 15 85 1000
18903 69 80 1000
18903 6f 80 1000
18903 70 80 1000
18903 75 a0 1000
18911 75 00 1000
18919 70 00 1000
18927 72 00 1000
18935 50 ff 1000
18935 68 30 1000
18935 38 03 1000
18936 20 fd 1000
18936 50 23 1000
18936 08 93 1000
18938 55 ff 1000
18938 6d 30 1000
18938 3d 10 1000
18938 25 01 1000
18939 55 43 1000
18939 0d 86 1000
18940 5c ff 1000
18941 74 30 1000
18941 44 14 1000
18941 2c b5 1000
18942 5c 63 1000
18942 14 85 1000
18943 5d ff 1000
18943 75 30 1000
18943 45 11 1000
18943 2d 85 1000
18944 5d 43 1000
18944 15 80 1000
18952 68 80 1000
18952 6d 80 1000
18952 74 a0 1000
18952 75 a0 1000
18960 6d 00 1000
18961 69 00 1000
18969 53 ff 1000
18970 6b 30 1000
18970 3b 27 1000
18970 23 1b 1000
18970 53 a5 1000
18971 0b 92 1000
18972 74 00 1000
18972 75 00 1000
18980 6b 80 1000
18988 68 00 1000
18996 6b 00 1000
18997 6c 00 1000
19005 56 ff 1000
19005 6e 30 1000
19006 3e 03 1000
19006 26 fd 1000
19006 56 23 1000
19007 0e 93 1000
19008 59 ff 1000
19008 71 30 1000
19008 41 10 1000
19009 29 01 1000
19009 59 43 1000
19009 11 86 1000
19011 52 ff 1000
19011 6a 30 1000
19011 3a 30 1000
19012 22 7b 1000
19012 52 87 1000
19012 0a 92 1000
19013 5b ff 1000
19014 73 30 1000
19014 43 26 1000
19014 2b 43 1000
19015 5b 87 1000
19015 13 92 1000
19016 5c ff 1000
19016 74 30 1000
19016 44 14 1000
19017 2c b5 1000
19017 5c 9b 1000
19017 14 85 1000
19018 5d ff 1000
19018 75 30 1000
19019 45 11 1000
19019 2d 85 1000
19019 5d 43 1000
19019 15 80 1000
19027 6a 80 1000
19027 6e 80 1000
19027 71 80 1000
19028 73 80 1000
19028 74 a0 1000
19028 75 a0 1000
19036 74 00 1000
19037 75 00 1000
19045 6e 00 1000
19053 71 00 1000
19055 6a 00 1000
19056 73 00 1000
19064 58 ff 1000
19064 70 30 1000
19065 40 03 1000
19065 28 fd 1000
19065 58 23 1000
19066 10 93 1000
19067 5a ff 1000
19067 72 30 1000
19067 42 10 1000
19068 2a 01 1000
19068 5a 43 1000
19068 12 86 1000
19070 55 ff 1000
19070 6d 30 1000
19070 3d 31 1000
19071 25 85 1000
19071 55 87 1000
19071 0d 92 1000
19072 51 ff 1000
19073 69 30 1000
19073 39 27 1000
19073 21 1b 1000
19074 51 87 1000
19074 09 92 1000
19075 5c ff 1000
19075 74 30 1000
19075 44 14 1000
19076 2c b5 1000
19076 5c 7f 1000
19076 14 85 1000
19077 5d ff 1000
19077 75 30 1000
19077 45 10 1000
19078 2d 7b 1000
19078 5d 47 1000
19078 15 81 1000
19086 69 80 1000
19086 6d 80 1000
19086 70 80 1000
19087 72 80 1000
19087 74 a0 1000
19087 75 a0 1000
19095 72 00 1000
19096 69 00 1000
19104 50 ff 1000
19104 68 30 1000
19104 38 30 1000
19105 20 7b 1000
19105 50 a5 1000
19105 08 92 1000
19113 68 80 1000
19115 74 00 1000
19116 75 00 1000
19124 70 00 1000
19132 6d 00 1000
19133 6f 00 1000
19141 53 ff 1000
19142 6b 30 1000
19142 3b 03 1000
19142 23 fd 1000
19143 53 23 1000
19143 0b 93 1000
19144 54 ff 1000
19144 6c 30 1000
19145 3c 10 1000
19145 24 01 1000
19145 54 43 1000
19146 0c 86 1000
19147 56 ff 1000
19147 6e 30 1000
19148 3e 32 1000
19148 26 15 1000
19148 56 87 1000
19148 0e 92 1000
19150 59 ff 1000
19150 71 30 1000
19150 41 30 1000
19151 29 7b 1000
19151 59 87 1000
19151 11 92 1000
19152 5c ff 1000
19152 74 30 1000
19153 44 14 1000
19153 2c b5 1000
19153 5c 63 1000
19154 14 84 1000
19154 5d ff 1000
19155 75 30 1000
19155 45 11 1000
19155 2d 85 1000
19155 5d 43 1000
19156 15 80 1000
19164 6b 80 1000
19164 6c 80 1000
19165 6e 80 1000
19165 71 80 1000
19165 74 a0 1000
19166 75 a0 1000
19174 68 00 1000
19182 52 ff 1000
19182 6a 30 1000
19182 3a 31 1000
19183 22 85 1000
19183 52 a5 1000
19183 0a 92 1000
19184 74 00 1000
19185 75 00 1000
19193 6a 80 1000
19201 6a 00 1000
19209 5b ff 1000
19209 73 30 1000
19210 43 32 1000
19210 2b 15 1000
19210 5b a5 1000
19210 13 92 1000
19218 73 80 1000
19226 6b 00 1000
19227 6c 00 1000
19228 6e 00 1000
19229 71 00 1000
19237 5a ff 1000
19237 72 30 1000
19237 42 03 1000
19237 2a fd 1000
19238 5a 23 1000
19238 12 93 1000
19239 51 ff 1000
19240 69 30 1000
19240 39 10 1000
19240 21 01 1000
19240 51 43 1000
19241 09 86 1000
19242 58 ff 1000
19242 70 30 1000
19243 40 31 1000
19243 28 85 1000
19243 58 87 1000
19244 10 92 1000
19245 55 ff 1000
19245 6d 30 1000
19246 3d 27 1000
19246 25 1b 1000
19246 55 87 1000
19246 0d 92 1000
19247 5c ff 1000
19248 74 30 1000
19248 44 14 1000
19248 2c b5 1000
19248 5c 9b 1000
19249 14 85 1000
19249 5d ff 1000
19250 75 30 1000
19250 45 11 1000
19250 2d 85 1000
19251 5d 43 1000
19251 15 80 1000
19259 69 80 1000
19260 6d 80 1000
19260 70 80 1000
19260 72 80 1000
19260 74 a0 1000
19261 75 a0 1000
19269 69 00 1000
19277 74 00 1000
19277 75 00 1000
19285 72 00 1000
19293 57 ff 1000
19293 6f 30 1000
19293 3f 03 1000
19294 27 fd 1000
19294 57 23 1000
19294 0f 93 1000
19295 50 ff 1000
19296 68 30 1000
19296 38 10 1000
19296 20 01 1000
19297 50 43 1000
19297 08 86 1000
19298 5c ff 1000
19299 74 30 1000
19299 44 14 1000
19299 2c b5 1000
19299 5c 7f 1000
19300 14 85 1000
19300 5d ff 1000
19301 75 30 1000
19301 45 10 1000
19301 2d 7b 1000
19301 5d 47 1000
19302 15 81 1000
19310 68 80 1000
19311 6f 80 1000
19311 74 a0 1000
19311 75 a0 1000
19319 73 00 1000
19327 52 ff 1000
19328 6a 30 1000
19328 3a 31 1000
19328 22 85 1000
19328 52 a5 1000
19329 0a 92 1000
19337 6a 80 1000
19339 74 00 1000
19339 75 00 1000
19347 6f 00 1000
19355 6a 00 1000
19356 6d 00 1000
19364 53 ff 1000
19364 6b 30 1000
19364 3b 03 1000
19365 23 fd 1000
19365 53 23 1000
19365 0b 93 1000
19367 54 ff 1000
19367 6c 30 1000
19367 3c 30 1000
19368 24 7b 1000
19368 54 87 1000
19368 0c 92 1000
19370 56 ff 1000
19370 6e 30 1000
19370 3e 26 1000
19370 26 43 1000
19371 56 87 1000
19371 0e 92 1000
19372 5c ff 1000
19372 74 30 1000
19373 44 14 1000
19373 2c b5 1000
19373 5c 9b 1000
19373 14 85 1000
19381 6b 80 1000
19381 6c 80 1000
19381 6e 80 1000
19381 74 a0 1000
19389 74 00 1000
19397 6b 00 1000
19405 59 ff 1000
19405 71 30 1000
19406 41 03 1000
19406 29 fd 1000
19406 59 23 1000
19406 11 93 1000
19407 68 00 1000
19409 51 ff 1000
19409 69 30 1000
19409 39 10 1000
19409 21 01 1000
19410 51 43 1000
19410 09 86 1000
19411 5d ff 1000
19412 75 30 1000
19412 45 14 1000
19412 2d b5 1000
19413 5d 63 1000
19413 15 85 1000
19414 5c ff 1000
19414 74 30 1000
19414 44 11 1000
19414 2c 85 1000
19415 5c 43 1000
19415 14 80 1000
19423 69 80 1000
19423 71 80 1000
19423 74 a0 1000
19424 75 a0 1000
19432 69 00 1000
19433 70 00 1000
19441 5a ff 1000
19442 72 30 1000
19442 42 30 1000
19442 2a 7b 1000
19443 5a a5 1000
19443 12 92 1000
19444 75 00 1000
19444 74 00 1000
19452 72 80 1000
19460 71 00 1000
19468 6c 00 1000
19469 6e 00 1000
19477 5b ff 1000
19477 73 30 1000
19478 43 05 1000
19478 2b 75 1000
19478 5b 23 1000
19478 13 93 1000
19480 57 ff 1000
19480 6f 30 1000
19480 3f 10 1000
19481 27 fb 1000
19481 57 43 1000
19481 0f 86 1000
19483 52 ff 1000
19483 6a 30 1000
19483 3a 30 1000
19483 22 7b 1000
19484 52 87 1000
19484 0a 92 1000
19485 55 ff 1000
19486 6d 30 1000
19486 3d 26 1000
19486 25 43 1000
19487 55 87 1000
19487 0d 92 1000
19488 5d ff 1000
19488 75 30 1000
19488 45 14 1000
19489 2d b5 1000
19489 5d 9b 1000
19489 15 85 1000
19497 6a 80 1000
19497 6d 80 1000
19497 6f 80 1000
19498 73 80 1000
19498 75 a0 1000
19506 75 00 1000
19514 73 00 1000
19522 53 ff 1000
19523 6b 30 1000
19523 3b 05 1000
19523 23 75 1000
19523 53 23 1000
19524 0b 93 1000
19525 6f 00 1000
19526 50 ff 1000
19526 68 30 1000
19527 38 10 1000
19527 20 fb 1000
19527 50 43 1000
19528 08 86 1000
19529 6a 00 1000
19530 51 ff 1000
19530 69 30 1000
19530 39 31 1000
19531 21 85 1000
19531 51 87 1000
19531 09 92 1000
19532 6d 00 1000
19534 58 ff 1000
19534 70 30 1000
19534 40 27 1000
19535 28 1b 1000
19535 58 87 1000
19535 10 92 1000
19536 5c ff 1000
19536 74 30 1000
19537 44 14 1000
19537 2c b5 1000
19537 5c 7f 1000
19538 14 85 1000
19538 5d ff 1000
19538 75 30 1000
19539 45 10 1000
19539 2d 7b 1000
19539 5d 47 1000
19540 15 81 1000
19548 68 80 1000
19548 69 80 1000
19548 6b 80 1000
19549 70 80 1000
19549 74 a0 1000
19549 75 a0 1000
19557 72 00 1000
19565 59 ff 1000
19565 71 30 1000
19565 41 30 1000
19566 29 7b 1000
19566 59 a5 1000
19566 11 92 1000
19567 74 00 1000
19567 75 00 1000
19575 71 80 1000
19583 6b 00 1000
19591 68 00 1000
19593 69 00 1000
19594 70 00 1000
19602 54 ff 1000
19602 6c 30 1000
19602 3c 07 1000
19602 24 1b 1000
19603 54 23 1000
19603 0c 93 1000
19604 56 ff 1000
19605 6e 30 1000
19605 3e 07 1000
19605 26 1b 1000
19605 56 43 1000
19606 0e 87 1000
19607 5b ff 1000
19607 73 30 1000
19608 43 27 1000
19608 2b 1b 1000
19608 5b 87 1000
19608 13 92 1000
19610 57 ff 1000
19610 6f 30 1000
19610 3f 24 1000
19611 27 b5 1000
19611 57 87 1000
19611 0f 92 1000
19612 5c ff 1000
19612 74 30 1000
19613 44 11 1000
19613 2c 85 1000
19613 5c 47 1000
19614 14 82 1000
19614 5d ff 1000
19615 75 30 1000
19615 45 11 1000
19615 2d 85 1000
19615 5d 43 1000
19616 15 80 1000
19624 6c 80 1000
19625 6e 80 1000
19625 6f 80 1000
19625 73 80 1000
19625 74 a0 1000
19626 75 a0 1000
19634 71 00 1000
19635 52 ff 1000
19635 6a 30 1000
19636 3a 31 1000
19636 22 85 1000
19636 52 a5 1000
19637 0a 92 1000
19645 6a 80 1000
19648 74 00 1000
19648 75 00 1000
19656 6c 00 1000
19657 6e 00 1000
19659 73 00 1000
19660 6f 00 1000
19668 6a 00 1000
19676 55 ff 1000
19676 6d 30 1000
19676 3d 27 1000
19677 25 1b 1000
19677 55 a5 1000
19677 0d 92 1000
19685 6d 80 1000
