0 0
0 0
0 0
5 90
90 176
176 261
261 345
345 428
428 510
510 591
591 671
671 751
751 825
825 900
900 973
981 1050
1050 1118
1118 1183
1183 1243
1243 1301
1301 1359
1359 1411
1411 1458
1458 1502
1502 1543
1543 1581
1581 1615
1620 1647
1651 1673
1673 1697
1697 1715
1715 1729
1729 1738
1738 1743
1743 1743
1743 1738
1738 1733
1733 1719
1719 1705
1700 1683
1683 1660
1656 1629
1629 1594
1594 1560
1560 1518
1518 1473
1473 1427
1427 1377
1377 1323
1323 1266
1260 1205
1200 1142
1133 1076
1067 1009
1000 927
927 855
855 780
780 701
701 623
623 541
541 459
459 376
365 292
282 207
196 122
111 36
26 -60
-60 -145
-145 -231
-231 -316
-316 -398
-398 -482
-482 -563
-574 -644
-654 -722
-732 -799
-809 -876
-885 -947
-958 -1019
-1026 -1096
-1096 -1159
-1159 -1224
-1224 -1282
-1282 -1339
-1339 -1394
-1398 -1444
-1448 -1487
-1496 -1533
-1537 -1571
-1574 -1605
-1609 -1639
-1639 -1666
-1666 -1689
-1689 -1712
-1712 -1726
-1726 -1735
-1735 -1740
-1745 -1745
-1745 -1745
-1740 -1735
-1735 -1726
-1726 -1712
-1712 -1694
-1689 -1671
-1666 -1644
-1639 -1609
-1609 -1574
-1574 -1537
-1537 -1496
-1487 -1448
-1444 -1398
-1394 -1346
-1339 -1289
-1282 -1231
-1224 -1169
-1159 -1105
-1096 -1035
-1026 -965
-958 -885
-885 -809
-809 -732
-722 -654
-644 -574
-563 -492
-482 -410
-398 -326
-316 -241
-231 -156
-145 -70
-60 15
26 111
111 196
196 282
292 365
376 449
459 531
541 612
623 691
701 768
780 845
855 920
927 990
1000 1058
1067 1133
1133 1200
1205 1260
1266 1315
1323 1369
1377 1422
1427 1470
1473 1514
1518 1555
1560 1589
1594 1625
1629 1651
1656 1678
1683 1700
1705 1719
1719 1729
1733 1738
1738 1743
1743 1743
1743 1738
1738 1729
1729 1715
1715 1700
1697 1678
1673 1651
1651 1625
1615 1586
1581 1552
1543 1509
1502 1465
1458 1415
1411 1362
1359 1308
1301 1253
1243 1190
1183 1127
1118 1058
1050 990
973 920
900 836
825 758
751 681
671 602
591 520
510 439
428 355
345 271
261 186
176 101
90 15
-7 -70
-92 -167
-178 -251
-263 -336
-347 -420
-430 -502
-512 -584
-593 -663
-673 -743
-753 -818
-827 -893
-912 -965
-983 -1035
-1052 -1105
-1120 -1176
-1185 -1238
-1245 -1296
-1303 -1354
-1361 -1405
-1413 -1456
-1460 -1499
-1504 -1540
-1545 -1579
-1588 -1613
-1622 -1644
-1653 -1671
-1675 -1694
-1699 -1712
-1717 -1726
-1731 -1740
-1740 -1745
-1745 -1745
-1745 -1740
-1740 -1735
-1731 -1721
-1721 -1707
-1702 -1689
-1685 -1666
-1658 -1639
-1631 -1605
-1596 -1566
-1562 -1528
-1520 -1484
-1475 -1436
-1429 -1386
-1379 -1332
-1317 -1275
-1262 -1214
-1202 -1154
-1135 -1087
-1069 -1019
-1002 -947
-929 -876
-857 -790
-782 -712
-703 -633
-625 -553
-533 -471
-451 -388
-367 -304
-284 -220
-198 -135
-113 -49
-28 36
58 122
143 218
229 302
314 386
396 469
490 551
572 631
652 710
730 788
807 864
883 937
956 1009
1024 1076
1094 1142
1157 1212
1222 1273
1280 1330
1344 1384
1396 1434
1446 1482
1494 1526
1535 1564
1572 1598
1607 1633
1637 1660
1664 1683
1687 1705
1710 1719
1724 1733
1733 1738
1743 1743
1743 1743
1738 1738
1733 1724
1724 1710
1710 1697
1687 1673
1664 1647
1637 1615
1607 1581
1569 1538
1531 1497
1485 1454
1442 1403
1392 1352
1337 1294
1280 1236
1222 1174
1157 1109
1094 1041
1024 973
956 900
874 825
797 741
720 661
642 582
561 500
480 418
396 334
314 249
229 165
143 80
58 -7
-28 -92
-124 -178
-209 -273
-294 -357
-378 -441
-461 -522
-543 -604
-625 -683
-703 -760
-782 -838
-857 -912
-929 -983
-1002 -1052
-1078 -1120
-1144 -1185
-1207 -1255
-1268 -1310
-1325 -1364
-1379 -1417
-1429 -1467
-1475 -1511
-1520 -1554
-1562 -1588
-1596 -1622
-1631 -1653
-1662 -1675
-1685 -1699
-1707 -1717
-1721 -1731
-1735 -1740
-1740 -1745
-1745 -1745
-1745 -1740
-1740 -1731
-1731 -1721
-1717 -1702
-1699 -1685
-1675 -1658
-1649 -1631
-1617 -1596
-1583 -1562
-1545 -1516
-1504 -1472
-1460 -1424
-1413 -1371
-1361 -1317
-1303 -1262
-1245 -1202
-1185 -1135
-1111 -1069
-1043 -1002
-975 -929
-902 -857
-827 -782
-753 -693
-673 -614
-593 -533
-512 -451
-430 -367
-347 -284
-263 -198
-167 -113
-82 -28
5 58
90 143
176 229
261 324
345 408
428 490
510 572
591 652
671 730
754 807
836 883
910 956
981 1024
1050 1094
1118 1157
1183 1222
1243 1287
1301 1344
1359 1396
1411 1446
1458 1494
1509 1535
1552 1572
1586 1607
1620 1637
1651 1664
1673 1687
1697 1710
1715 1724
1729 1733
1738 1743
1743 1743
1743 1738
1738 1733
1729 1724
1719 1710
1700 1687
1683 1664
1656 1637
1629 1607
1594 1572
1560 1535
1518 1485
1473 1442
1427 1392
1369 1337
1315 1280
1260 1222
1200 1157
1133 1094
1067 1024
1000 956
927 883
855 807
780 730
701 642
623 561
531 480
449 396
365 314
282 229
196 143
111 58
26 -28
-60 -113
-145 -198
-231 -284
-316 -378
-410 -461
-492 -543
-574 -625
-654 -703
-732 -782
-809 -857
-885 -929
-958 -1002
-1026 -1069
-1096 -1135
-1159 -1202
-1231 -1262
-1289 -1325
-1346 -1379
-1398 -1429
-1448 -1475
-1496 -1520
-1537 -1562
-1574 -1596
-1609 -1631
-1639 -1658
-1666 -1685
-1689 -1702
-1712 -1721
-1726 -1731
-1735 -1740
-1745 -1745
-1745 -1745
-1740 -1740
-1735 -1731
-1726 -1717
-1712 -1699
-1689 -1675
-1666 -1653
-1639 -1622
-1605 -1588
-1571 -1554
-1533 -1511
-1487 -1460
-1444 -1413
-1394 -1361
-1339 -1303
-1282 -1245
-1224 -1185
-1159 -1120
-1096 -1052
-1019 -983
-947 -912
-876 -838
-799 -760
-722 -683
-644 -593
-563 -512
-482 -430
-398 -347
-316 -263
-231 -178
-145 -92
-49 -7
36 80
122 165
207 249
292 334
376 428
459 510
541 591
623 671
701 751
780 825
855 900
937 973
1009 1041
1076 1109
1142 1174
1205 1236
1266 1294
1323 1359
1377 1411
1427 1458
1473 1502
1518 1543
1564 1581
1598 1615
1633 1647
1660 1673
1683 1697
1705 1710
1719 1724
1733 1738
1738 1743
1743 1743
1743 1738
1738 1733
1724 1719
1710 1705
1697 1683
1673 1660
1647 1633
1615 1598
1581 1564
1543 1526
1502 1482
1458 1427
1411 1377
1359 1323
1294 1266
1236 1205
1174 1142
1109 1076
1041 1009
973 937
900 864
825 788
751 710
671 631
591 541
510 459
418 376
334 292
249 207
165 122
80 36
-7 -49
-92 -135
-178 -220
-263 -304
-347 -388
-430 -482
-512 -563
-604 -644
-683 -722
-760 -799
-838 -876
-912 -947
-983 -1019
-1052 -1087
-1120 -1154
-1185 -1214
-1245 -1275
-1303 -1332
-1361 -1394
-1417 -1444
-1467 -1487
-1511 -1533
-1554 -1571
-1588 -1605
-1622 -1639
-1653 -1666
-1675 -1689
-1699 -1707
-1717 -1721
-1731 -1735
-1740 -1740
-1745 -1745
-1745 -1745
-1740 -1735
-1731 -1726
-1721 -1712
-1702 -1694
-1685 -1671
-1658 -1644
-1631 -1613
-1596 -1579
-1562 -1540
-1520 -1499
-1472 -1456
-1424 -1398
-1371 -1346
-1317 -1289
-1262 -1231
-1202 -1169
-1135 -1105
-1069 -1035
-1002 -965
-929 -893
-857 -818
-782 -743
-693 -663
-614 -584
-533 -492
-451 -410
-367 -326
-284 -241
-198 -156
-113 -70
-28 15
58 101
143 186
229 271
324 355
408 439
490 531
572 612
652 691
730 768
807 845
883 920
956 990
1024 1058
1094 1127
1157 1190
1229 1253
1287 1308
1344 1362
1396 1422
1446 1470
1494 1514
1535 1555
1572 1589
1607 1625
1637 1651
1664 1678
1692 1700
1710 1715
1724 1729
1733 1738
1743 1743
1743 1743
1738 1738
1733 1729
1724 1715
1710 1700
1687 1678
1664 1651
1637 1625
1603 1589
1569 1555
1531 1514
1485 1470
1442 1422
1392 1362
1337 1308
1280 1253
1222 1190
1157 1127
1085 1058
1017 990
945 920
874 845
797 768
720 691
642 612
561 531
480 439
396 355
314 271
229 186
133 101
47 15
-38 -70
-124 -156
-209 -241
-294 -326
-378 -410
-461 -492
-543 -584
-625 -663
-703 -743
-790 -818
-866 -893
-939 -965
-1011 -1035
-1078 -1105
-1144 -1169
-1207 -1231
-1268 -1289
-1325 -1346
-1379 -1398
-1429 -1456
-1475 -1499
-1528 -1540
-1566 -1579
-1600 -1613
-1635 -1644
-1662 -1671
-1685 -1694
-1707 -1712
-1721 -1726
-1735 -1735
-1740 -1745
-1745 -1745
-1745 -1740
-1740 -1735
-1726 -1721
-1712 -1707
-1699 -1689
-1675 -1666
-1649 -1639
-1617 -1605
-1583 -1571
-1545 -1533
-1504 -1487
-1460 -1444
-1405 -1394
-1354 -1332
-1296 -1275
-1238 -1214
-1176 -1154
-1111 -1087
-1043 -1019
-975 -947
-902 -876
-827 -799
-753 -722
-673 -644
-584 -563
-502 -482
-420 -388
-336 -304
-251 -220
-167 -135
-82 -49
5 36
90 122
176 207
261 292
345 376
439 459
520 541
602 631
681 710
758 788
836 864
910 937
981 1009
1050 1076
1118 1142
1183 1205
1243 1266
1308 1323
1362 1377
1415 1427
1465 1482
1509 1526
1552 1564
1586 1598
1620 1633
1651 1660
1673 1683
1697 1705
1715 1719
1729 1733
1738 1738
1743 1743
1743 1743
1738 1738
1729 1724
1719 1710
1700 1697
1683 1673
1656 1647
1629 1615
1594 1581
1555 1543
1514 1502
1470 1458
1422 1411
1369 1359
1315 1294
1260 1236
1200 1174
1133 1109
1067 1041
1000 973
927 900
845 825
768 751
691 671
612 591
531 510
449 428
365 334
282 249
196 165
111 80
26 -7
-60 -92
-156 -178
-241 -263
-326 -347
-410 -430
-492 -512
-574 -593
-654 -683
-732 -760
-809 -838
-885 -912
-958 -983
-1026 -1052
-1105 -1120
-1169 -1185
-1231 -1245
-1289 -1303
-1346 -1361
-1398 -1413
-1448 -1460
-1496 -1511
-1537 -1554
-1574 -1588
-1609 -1622
-1639 -1653
-1671 -1675
-1694 -1699
-1712 -1717
-1726 -1731
-1735 -1740
-1745 -1745
-1745 -1745
-1740 -1740
-1735 -1731
-1726 -1721
-1712 -1702
-1689 -1685
-1666 -1658
-1639 -1631
-1605 -1596
-1571 -1562
-1533 -1520
-1487 -1475
-1444 -1429
-1394 -1379
-1339 -1325
-1282 -1262
-1224 -1202
-1154 -1135
-1087 -1069
-1019 -1002
-947 -929
-876 -857
-799 -782
-722 -703
-644 -625
-563 -543
-482 -461
-398 -378
-316 -284
-220 -198
-135 -113
-49 -28
36 58
122 143
207 229
292 314
376 396
459 480
541 561
623 642
705 730
788 807
864 883
937 956
1009 1024
1076 1094
1142 1157
1205 1222
1266 1280
1323 1337
1377 1392
1427 1442
1482 1485
1526 1535
1564 1572
1598 1607
1633 1637
1660 1664
1683 1687
1705 1710
1719 1724
1733 1733
1738 1738
1743 1743
1743 1743
1738 1733
1724 1724
1710 1710
1697 1687
1673 1664
1647 1637
1615 1607
1581 1572
1543 1535
1502 1494
1454 1446
1403 1396
1352 1344
1294 1287
1236 1222
1174 1157
1109 1094
1041 1024
973 956
900 883
825 807
751 730
661 652
582 572
500 490
418 408
334 324
249 229
165 143
80 58
-7 -28
-92 -113
-178 -198
-273 -284
-357 -367
-441 -451
-522 -533
-604 -614
-683 -693
-760 -782
-838 -857
-912 -929
-983 -1002
-1052 -1069
-1120 -1135
-1192 -1202
-1255 -1262
-1310 -1317
-1364 -1371
-1417 -1424
-1467 -1472
-1511 -1516
-1554 -1562
-1588 -1596
-1622 -1631
-1653 -1658
-1675 -1685
-1702 -1702
-1717 -1721
-1731 -1731
-1740 -1740
-1745 -1745
-1745 -1745
-1740 -1740
-1731 -1731
-1721 -1717
-1702 -1699
-1685 -1675
-1653 -1653
-1627 -1622
-1591 -1588
-1557 -1554
-1516 -1511
-1472 -1467
-1424 -1417
-1371 -1364
-1317 -1310
-1262 -1255
-1202 -1185
-1135 -1120
-1060 -1052
-992 -983
-922 -912
-847 -838
-770 -760
-693 -683
-614 -604
-533 -522
-451 -441
-367 -357
-284 -273
-198 -178
-103 -92
-17 -7
68 80
154 165
239 249
324 334
408 418
490 500
572 582
652 661
730 741
807 825
883 900
942 952
1011 1019
1079 1085
1142 1149
1202 1209
1260 1266
1315 1323
1366 1381
1415 1427
1461 1470
1502 1509
1543 1547
1577 1581
1607 1611
1633 1637
1656 1660
1673 1678
1687 1692
1697 1700
1705 1705
1705 1705
1700 1700
1697 1697
1683 1683
1669 1669
1651 1647
1629 1620
1603 1594
1569 1560
1535 1526
1497 1485
1454 1442
1411 1396
1362 1347
1308 1287
1246 1232
1186 1174
1127 1109
1062 1045
995 978
925 908
855 836
780 763
705 686
628 599
549 519
469 439
377 358
295 276
213 193
130 109
46 25
-38 -58
-121 -152
-205 -236
-287 -319
-369 -401
-451 -482
-531 -562
-620 -640
-697 -717
-773 -792
-847 -873
-919 -944
-989 -1013
-1055 -1081
-1120 -1144
-1182 -1204
-1241 -1262
-1296 -1317
-1349 -1368
-1405 -1424
-1451 -1467
-1496 -1508
-1533 -1545
-1566 -1579
-1600 -1609
-1627 -1635
-1649 -1658
-1671 -1675
-1685 -1689
-1699 -1702
-1702 -1707
-1707 -1707
-1707 -1702
-1702 -1699
-1689 -1685
-1675 -1671
-1662 -1653
-1639 -1627
-1613 -1600
-1583 -1566
-1549 -1533
-1511 -1496
-1467 -1451
-1424 -1405
-1375 -1357
-1325 -1303
-1268 -1241
-1211 -1182
-1151 -1120
-1087 -1055
-1021 -989
-954 -919
-883 -847
-809 -773
-726 -697
-649 -620
-571 -531
-490 -451
-410 -369
-329 -287
-246 -205
-164 -121
-80 -38
5 46
88 130
182 224
265 307
347 388
429 469
509 549
589 628
666 705
742 780
818 855
891 935
961 1003
1028 1070
1103 1133
1164 1196
1225 1253
1280 1308
1333 1362
1384 1411
1434 1461
1478 1502
1518 1538
1552 1572
1586 1603
1615 1629
1642 1651
1664 1673
1678 1687
1692 1697
1700 1705
1705 1705
1705 1700
1700 1697
1692 1687
1683 1673
1664 1651
1642 1629
1615 1603
1589 1569
1555 1535
1522 1497
1482 1454
1438 1411
1392 1362
1340 1308
1287 1253
1232 1186
1174 1127
1103 1062
1036 995
968 925
900 855
828 780
753 705
677 628
599 549
519 459
439 377
358 295
265 213
182 130
99 46
15 -38
-69 -121
-152 -205
-236 -297
-319 -379
-401 -461
-482 -541
-562 -620
-640 -697
-726 -773
-801 -847
-873 -919
-944 -997
-1013 -1064
-1081 -1129
-1144 -1188
-1204 -1248
-1262 -1303
-1317 -1357
-1368 -1405
-1417 -1451
-1467 -1499
-1508 -1537
-1545 -1571
-1579 -1605
-1609 -1631
-1635 -1653
-1658 -1671
-1675 -1685
-1689 -1699
-1699 -1702
-1707 -1707
-1707 -1707
-1702 -1699
-1699 -1689
-1685 -1675
-1671 -1658
-1653 -1635
-1631 -1609
-1605 -1574
-1571 -1540
-1537 -1504
-1499 -1463
-1456 -1417
-1413 -1368
-1357 -1317
-1303 -1262
-1248 -1204
-1188 -1135
-1129 -1072
-1064 -1005
-997 -937
-927 -866
-857 -792
-782 -717
-707 -640
-630 -562
-541 -482
-461 -390
-379 -309
-297 -226
-215 -142
-132 -58
-48 25
36 109
119 193
203 276
285 367
367 449
459 529
539 609
618 686
695 763
771 836
845 908
917 978
987 1053
1053 1118
1118 1180
1180 1239
1239 1294
1301 1347
1355 1396
1403 1442
1449 1485
1494 1531
1531 1564
1564 1598
1598 1625
1625 1647
1647 1669
1669 1683
1683 1697
1697 1700
1700 1705
1705 1705
1705 1700
1700 1687
1687 1673
1673 1660
1660 1637
1637 1611
1611 1581
1581 1543
1547 1506
1506 1465
1465 1422
1422 1373
1373 1323
1323 1266
1266 1209
1209 1149
1149 1079
1085 1011
1019 942
952 871
881 799
799 724
724 647
647 569
569 488
488 408
408 317
327 234
244 150
162 67
78 -17
-7 -101
-96 -184
-184 -267
-267 -349
-349 -441
-431 -521
-511 -601
-591 -679
-668 -755
-744 -830
-820 -902
-893 -970
-963 -1038
-1038 -1111
-1105 -1176
-1166 -1234
-1227 -1289
-1282 -1342
-1335 -1394
-1386 -1440
-1436 -1484
-1480 -1524
-1520 -1562
-1554 -1596
-1591 -1622
-1617 -1649
-1644 -1666
-1666 -1685
-1680 -1694
-1694 -1702
-1702 -1707
-1707 -1707
-1707 -1702
-1702 -1694
-1694 -1680
-1685 -1662
-1666 -1639
-1644 -1617
-1617 -1588
-1591 -1554
-1557 -1511
-1524 -1472
-1484 -1429
-1440 -1383
-1394 -1332
-1342 -1275
-1289 -1217
-1227 -1159
-1166 -1096
-1105 -1021
-1038 -954
-970 -883
-902 -809
-830 -736
-755 -659
-679 -580
-601 -502
-521 -420
-441 -340
-349 -246
-267 -164
-184 -80
-101 5
-17 88
67 172
150 254
234 338
317 418
399 509
480 589
560 666
647 742
724 818
799 891
871 961
942 1028
1011 1094
1079 1164
1142 1225
1202 1280
1260 1333
1315 1384
1373 1434
1422 1478
1465 1518
1506 1552
1543 1589
1577 1615
1607 1642
1633 1664
1656 1678
1673 1692
1687 1700
1697 1705
1705 1705
1705 1700
1700 1692
1697 1678
1683 1664
1669 1642
1651 1615
1629 1589
1603 1555
1569 1522
1535 1478
1497 1434
1449 1384
1403 1333
1355 1280
1301 1225
1246 1164
1186 1103
1127 1036
1062 961
995 891
925 818
855 742
771 666
695 589
618 509
539 429
459 347
377 265
295 172
213 88
130 5
46 -80
-38 -164
-121 -246
-215 -329
-297 -410
-379 -490
-461 -580
-541 -659
-620 -736
-697 -809
-773 -883
-847 -954
-919 -1021
-989 -1087
-1055 -1151
-1120 -1217
-1188 -1275
-1248 -1332
-1303 -1383
-1357 -1429
-1405 -1472
-1451 -1511
-1496 -1549
-1533 -1583
-1566 -1617
-1600 -1639
-1627 -1662
-1649 -1680
-1671 -1694
-1685 -1702
-1699 -1707
-1702 -1707
-1707 -1702
-1707 -1694
-1702 -1685
-1689 -1666
-1675 -1649
-1662 -1622
-1639 -1596
-1613 -1562
-1579 -1528
-1545 -1487
-1508 -1440
-1467 -1394
-1424 -1342
-1375 -1289
-1325 -1234
-1268 -1176
-1211 -1111
-1151 -1047
-1087 -980
-1013 -902
-944 -830
-873 -755
-801 -679
-726 -601
-649 -521
-571 -441
-490 -360
-410 -278
-329 -195
-246 -101
-164 -17
-69 67
15 150
99 234
182 317
265 399
347 480
429 560
509 647
589 724
666 799
742 871
818 942
900 1011
968 1079
1036 1142
1103 1202
1164 1266
1225 1323
1280 1373
1333 1422
1384 1465
1434 1506
1478 1543
1518 1577
1555 1607
1589 1637
1615 1660
1642 1673
1664 1687
1678 1700
1692 1705
1700 1705
1705 1700
1705 1697
1700 1683
1692 1669
1678 1647
1664 1625
1642 1598
1615 1564
1589 1531
1555 1494
1522 1449
1482 1396
1438 1347
1392 1294
1340 1239
1287 1180
1225 1118
1164 1053
1103 987
1036 917
968 836
900 763
828 686
753 609
677 529
599 449
519 367
429 285
347 203
265 119
182 25
99 -58
15 -142
-69 -226
-152 -309
-236 -390
-319 -471
-401 -551
-482 -630
-571 -717
-649 -792
-726 -866
-801 -937
-873 -1005
-944 -1072
-1013 -1135
-1081 -1198
-1144 -1255
-1204 -1317
-1262 -1368
-1325 -1417
-1375 -1463
-1424 -1504
-1467 -1540
-1508 -1574
-1545 -1605
-1579 -1631
-1609 -1658
-1635 -1675
-1658 -1689
-1675 -1699
-1689 -1707
-1702 -1707
-1707 -1702
-1707 -1699
-1702 -1689
-1699 -1671
-1685 -1653
-1671 -1631
-1653 -1605
-1631 -1571
-1605 -1537
-1571 -1499
-1533 -1456
-1496 -1413
-1451 -1357
-1405 -1303
-1357 -1248
-1303 -1188
-1248 -1129
-1188 -1064
-1129 -997
-1064 -927
-997 -857
-927 -773
-847 -697
-773 -620
-697 -541
-620 -461
-541 -379
-461 -297
-379 -215
-297 -132
-215 -48
-132 46
-48 130
36 213
130 295
213 377
295 459
377 539
459 618
539 695
618 780
695 855
771 925
845 995
917 1062
995 1127
1062 1186
1127 1246
1186 1301
1246 1362
1301 1411
1355 1454
1403 1497
1449 1535
1494 1569
1531 1603
1564 1629
1603 1651
1629 1673
1651 1687
1669 1697
1683 1700
1697 1705
1700 1705
1705 1697
1705 1687
1700 1673
1687 1651
1673 1629
1656 1603
1633 1572
1607 1538
1577 1502
1543 1461
1506 1415
1465 1366
1422 1308
1373 1253
1323 1196
1266 1133
1209 1070
1142 1003
1079 935
1011 864
942 790
871 705
799 628
724 549
647 469
569 388
488 307
408 224
327 140
234 56
150 -27
67 -121
-17 -205
-101 -287
-184 -369
-267 -451
-349 -531
-431 -611
-511 -688
-591 -765
-668 -847
-755 -919
-830 -989
-902 -1055
-970 -1120
-1038 -1182
-1105 -1241
-1166 -1296
-1227 -1349
-1282 -1405
-1335 -1451
-1386 -1496
-1436 -1533
-1484 -1566
-1524 -1600
-1557 -1627
-1591 -1649
-1617 -1671
-1644 -1685
-1666 -1699
-1680 -1702
-1694 -1707
-1702 -1707
-1707 -1702
-1707 -1689
-1702 -1675
-1694 -1662
-1680 -1635
-1666 -1609
-1644 -1579
-1617 -1545
-1591 -1508
-1557 -1467
-1524 -1424
-1484 -1375
-1440 -1325
-1394 -1262
-1335 -1204
-1282 -1144
-1227 -1081
-1166 -1013
-1105 -944
-1038 -873
-970 -801
-902 -726
-830 -640
-755 -562
-679 -482
-601 -401
-511 -319
-431 -236
-349 -152
-267 -69
-184 15
-101 99
-17 193
67 276
150 358
234 439
317 519
399 599
488 677
569 753
647 828
724 908
799 978
871 1045
942 1109
1011 1174
1079 1232
1142 1287
1202 1340
1260 1392
1323 1442
1373 1485
1422 1526
1465 1560
1506 1594
1543 1620
1577 1647
1607 1664
1633 1683
1656 1697
1673 1700
1687 1705
1700 1705
1705 1700
1705 1692
1700 1678
1697 1660
1683 1637
1669 1611
1651 1581
1629 1547
1603 1509
1564 1470
1531 1427
1494 1381
1449 1330
1403 1273
1355 1209
1301 1149
1246 1085
1186 1019
1127 952
1062 881
995 807
917 734
845 657
771 569
695 488
618 408
539 327
459 244
377 162
295 78
213 -7
130 -90
36 -174
-48 -267
-132 -349
-215 -431
-297 -511
-379 -591
-461 -668
-541 -744
-620 -820
-697 -893
-773 -970
-847 -1038
-927 -1105
-997 -1166
-1064 -1227
-1129 -1282
-1188 -1335
-1248 -1386
-1303 -1436
-1357 -1484
-1405 -1524
-1451 -1557
-1496 -1591
-1533 -1617
-1571 -1644
-1605 -1666
-1631 -1680
-1653 -1694
-1671 -1702
-1685 -1707
-1699 -1707
-1702 -1702
-1707 -1694
-1707 -1680
-1702 -1666
-1689 -1644
-1675 -1617
-1658 -1588
-1635 -1554
-1609 -1520
-1579 -1480
-1545 -1436
-1508 -1386
-1467 -1335
-1424 -1282
-1375 -1227
-1325 -1159
-1262 -1096
-1204 -1030
-1144 -963
-1081 -893
-1013 -820
-944 -744
-873 -668
-801 -591
-726 -502
-649 -420
-571 -340
-490 -256
-401 -174
-319 -90
-236 -7
-152 78
-69 162
15 244
99 338
182 418
265 500
347 578
429 657
519 734
599 807
677 881
753 952
828 1028
900 1094
968 1157
1036 1215
1103 1273
1164 1330
1225 1381
1280 1427
1333 1470
1392 1518
1438 1552
1482 1586
1522 1615
1555 1637
1589 1660
1615 1678
1642 1692
1664 1700
1678 1705
1692 1705
1700 1700
1705 1692
1705 1683
1700 1664
1692 1647
1678 1620
1664 1594
1642 1555
1615 1522
1589 1482
1555 1438
1522 1392
1482 1340
1434 1287
1384 1232
1333 1174
1280 1103
1225 1036
1164 968
1103 900
1036 828
968 753
900 677
828 599
753 519
666 429
589 347
509 265
429 182
347 99
265 15
182 -69
99 -152
15 -236
-69 -319
-152 -410
-236 -490
-329 -571
-410 -649
-490 -726
-571 -801
-649 -873
-726 -944
-801 -1013
-873 -1087
-944 -1151
-1013 -1211
-1081 -1268
-1151 -1325
-1211 -1375
-1268 -1424
-1325 -1467
-1375 -1508
-1424 -1549
-1467 -1583
-1508 -1613
-1545 -1639
-1579 -1662
-1609 -1675
-1635 -1689
-1662 -1702
-1675 -1707
-1689 -1707
-1702 -1702
-1707 -1699
-1707 -1685
-1702 -1671
-1699 -1649
-1685 -1627
-1671 -1600
-1653 -1566
-1631 -1528
-1600 -1487
-1566 -1444
-1533 -1398
-1496 -1349
-1451 -1296
-1405 -1241
-1357 -1182
-1303 -1120
-1248 -1047
-1188 -980
-1129 -910
-1064 -838
-989 -765
-919 -688
-847 -611
-773 -531
-697 -451
-620 -360
-541 -278
-461 -195
-379 -111
-297 -27
-215 56
-132 140
-38 224
46 307
130 388
213 480
295 560
377 638
459 715
539 790
618 864
695 935
771 1003
855 1070
925 1142
995 1202
1062 1260
1127 1315
1186 1366
1246 1415
1301 1461
1355 1502
1403 1538
1449 1577
1497 1607
1502 1598
1535 1620
1569 1637
1594 1651
1615 1660
1633 1669
1647 1669
1660 1664
1664 1660
1669 1647
1669 1633
1660 1615
1651 1589
1637 1564
1620 1531
1598 1497
1572 1461
1543 1419
1509 1373
1473 1318
1434 1266
1392 1212
1344 1154
1287 1094
1232 1031
1176 966
1118 888
1056 818
990 746
922 671
852 596
782 517
709 440
633 350
548 270
469 188
391 106
310 24
229 -57
147 -140
66 -231
-17 -312
-98 -393
-180 -471
-261 -550
-342 -626
-431 -702
-510 -784
-589 -854
-664 -924
-738 -992
-811 -1058
-883 -1120
-949 -1178
-1016 -1241
-1081 -1296
-1141 -1346
-1202 -1394
-1262 -1436
-1313 -1475
-1364 -1511
-1409 -1545
-1451 -1579
-1492 -1605
-1524 -1627
-1557 -1639
-1583 -1653
-1609 -1666
-1631 -1671
-1649 -1671
-1658 -1666
-1666 -1662
-1671 -1649
-1671 -1635
-1666 -1613
-1658 -1591
-1644 -1562
-1631 -1528
-1609 -1496
-1583 -1456
-1557 -1413
-1520 -1368
-1487 -1320
-1448 -1262
-1405 -1207
-1357 -1151
-1306 -1087
-1255 -1024
-1202 -960
-1141 -890
-1081 -811
-1016 -738
-949 -664
-873 -589
-803 -510
-729 -431
-654 -352
-579 -261
-500 -180
-422 -98
-342 -17
-261 66
-180 147
-98 229
-17 321
76 400
158 478
239 557
321 633
400 709
478 782
557 862
633 932
709 997
782 1062
852 1123
922 1183
997 1239
1062 1301
1123 1352
1183 1396
1239 1438
1294 1478
1344 1514
1392 1547
1434 1577
1473 1603
1509 1625
1543 1642
1577 1656
1603 1664
1625 1669
1637 1669
1651 1664
1664 1656
1669 1647
1669 1629
1664 1611
1660 1586
1647 1560
1633 1522
1611 1490
1589 1449
1564 1407
1531 1362
1497 1311
1461 1260
1419 1200
1373 1139
1326 1079
1273 1014
1219 947
1161 881
1094 809
1031 727
966 652
898 577
828 498
754 420
681 340
604 259
527 169
449 86
370 5
290 -78
198 -160
117 -241
34 -323
-47 -412
-128 -490
-210 -568
-292 -645
-372 -721
-451 -792
-529 -864
-606 -942
-683 -1007
-765 -1072
-838 -1135
-907 -1192
-975 -1248
-1041 -1303
-1105 -1357
-1163 -1405
-1221 -1448
-1275 -1487
-1328 -1520
-1375 -1554
-1421 -1583
-1467 -1605
-1504 -1631
-1537 -1644
-1571 -1658
-1596 -1666
-1617 -1671
-1635 -1671
-1649 -1666
-1662 -1658
-1666 -1644
-1671 -1631
-1671 -1609
-1662 -1583
-1653 -1557
-1639 -1524
-1622 -1487
-1600 -1448
-1574 -1405
-1545 -1357
-1511 -1306
-1475 -1255
-1436 -1202
-1394 -1135
-1339 -1072
-1289 -1007
-1234 -942
-1178 -873
-1120 -803
-1058 -729
-992 -645
-924 -568
-854 -490
-784 -412
-711 -332
-626 -251
-550 -171
-471 -78
-393 5
-312 86
-231 169
-149 249
-68 330
15 410
96 498
178 577
259 652
350 727
429 801
508 871
587 940
662 1014
736 1079
809 1139
881 1200
947 1253
1014 1304
1079 1355
1149 1407
1205 1449
1260 1490
1311 1522
1362 1555
1407 1581
1449 1607
1490 1629
1522 1647
1555 1656
1581 1664
1607 1669
1629 1669
1647 1664
1656 1656
1664 1642
1669 1625
1669 1603
1664 1581
1656 1552
1642 1518
1629 1485
1607 1438
1581 1396
1552 1352
1518 1301
1485 1246
1446 1190
1403 1133
1355 1062
1304 997
1253 932
1200 862
1139 790
1079 719
1005 643
940 557
871 478
801 400
727 321
652 239
577 158
498 76
420 -17
340 -98
259 -180
178 -261
86 -342
5 -422
-78 -500
-160 -589
-241 -664
-323 -738
-402 -811
-480 -883
-559 -949
-635 -1016
-711 -1087
-784 -1151
-864 -1207
-934 -1262
-999 -1313
-1064 -1364
-1125 -1409
-1185 -1456
-1241 -1496
-1296 -1528
-1346 -1562
-1394 -1588
-1436 -1613
-1475 -1631
-1516 -1649
-1549 -1662
-1579 -1666
-1605 -1671
-1627 -1671
-1639 -1666
-1653 -1658
-1666 -1644
-1671 -1627
-1671 -1605
-1666 -1579
-1662 -1549
-1649 -1516
-1635 -1480
-1613 -1440
-1591 -1394
-1566 -1346
-1533 -1296
-1499 -1241
-1463 -1185
-1421 -1125
-1375 -1064
-1328 -992
-1275 -924
-1214 -854
-1156 -784
-1096 -711
-1033 -635
-968 -559
-900 -471
-830 -393
-756 -312
-683 -231
-606 -149
-529 -68
-451 15
-362 106
-282 188
-200 270
-119 350
-36 429
45 508
126 587
208 671
290 746
370 818
449 888
527 958
614 1022
690 1085
763 1154
836 1212
905 1266
973 1318
1039 1366
1103 1411
1161 1454
1219 1497
1273 1531
1326 1564
1381 1589
1422 1611
1465 1633
1502 1647
1535 1660
1569 1664
1594 1669
1615 1669
1633 1664
1647 1651
1660 1637
1664 1625
1669 1598
1669 1572
1660 1543
1651 1509
1637 1473
1620 1434
1598 1392
1572 1337
1543 1287
1509 1232
1473 1176
1430 1118
1384 1056
1337 990
1287 915
1232 845
1176 773
1118 700
1056 624
990 548
922 469
852 380
782 300
700 219
624 138
548 55
469 -26
391 -108
310 -200
229 -282
147 -362
66 -442
-17 -519
-98 -598
-180 -673
-272 -756
-352 -830
-431 -900
-510 -968
-589 -1033
-664 -1096
-738 -1156
-811 -1221
-883 -1275
-949 -1328
-1016 -1375
-1081 -1421
-1151 -1463
-1207 -1499
-1262 -1537
-1313 -1571
-1364 -1596
-1409 -1617
-1451 -1635
-1492 -1649
-1524 -1662
-1557 -1666
-1583 -1671
-1613 -1671
-1631 -1662
-1649 -1653
-1658 -1639
-1666 -1622
-1671 -1600
-1671 -1571
-1666 -1540
-1658 -1508
-1644 -1472
-1631 -1432
-1605 -1386
-1583 -1339
-1554 -1282
-1520 -1227
-1487 -1173
-1448 -1111
-1405 -1050
-1357 -983
-1306 -917
-1255 -838
-1202 -765
-1141 -692
-1072 -616
-1007 -540
-942 -461
-873 -382
-803 -292
-729 -210
-654 -128
-579 -47
-500 34
-422 117
-342 198
-261 290
-171 370
-88 449
-7 527
76 604
158 681
239 754
321 836
400 905
478 973
557 1039
633 1103
719 1161
790 1219
862 1280
932 1333
997 1381
1062 1422
1123 1465
1183 1502
1239 1535
1294 1569
1344 1594
1392 1615
1438 1637
1478 1651
1514 1660
1547 1664
1577 1669
1603 1664
1625 1660
1637 1651
1651 1637
1664 1615
1669 1594
1669 1569
1664 1535
1660 1502
1647 1465
1633 1422
1611 1381
1589 1333
1564 1280
1531 1219
1497 1161
1461 1103
1419 1039
1366 973
1318 905
1266 836
1212 754
1154 681
1094 604
1031 527
966 449
898 370
828 290
754 198
681 117
596 34
517 -47
440 -128
360 -210
280 -292
198 -382
117 -461
34 -540
-47 -616
-128 -692
-210 -765
-292 -838
-382 -917
-461 -983
-540 -1050
-616 -1111
-692 -1173
-765 -1227
-838 -1282
-907 -1339
-975 -1386
-1041 -1432
-1105 -1472
-1163 -1508
-1227 -1540
-1282 -1571
-1335 -1600
-1383 -1622
-1424 -1639
-1467 -1653
-1504 -1662
-1537 -1671
-1571 -1671
-1596 -1666
-1617 -1662
-1635 -1649
-1653 -1635
-1662 -1617
-1666 -1596
-1671 -1571
-1671 -1537
-1662 -1499
-1653 -1463
-1639 -1421
-1622 -1375
-1600 -1328
-1574 -1275
-1545 -1221
-1508 -1156
-1472 -1096
-1432 -1033
-1386 -968
-1339 -900
-1289 -830
-1234 -756
-1178 -673
-1120 -598
-1058 -519
-992 -442
-924 -362
-847 -282
-775 -200
-702 -108
-626 -26
-550 55
-471 138
-393 219
-312 300
-231 380
-149 469
-68 548
15 624
106 700
188 773
270 845
350 915
429 990
508 1056
587 1118
662 1176
736 1232
809 1287
881 1337
947 1392
1022 1434
1085 1473
1149 1509
1205 1543
1260 1572
1311 1598
1362 1625
1407 1637
1449 1651
1490 1664
1522 1669
1555 1669
1586 1664
1611 1660
1629 1647
1647 1633
1656 1611
1664 1589
1669 1564
1669 1531
1664 1497
1656 1454
1642 1411
1629 1366
1603 1318
1581 1266
1552 1212
1518 1154
1485 1085
1446 1022
1403 958
1355 888
1304 818
1253 746
1200 671
1133 587
1070 508
1005 429
940 350
871 270
801 188
727 106
652 15
577 -68
498 -149
420 -231
340 -312
249 -393
169 -471
86 -559
5 -635
-78 -711
-160 -784
-241 -854
-323 -924
-402 -992
-480 -1064
-559 -1125
-645 -1185
-721 -1241
-792 -1296
-864 -1346
-934 -1394
-999 -1440
-1064 -1480
-1125 -1516
-1185 -1549
-1241 -1579
-1296 -1605
-1346 -1627
-1398 -1644
-1440 -1658
-1480 -1666
-1516 -1671
-1549 -1671
-1579 -1666
-1605 -1662
-1627 -1649
-1639 -1631
-1653 -1613
-1666 -1588
-1671 -1562
-1671 -1528
-1666 -1496
-1662 -1456
-1649 -1409
-1635 -1364
-1613 -1313
-1591 -1262
-1566 -1207
-1533 -1151
-1499 -1087
-1463 -1016
-1413 -949
-1368 -883
-1320 -811
-1268 -738
-1214 -664
-1156 -589
-1096 -500
-1033 -422
-968 -342
-900 -261
-830 -180
-756 -98
-673 -17
-598 76
-519 158
-442 239
-362 321
-282 400
-200 478
-119 557
-36 643
45 719
126 790
219 862
300 932
380 997
459 1062
538 1133
614 1190
690 1246
763 1301
836 1352
905 1396
973 1438
1039 1485
1109 1518
1171 1552
1225 1581
1280 1603
1333 1625
1381 1642
1422 1656
1465 1664
1502 1669
1535 1669
1569 1664
1594 1656
1615 1647
1637 1629
1651 1607
1660 1581
1664 1555
1669 1522
1669 1490
1660 1449
1651 1407
1637 1355
1620 1304
1598 1253
1569 1200
1538 1139
1506 1079
1470 1014
1430 940
1384 871
1337 801
1287 727
1232 652
1176 577
1118 498
1056 410
981 330
915 249
845 169
773 86
700 5
624 -78
548 -171
469 -251
391 -332
310 -412
229 -490
147 -568
55 -645
-26 -729
-108 -803
-190 -873
-272 -942
-352 -1007
-431 -1072
-510 -1135
-589 -1202
-664 -1255
-738 -1306
-811 -1357
-890 -1405
-960 -1448
-1024 -1487
-1087 -1524
-1151 -1557
-1207 -1583
-1262 -1609
-1313 -1631
-1364 -1644
-1409 -1658
-1451 -1666
-1492 -1671
-1528 -1671
-1562 -1666
-1588 -1658
-1613 -1644
-1631 -1631
-1649 -1609
-1658 -1583
-1666 -1554
-1671 -1520
-1671 -1487
-1666 -1448
-1658 -1405
-1644 -1357
-1627 -1303
-1605 -1248
-1583 -1192
-1554 -1135
-1520 -1072
-1487 -1007
-1448 -942
-1405 -864
-1357 -792
-1306 -721
-1255 -645
-1192 -568
-1135 -490
-1072 -412
-1007 -323
-942 -241
-873 -160
-803 -78
-729 5
-654 86
-579 169
-500 259
-422 340
-332 420
-251 498
-171 577
-88 652
-7 727
76 809
158 881
239 947
321 1014
400 1079
478 1139
566 1200
643 1260
719 1311
790 1362
862 1407
932 1449
997 1490
1062 1522
1123 1560
1183 1586
1239 1611
1294 1629
1352 1647
1396 1656
1438 1664
1478 1669
1514 1669
1547 1664
1577 1656
1603 1642
1625 1625
1637 1603
1651 1581
1664 1547
1669 1514
1669 1478
1664 1438
1660 1396
1647 1352
1633 1301
1611 1239
1589 1183
1564 1123
1531 1062
1497 997
1454 932
1411 862
1366 782
1318 709
1266 633
1212 557
1154 478
1094 400
1031 321
966 229
898 147
818 66
746 -17
671 -98
596 -180
517 -261
440 -352
360 -431
280 -510
198 -589
117 -664
34 -738
-47 -811
-140 -890
-221 -960
-302 -1024
-382 -1087
-461 -1151
-540 -1207
-616 -1262
-692 -1320
-765 -1368
-838 -1413
-907 -1456
-975 -1496
-1050 -1528
-1111 -1562
-1173 -1591
-1227 -1613
-1282 -1635
-1335 -1649
-1383 -1662
-1424 -1666
-1467 -1671
-1504 -1671
-1537 -1666
-1571 -1653
-1596 -1639
-1617 -1627
-1639 -1605
-1653 -1579
-1662 -1549
-1666 -1511
-1671 -1475
-1671 -1436
-1662 -1394
-1653 -1346
-1639 -1296
-1617 -1241
-1596 -1178
-1571 -1120
-1540 -1058
-1508 -992
-1472 -924
-1432 -854
-1386 -784
-1339 -702
-1289 -626
-1234 -550
-1178 -471
-1111 -393
-1050 -312
-983 -231
-917 -140
-847 -57
-775 24
-702 106
-626 188
-550 270
-471 350
-393 440
-302 517
-221 596
-140 671
-57 746
24 818
106 888
188 966
270 1031
350 1094
429 1154
508 1212
587 1266
671 1318
746 1373
818 1419
888 1461
958 1497
1022 1531
1085 1564
1149 1589
1205 1615
1260 1633
1311 1647
1362 1660
1411 1664
1454 1669
1494 1669
1526 1660
1560 1651
1586 1637
1611 1620
1629 1598
1647 1572
1656 1543
1664 1509
1669 1470
1669 1430
1629 1355
1620 1308
1607 1260
1589 1205
1569 1152
1547 1094
1518 1033
1485 961
1454 895
1415 828
1373 756
1323 684
1273 611
1219 536
1164 459
1109 382
1048 293
984 214
920 135
852 54
784 -26
710 -106
638 -186
554 -266
478 -345
401 -432
323 -509
244 -585
164 -659
84 -732
4 -803
-77 -871
-157 -939
-236 -1002
-316 -1072
-403 -1132
-480 -1188
-556 -1241
-632 -1292
-705 -1339
-775 -1383
-845 -1424
-914 -1463
-978 -1496
-1041 -1533
-1101 -1557
-1159 -1579
-1221 -1600
-1275 -1613
-1325 -1627
-1368 -1631
-1409 -1635
-1448 -1635
-1484 -1631
-1516 -1617
-1545 -1605
-1571 -1591
-1591 -1571
-1605 -1545
-1622 -1516
-1631 -1484
-1635 -1448
-1635 -1405
-1631 -1364
-1627 -1317
-1613 -1268
-1600 -1214
-1579 -1159
-1557 -1101
-1533 -1041
-1499 -978
-1463 -905
-1424 -836
-1383 -767
-1339 -695
-1292 -621
-1241 -547
-1188 -470
-1132 -393
-1072 -316
-1011 -226
-947 -147
-881 -66
-803 14
-732 94
-659 174
-585 254
-509 333
-432 411
-354 497
-275 574
-196 648
-116 720
-36 792
54 862
135 927
214 992
293 1056
372 1123
449 1180
526 1232
601 1284
676 1333
746 1377
818 1419
886 1458
961 1490
1024 1522
1085 1552
1145 1577
1200 1594
1253 1611
1304 1620
1352 1629
1392 1633
1434 1633
1470 1629
1506 1620
1535 1607
1560 1589
1581 1569
1603 1547
1615 1518
1625 1485
1629 1454
1633 1415
1633 1366
1625 1323
1615 1273
1603 1219
1581 1164
1560 1109
1535 1048
1506 984
1473 920
1438 843
1400 773
1355 703
1308 630
1260 554
1200 478
1145 401
1085 323
1024 244
961 155
895 75
828 -6
756 -86
684 -166
611 -246
536 -325
459 -403
372 -480
293 -567
214 -640
135 -712
54 -786
-26 -854
-106 -922
-186 -986
-266 -1050
-345 -1111
-422 -1176
-499 -1227
-585 -1279
-659 -1328
-732 -1375
-803 -1417
-871 -1456
-939 -1487
-1002 -1520
-1064 -1549
-1125 -1574
-1182 -1596
-1234 -1609
-1292 -1622
-1339 -1631
-1383 -1635
-1424 -1635
-1463 -1631
-1496 -1622
-1528 -1609
-1554 -1596
-1579 -1574
-1596 -1549
-1613 -1524
-1622 -1492
-1631 -1460
-1635 -1421
-1635 -1379
-1631 -1328
-1622 -1279
-1609 -1227
-1591 -1176
-1571 -1117
-1549 -1058
-1520 -994
-1487 -929
-1456 -864
-1409 -786
-1368 -712
-1325 -640
-1275 -567
-1221 -490
-1166 -413
-1111 -335
-1050 -256
-986 -176
-922 -86
-854 -6
-786 75
-705 155
-632 234
-556 314
-480 391
-403 468
-325 545
-246 630
-166 703
-86 773
-6 843
75 912
155 976
244 1039
323 1099
401 1157
478 1219
554 1273
630 1323
703 1366
773 1407
843 1446
912 1482
976 1514
1039 1543
1109 1569
1164 1589
1219 1607
1273 1620
1323 1629
1366 1633
1407 1633
1446 1629
1482 1625
1514 1611
1543 1594
1569 1577
1589 1552
1607 1526
1620 1494
1629 1461
1633 1422
1633 1381
1629 1337
1625 1284
1611 1232
1598 1180
1577 1123
1555 1062
1526 1000
1494 937
1461 869
1422 801
1381 720
1337 648
1290 574
1239 497
1186 420
1130 343
1070 264
1009 184
937 104
869 14
801 -66
730 -147
657 -226
583 -305
507 -384
430 -461
352 -538
273 -613
194 -695
114 -767
24 -836
-56 -905
-137 -970
-216 -1035
-295 -1096
-374 -1154
-451 -1207
-528 -1268
-603 -1317
-678 -1364
-748 -1405
-820 -1444
-897 -1480
-963 -1511
-1026 -1540
-1087 -1566
-1147 -1588
-1202 -1605
-1255 -1617
-1306 -1631
-1354 -1635
-1394 -1635
-1436 -1631
-1474 -1627
-1508 -1613
-1537 -1600
-1562 -1579
-1583 -1557
-1605 -1533
-1617 -1499
-1627 -1467
-1631 -1432
-1635 -1390
-1635 -1346
-1627 -1299
-1617 -1241
-1605 -1188
-1583 -1132
-1562 -1072
-1537 -1011
-1508 -947
-1475 -881
-1440 -811
-1402 -741
-1357 -659
-1310 -585
-1255 -509
-1202 -432
-1147 -354
-1087 -275
-1026 -196
-963 -116
-897 -36
-830 54
-758 135
-686 214
-613 293
-538 372
-451 449
-374 526
-295 601
-216 676
-137 756
-56 828
24 895
104 961
184 1024
264 1085
343 1145
430 1200
507 1253
583 1308
657 1355
730 1400
801 1438
869 1473
937 1506
1000 1535
1062 1560
1123 1581
1180 1603
1239 1615
1290 1625
1337 1633
1381 1633
1422 1629
1461 1625
1494 1615
1526 1603
1552 1581
1577 1560
1594 1535
1611 1502
1625 1470
1629 1434
1633 1392
1633 1352
1629 1304
1620 1253
1607 1193
1589 1136
1569 1079
1547 1017
1518 952
1482 886
1446 818
1407 746
1366 676
1323 591
1273 516
1219 440
1164 362
1109 283
1048 203
984 124
920 44
843 -36
773 -126
703 -205
630 -285
554 -364
478 -442
401 -518
323 -593
244 -668
164 -741
84 -820
4 -888
-86 -954
-166 -1019
-246 -1081
-325 -1138
-403 -1195
-480 -1248
-556 -1299
-632 -1354
-705 -1394
-775 -1436
-845 -1472
-922 -1504
-986 -1537
-1050 -1562
-1111 -1583
-1166 -1600
-1221 -1613
-1275 -1627
-1325 -1631
-1368 -1635
-1409 -1635
-1448 -1627
-1484 -1617
-1520 -1605
-1549 -1588
-1571 -1566
-1591 -1537
-1609 -1508
-1622 -1475
-1631 -1440
-1635 -1402
-1635 -1357
-1631 -1310
-1627 -1262
-1613 -1207
-1600 -1147
-1579 -1087
-1554 -1026
-1528 -963
-1496 -897
-1463 -830
-1424 -758
-1383 -686
-1339 -613
-1292 -528
-1241 -451
-1188 -374
-1132 -295
-1064 -216
-1002 -137
-939 -56
-871 24
-803 104
-732 194
-659 273
-585 352
-509 430
-432 507
-354 583
-275 657
-186 730
-106 801
-26 879
54 945
135 1009
214 1070
293 1130
372 1186
449 1239
526 1290
601 1337
684 1388
756 1430
828 1465
895 1497
961 1531
1024 1555
1085 1577
1145 1598
1200 1611
1253 1625
1304 1629
1352 1633
1400 1633
1438 1629
1473 1615
1506 1603
1535 1589
1560 1569
1581 1543
1603 1509
1615 1478
1625 1442
1629 1403
1633 1362
1629 1315
1625 1266
1615 1212
1603 1157
1581 1094
1560 1033
1535 968
1506 903
1473 834
1438 765
1400 693
1355 619
1304 545
1253 459
1200 382
1145 303
1085 224
1024 145
961 64
895 -16
828 -96
756 -176
684 -266
611 -345
526 -422
449 -499
372 -576
293 -650
214 -722
135 -794
54 -864
-26 -939
-106 -1002
-186 -1064
-266 -1125
-345 -1182
-432 -1234
-509 -1286
-585 -1335
-659 -1379
-732 -1424
-803 -1463
-871 -1496
-939 -1528
-1002 -1554
-1064 -1579
-1125 -1596
-1188 -1613
-1241 -1622
-1292 -1631
-1339 -1635
-1383 -1635
-1424 -1631
-1463 -1622
-1496 -1609
-1528 -1591
-1554 -1571
-1579 -1549
-1596 -1520
-1613 -1484
-1627 -1448
-1631 -1409
-1635 -1368
-1635 -1325
-1631 -1275
-1622 -1221
-1609 -1166
-1591 -1111
-1571 -1041
-1549 -978
-1516 -914
-1484 -845
-1448 -775
-1409 -705
-1368 -632
-1325 -556
-1275 -480
-1221 -393
-1166 -316
-1111 -236
-1050 -157
-986 -77
-914 4
-845 84
-775 164
-705 244
-632 333
-556 411
-480 488
-403 565
-325 638
-246 710
-166 784
-77 852
4 920
84 992
164 1056
244 1115
323 1174
401 1225
478 1277
554 1326
630 1373
703 1415
773 1458
852 1490
920 1522
984 1547
1048 1572
1109 1594
1164 1607
1219 1620
1273 1629
1323 1633
1366 1633
1407 1629
1446 1620
1485 1607
1518 1594
1547 1572
1569 1547
1589 1522
1607 1490
1620 1454
1629 1415
1633 1373
1633 1326
1629 1277
1620 1225
1611 1174
1594 1115
1577 1056
1552 984
1526 920
1494 852
1461 784
1422 710
1381 638
1337 565
1290 488
1232 411
1180 323
1123 244
1062 164
1000 84
937 4
869 -77
801 -157
730 -236
657 -316
583 -403
507 -480
420 -556
343 -632
264 -705
184 -775
104 -845
24 -914
-56 -978
-137 -1050
-216 -1111
-295 -1166
-374 -1221
-451 -1275
-538 -1325
-613 -1368
-686 -1409
-758 -1448
-830 -1487
-897 -1520
-963 -1549
-1026 -1571
-1087 -1591
-1147 -1609
-1202 -1622
-1255 -1631
-1310 -1635
-1357 -1635
-1402 -1631
-1440 -1622
-1475 -1613
-1508 -1596
-1537 -1579
-1562 -1554
-1583 -1528
-1605 -1496
-1617 -1463
-1627 -1421
-1635 -1379
-1635 -1335
-1631 -1286
-1627 -1234
-1617 -1182
-1605 -1125
-1583 -1064
-1562 -1002
-1537 -929
-1508 -864
-1475 -794
-1440 -722
-1394 -650
-1354 -576
-1306 -499
-1255 -422
-1202 -345
-1147 -256
-1087 -176
-1026 -96
-963 -16
-897 64
-830 145
-758 224
-678 303
-603 382
-528 468
-451 545
-374 619
-295 693
-216 765
-137 834
-56 903
24 968
104 1033
184 1099
273 1157
352 1212
430 1266
507 1315
583 1362
657 1403
730 1442
801 1478
869 1514
937 1543
1000 1569
1062 1589
1130 1603
1186 1615
1239 1629
1290 1633
1337 1633
1381 1629
1422 1625
1461 1611
1494 1598
1526 1577
1552 1555
1577 1531
1598 1497
1611 1465
1625 1430
1629 1381
1633 1337
1633 1290
1629 1239
1620 1186
1607 1130
1589 1070
1569 1009
1547 945
1514 869
1482 801
1446 730
1407 657
1366 583
1323 507
1273 430
1219 352
1164 273
1109 184
1048 104
976 24
912 -56
843 -137
773 -216
703 -295
630 -374
554 -451
478 -538
401 -613
323 -686
244 -758
155 -830
75 -897
-6 -963
-86 -1026
-166 -1087
-246 -1154
-325 -1207
-403 -1262
-480 -1310
-556 -1357
-632 -1402
-705 -1440
-786 -1475
-854 -1508
-922 -1540
-986 -1566
-1050 -1588
-1111 -1605
-1166 -1617
-1221 -1627
-1275 -1635
-1325 -1635
-1368 -1631
-1417 -1627
-1456 -1613
-1487 -1600
-1520 -1583
-1549 -1562
-1571 -1537
-1591 -1504
-1609 -1472
-1622 -1436
-1631 -1394
-1635 -1346
-1635 -1299
-1631 -1248
-1622 -1195
-1613 -1138
-1596 -1081
-1579 -1019
-1554 -954
-1528 -888
-1496 -811
-1463 -741
-1424 -668
-1383 -593
-1339 -518
-1286 -442
-1234 -364
-1182 -285
-1125 -205
-1064 -116
-1002 -36
-939 44
-871 124
-803 203
-732 283
-659 362
-576 440
-499 516
-422 601
-345 676
-266 746
-186 818
-106 886
-26 952
54 1017
135 1079
214 1136
293 1200
382 1253
459 1304
536 1352
611 1392
684 1434
756 1470
828 1502
895 1535
961 1560
1024 1581
1085 1603
1145 1615
1205 1625
1260 1629
1308 1633
1355 1633
1400 1625
1438 1615
1473 1603
1506 1581
1535 1560
1560 1535
1581 1506
1603 1473
1615 1438
1625 1400
1633 1355
1633 1304
1629 1253
1625 1200
1615 1145
1603 1085
1581 1024
1560 961
1535 895
1506 828
1470 746
1434 676
1392 601
1352 526
1304 449
1253 372
1200 293
1145 214
1085 135
1024 44
961 -36
895 -116
818 -196
746 -275
676 -354
601 -432
526 -509
449 -585
372 -668
293 -741
214 -811
135 -881
54 -947
-26 -1011
-116 -1072
-196 -1132
-275 -1188
-354 -1248
-432 -1299
-509 -1346
-585 -1390
-659 -1432
-732 -1467
-803 -1499
-871 -1533
-939 -1557
-1011 -1583
-1072 -1600
-1132 -1613
-1188 -1627
-1241 -1631
-1292 -1635
-1339 -1635
-1383 -1631
-1424 -1617
-1463 -1605
-1496 -1588
-1528 -1566
-1557 -1540
-1579 -1511
-1600 -1480
-1613 -1444
-1627 -1405
-1631 -1364
-1635 -1317
-1635 -1262
-1631 -1207
-1622 -1154
-1609 -1096
-1591 -1035
-1571 -970
-1545 -905
-1516 -836
-1484 -767
-1448 -686
-1409 -613
-1368 -538
-1325 -461
-1275 -384
-1221 -305
-1166 -226
-1101 -147
-1041 -66
-978 24
-914 104
-845 184
-775 264
-705 343
-632 420
-556 497
-480 574
-403 648
-325 730
-236 801
-157 869
-77 937
4 1000
84 1062
164 1123
244 1180
323 1232
401 1290
478 1337
554 1381
630 1422
710 1461
784 1494
852 1526
920 1552
984 1577
1048 1598
1109 1611
1164 1625
1219 1629
1273 1633
1323 1633
1366 1629
1415 1620
1454 1607
1485 1589
1518 1569
1547 1543
1569 1514
1589 1482
1607 1446
1620 1407
1629 1366
1633 1323
1633 1273
1629 1212
1620 1157
1611 1099
1594 1039
1577 976
1552 912
1526 843
1494 773
1461 703
1422 619
1377 545
1333 468
1284 391
1232 314
1180 234
1123 155
1062 75
1000 -6
937 -86
869 -166
801 -246
730 -325
648 -413
574 -490
497 -567
420 -640
343 -712
264 -786
184 -854
104 -922
24 -986
-56 -1050
-137 -1111
-216 -1166
-305 -1221
-384 -1279
-461 -1328
-538 -1375
-613 -1417
-686 -1456
-758 -1487
-830 -1520
-897 -1549
-963 -1571
-1026 -1591
-1096 -1609
-1154 -1622
-1207 -1631
-1262 -1635
-1310 -1635
-1357 -1631
-1402 -1622
-1440 -1613
-1475 -1596
-1508 -1579
-1537 -1554
-1562 -1528
-1588 -1496
-1605 -1463
-1617 -1424
-1627 -1383
-1635 -1335
-1635 -1286
-1631 -1234
-1627 -1182
-1617 -1125
-1605 -1064
-1583 -1002
-1562 -939
-1537 -871
-1504 -803
-1472 -732
-1436 -659
-1394 -576
-1354 -499
-1306 -422
-1255 -345
-1202 -266
-1147 -186
-1087 -106
-1019 -26
-954 54
-888 135
-820 214
-748 293
-678 372
-603 459
-528 536
-451 611
-374 684
-295 756
-216 828
-126 895
-46 961
34 1024
114 1085
194 1145
273 1200
352 1253
430 1308
507 1355
583 1400
657 1438
730 1473
809 1506
879 1535
945 1560
1009 1581
1070 1603
1130 1615
1186 1625
1239 1629
1290 1633
1337 1629
1381 1625
1422 1615
1465 1603
1497 1581
1531 1560
1555 1535
1577 1506
1598 1473
1611 1438
1625 1400
1629 1355
1633 1304
1633 1253
1629 1200
1615 1145
1603 1085
1589 1024
1569 961
1543 895
1514 828
1482 756
1446 684
1407 611
1366 526
1323 449
1273 372
1212 293
1157 214
1099 135
1039 54
976 -26
912 -106
843 -186
773 -266
703 -345
630 -422
554 -509
478 -585
391 -659
314 -732
234 -803
155 -871
75 -939
-6 -1002
-86 -1064
-166 -1125
-246 -1182
-325 -1234
-403 -1286
-480 -1339
-567 -1383
-640 -1424
-712 -1463
-786 -1496
-854 -1528
-922 -1554
-986 -1579
-1050 -1596
-1111 -1613
-1166 -1622
-1221 -1631
-1275 -1635
-1328 -1635
-1375 -1631
-1417 -1622
-1456 -1609
-1487 -1591
-1520 -1571
-1549 -1549
-1571 -1520
-1591 -1487
-1609 -1456
-1622 -1417
-1631 -1375
-1635 -1328
-1635 -1275
-1631 -1221
-1622 -1166
-1613 -1111
-1596 -1050
-1579 -986
-1554 -922
-1528 -854
-1496 -786
-1463 -712
-1424 -640
-1379 -567
-1335 -480
-1286 -403
-1234 -325
-1182 -246
-1125 -166
-1064 -86
-1002 -6
-939 75
-871 155
-803 234
-722 314
-650 391
-576 468
-499 554
-422 630
-345 703
-266 773
-186 843
-106 912
-26 976
54 1039
135 1099
224 1157
303 1212
382 1266
459 1315
536 1366
611 1407
684 1446
756 1482
828 1514
895 1543
961 1569
1033 1589
1094 1603
1152 1615
1205 1629
1260 1633
1308 1633
1355 1629
1400 1625
1438 1611
1473 1598
1506 1577
1535 1555
1564 1531
1586 1497
1603 1465
1615 1430
1625 1388
1633 1344
1633 1297
1629 1239
1625 1186
1615 1130
1603 1070
1581 1009
1560 945
1535 879
1502 809
1470 739
1434 666
1392 591
1352 516
1304 430
1253 352
1200 273
1145 194
1079 114
1017 34
952 -46
886 -126
818 -205
746 -285
676 -364
601 -442
526 -518
449 -603
372 -678
293 -748
203 -820
124 -888
44 -954
-36 -1019
-116 -1081
-196 -1138
-275 -1195
-354 -1248
-432 -1299
-509 -1346
-585 -1394
-668 -1436
-741 -1472
-811 -1504
-881 -1537
-947 -1562
-1011 -1583
-1072 -1600
-1132 -1613
-1188 -1627
-1241 -1631
-1292 -1635
-1339 -1635
-1390 -1627
-1432 -1617
-1467 -1605
-1499 -1588
-1533 -1566
-1557 -1540
-1579 -1511
-1600 -1480
-1613 -1444
-1627 -1405
-1631 -1364
-1635 -1317
-1635 -1268
-1631 -1207
-1617 -1154
-1605 -1096
-1591 -1035
-1571 -970
-1545 -905
-1516 -836
-1484 -767
-1448 -695
-1409 -621
-1368 -547
-1317 -470
-1268 -384
-1214 -305
-1159 -226
-1101 -147
-1041 -66
-978 14
-914 94
-845 174
-775 254
-705 333
-632 411
-547 488
-470 565
-393 648
-316 720
-236 792
-157 862
-77 927
4 992
84 1056
164 1115
244 1174
323 1225
411 1277
488 1326
565 1373
638 1419
710 1458
784 1490
852 1522
920 1547
984 1572
1048 1594
1109 1607
1164 1620
1225 1629
1277 1633
1326 1633
1373 1629
1415 1620
1454 1607
1485 1594
1518 1572
1547 1547
1569 1522
1589 1490
1607 1458
1620 1419
1629 1377
1633 1333
1633 1284
1629 1232
1620 1174
1611 1115
1594 1056
1577 992
1552 927
1526 862
1494 792
1458 720
1419 648
1377 574
1333 497
1284 420
1232 333
1180 254
1123 174
1062 94
1000 14
937 -66
866 -147
792 -226
720 -305
648 -384
574 -461
497 -538
420 -613
343 -695
264 -767
184 -836
104 -905
24 -970
-66 -1035
-147 -1096
-226 -1154
-305 -1207
-384 -1262
-461 -1310
-538 -1357
-613 -1402
-686 -1444
-758 -1480
-830 -1511
-897 -1540
-970 -1566
-1035 -1588
-1096 -1605
-1154 -1617
-1207 -1627
-1262 -1635
-1310 -1635
-1357 -1631
-1402 -1627
-1440 -1613
-1475 -1600
-1508 -1583
-1540 -1562
-1566 -1537
-1588 -1504
-1605 -1472
-1617 -1436
-1627 -1394
-1635 -1354
-1635 -1306
-1631 -1255
-1627 -1202
-1617 -1138
-1605 -1081
-1583 -1019
-1562 -954
-1537 -888
-1504 -820
-1472 -748
-1436 -678
-1394 -603
-1354 -528
-1306 -451
-1255 -374
-1202 -285
-1138 -205
-1081 -126
-1019 -46
-954 34
-888 114
-820 194
-748 273
-678 352
-603 430
-528 507
-451 583
-364 657
-285 739
-205 809
-126 879
-46 945
34 1009
114 1070
194 1130
273 1186
352 1239
430 1290
507 1337
591 1381
666 1422
739 1465
809 1497
879 1531
945 1555
1009 1577
1070 1598
1130 1611
1186 1625
1239 1629
1290 1633
1344 1633
1388 1629
1430 1620
1465 1603
1497 1589
1531 1569
1555 1543
1577 1514
1598 1482
1611 1446
1625 1407
1629 1366
1633 1323
1633 1273
1629 1219
1615 1164
1603 1099
1589 1039
1569 976
1543 912
1514 843
1482 773
1446 703
1403 630
1362 554
1315 478
1266 401
1212 323
1157 234
1099 155
1039 75
976 -6
912 -86
843 -166
773 -246
693 -325
619 -403
545 -480
468 -556
391 -632
314 -705
234 -786
155 -854
75 -922
-6 -986
-86 -1050
-176 -1111
-256 -1166
-335 -1221
-413 -1275
-490 -1325
-567 -1368
-640 -1409
-712 -1448
-786 -1487
-854 -1520
-922 -1549
-986 -1571
-1058 -1591
-1117 -1609
-1176 -1622
-1227 -1631
-1279 -1635
-1328 -1635
-1375 -1631
-1417 -1627
-1456 -1613
-1487 -1596
-1520 -1579
-1549 -1554
-1574 -1528
-1596 -1496
-1609 -1463
-1622 -1424
-1631 -1383
-1635 -1339
-1635 -1292
-1631 -1241
-1622 -1188
-1613 -1132
-1596 -1064
-1579 -1002
-1549 -939
-1524 -871
-1492 -803
-1460 -732
-1421 -659
-1379 -585
-1335 -509
-1286 -432
-1234 -354
-1182 -275
-1125 -186
-1064 -106
-994 -26
-929 54
-864 135
-794 214
-722 293
-650 372
-576 449
-499 526
-422 601
-345 676
-266 746
-186 828
-96 895
-16 961
64 1024
145 1085
224 1145
303 1200
382 1253
459 1304
536 1352
611 1392
684 1434
756 1470
834 1506
903 1535
968 1560
1033 1581
1094 1603
1152 1615
1205 1625
1260 1629
1308 1633
1355 1633
1400 1625
1438 1615
1478 1603
1509 1581
1538 1560
1564 1535
1586 1506
1603 1473
1615 1438
1625 1400
1633 1355
1633 1308
1629 1260
1625 1205
1611 1152
1598 1094
1581 1024
1560 961
1535 895
1502 828
1470 756
1434 684
1392 611
1352 536
1304 459
1253 382
1193 303
1136 224
1079 135
1017 54
952 -26
886 -106
818 -186
746 -266
676 -345
601 -422
526 -499
449 -576
362 -650
283 -722
203 -794
124 -871
44 -939
-36 -1002
-116 -1064
-196 -1125
-275 -1182
-354 -1234
-432 -1286
-518 -1335
-593 -1379
-668 -1421
-741 -1460
-811 -1492
-881 -1528
-947 -1554
-1011 -1579
-1072 -1596
-1132 -1613
-1188 -1622
-1241 -1631
-1299 -1635
-1346 -1635
-1390 -1631
-1432 -1622
-1467 -1609
-1499 -1596
-1533 -1571
-1557 -1549
-1579 -1520
-1600 -1487
-1613 -1456
-1627 -1417
-1631 -1375
-1635 -1328
-1635 -1279
-1631 -1227
-1617 -1176
-1605 -1117
-1591 -1058
-1571 -986
-1545 -922
-1516 -854
-1484 -786
-1444 -712
-1405 -640
-1364 -567
-1317 -490
-1268 -413
-1214 -335
-1159 -256
-1101 -176
-1041 -86
-978 -6
-914 75
-836 155
-767 234
-695 314
-621 391
-547 468
-470 545
-393 619
-316 693
-236 765
-157 834
-77 912
4 976
94 1039
174 1099
254 1157
333 1212
411 1266
488 1315
565 1362
638 1403
710 1442
784 1478
852 1509
920 1543
992 1569
1056 1589
1115 1603
1174 1615
1225 1629
1277 1633
1326 1633
1373 1629
1415 1625
1454 1611
1485 1598
1522 1581
1547 1555
1572 1531
1594 1497
1607 1465
1620 1430
1629 1388
1633 1344
1633 1297
1629 1246
1620 1193
1611 1136
1594 1079
1572 1017
1547 945
1522 879
1490 809
1458 739
1419 666
1377 591
1333 516
1284 440
1232 362
1180 283
1115 203
1056 124
992 34
927 -46
862 -126
792 -205
720 -285
648 -364
574 -442
497 -518
420 -593
343 -668
254 -741
174 -811
94 -881
14 -954
-66 -1019
-147 -1081
-226 -1138
-305 -1195
-384 -1248
-461 -1299
-538 -1346
-613 -1390
-695 -1432
-767 -1467
-836 -1499
-905 -1533
-970 -1562
-1035 -1583
-1096 -1600
-1154 -1613
-1207 -1627
-1262 -1631
-1310 -1635
-1357 -1635
-1405 -1631
-1444 -1617
-1480 -1605
-1511 -1591
-1540 -1571
-1566 -1540
-1588 -1511
-1605 -1480
-1617 -1444
-1627 -1405
-1635 -1364
-1635 -1317
-1631 -1268
-1627 -1214
-1613 -1159
-1600 -1101
-1583 -1041
-1562 -978
-1537 -905
-1504 -836
-1472 -767
-1436 -695
-1394 -621
-1354 -547
-1299 -470
-1248 -393
-1195 -316
-1138 -236
-1081 -157
-1019 -77
-954 14
-888 94
-820 174
-748 254
-678 333
-603 411
-518 488
-442 565
-364 638
-285 710
-205 784
-126 852
-46 920
34 992
114 1056
194 1115
273 1174
352 1225
440 1277
516 1326
591 1373
666 1415
739 1454
809 1485
879 1518
945 1547
1009 1572
1070 1594
1130 1607
1186 1620
1246 1629
1297 1633
1344 1633
1388 1629
1430 1620
1465 1611
1497 1594
1531 1577
1555 1552
1577 1522
1598 1490
1611 1458
1625 1419
1629 1377
1633 1333
1633 1284
1629 1232
1615 1180
1603 1123
1589 1062
1569 1000
1543 937
1514 862
1478 792
1442 720
1403 648
1362 574
1315 497
1266 420
1212 343
1157 264
1099 184
1039 104
976 24
908 -66
834 -147
765 -226
693 -305
619 -384
545 -461
468 -538
391 -613
314 -686
234 -758
155 -830
75 -897
-16 -963
-96 -1035
-176 -1096
-256 -1154
-335 -1207
-413 -1262
-490 -1310
-567 -1357
-640 -1402
-712 -1440
-786 -1475
-864 -1508
-929 -1537
-994 -1562
-1058 -1588
-1117 -1605
-1176 -1617
-1227 -1627
-1279 -1635
-1328 -1635
-1375 -1631
-1417 -1627
-1456 -1617
-1492 -1605
-1524 -1583
-1549 -1562
-1574 -1537
-1596 -1504
-1609 -1472
-1622 -1436
-1631 -1394
-1635 -1354
-1635 -1306
-1631 -1255
-1622 -1202
-1609 -1147
-1596 -1087
-1574 -1026
-1549 -963
-1524 -897
-1492 -820
-1460 -748
-1421 -678
-1379 -603
-1335 -528
-1286 -451
-1227 -374
-1176 -295
-1117 -216
-1058 -137
-994 -56
-929 24
-864 114
-794 194
-722 273
-650 352
-576 430
-499 507
-413 583
-335 657
-256 730
-176 801
-96 869
-16 937
64 1000
145 1070
224 1130
303 1186
382 1239
459 1290
545 1337
619 1381
693 1422
765 1461
834 1494
903 1526
968 1552
1033 1577
1094 1598
1152 1611
1205 1625
1266 1629
1315 1633
1362 1633
1403 1629
1442 1620
1478 1607
1509 1589
1538 1569
1564 1547
1586 1518
1603 1482
1615 1446
1629 1407
1633 1366
1633 1323
1629 1273
1625 1219
1611 1164
1598 1109
1581 1048
1560 984
1535 920
1502 852
1470 773
1430 703
1388 630
1344 554
1297 478
1246 401
1193 323
1136 244
1079 164
1017 84
952 4
886 -77
818 -157
746 -236
652 -318
578 -394
505 -470
430 -544
354 -618
277 -690
200 -758
121 -827
43 -895
-36 -958
-114 -1019
-202 -1078
-279 -1135
-356 -1188
-432 -1241
-507 -1289
-580 -1335
-654 -1375
-724 -1413
-794 -1448
-861 -1480
-927 -1511
-989 -1537
-1058 -1557
-1113 -1571
-1169 -1583
-1221 -1596
-1272 -1600
-1317 -1600
-1361 -1596
-1402 -1591
-1436 -1579
-1467 -1566
-1499 -1549
-1524 -1528
-1549 -1504
-1566 -1472
-1579 -1440
-1591 -1405
-1596 -1364
-1600 -1325
-1600 -1279
-1596 -1221
-1583 -1169
-1571 -1113
-1557 -1058
-1537 -997
-1508 -934
-1480 -868
-1448 -803
-1413 -732
-1375 -663
-1335 -589
-1289 -517
-1241 -442
-1188 -366
-1135 -289
-1078 -212
-1019 -133
-949 -55
-885 24
-818 102
-750 181
-681 258
-608 345
-535 421
-460 495
-385 570
-309 643
-231 715
-153 784
-65 850
14 917
92 978
170 1039
248 1099
326 1154
402 1205
478 1256
553 1304
624 1347
695 1388
767 1427
843 1458
908 1490
971 1518
1033 1543
1091 1560
1149 1577
1200 1586
1249 1594
1297 1598
1344 1598
1384 1594
1427 1586
1458 1572
1490 1560
1514 1538
1538 1514
1560 1490
1572 1458
1586 1427
1594 1388
1598 1347
1598 1304
1594 1256
1586 1200
1572 1149
1560 1091
1538 1033
1514 971
1490 908
1458 843
1427 775
1388 705
1347 635
1304 561
1249 486
1200 411
1149 335
1091 258
1033 181
971 102
908 24
843 -55
775 -133
705 -212
635 -289
561 -376
478 -451
402 -526
326 -599
248 -671
170 -743
92 -811
14 -878
-65 -942
-143 -1005
-222 -1064
-299 -1123
-385 -1176
-460 -1227
-535 -1279
-608 -1325
-681 -1364
-750 -1405
-818 -1440
-885 -1472
-949 -1504
-1013 -1528
-1072 -1549
-1129 -1571
-1188 -1583
-1241 -1591
-1289 -1596
-1335 -1600
-1375 -1600
-1413 -1591
-1448 -1583
-1480 -1571
-1508 -1554
-1533 -1533
-1554 -1508
-1571 -1480
-1583 -1448
-1596 -1413
-1600 -1375
-1600 -1335
-1596 -1289
-1591 -1241
-1579 -1182
-1566 -1129
-1549 -1072
-1528 -1013
-1504 -949
-1467 -885
-1436 -818
-1402 -750
-1361 -681
-1317 -608
-1272 -535
-1221 -460
-1169 -385
-1113 -309
-1058 -231
-997 -153
-934 -75
-861 4
-794 82
-724 161
-654 239
-580 316
-507 402
-432 478
-356 553
-279 624
-202 695
-123 767
-45 834
43 900
121 963
200 1024
277 1085
354 1139
430 1193
505 1246
578 1294
652 1337
722 1377
792 1415
859 1449
932 1482
995 1509
1056 1535
1111 1555
1167 1572
1219 1586
1270 1594
1315 1598
1359 1598
1400 1594
1434 1589
1465 1577
1502 1564
1526 1543
1547 1522
1564 1497
1577 1465
1589 1434
1594 1400
1598 1359
1598 1315
1594 1270
1581 1219
1569 1161
1552 1106
1531 1048
1506 987
1478 925
1446 859
1411 792
1373 722
1333 652
1287 578
1239 505
1186 430
1133 354
1070 277
1011 200
947 121
883 43
816 -36
748 -114
679 -192
606 -270
533 -347
458 -432
383 -507
307 -580
220 -654
141 -724
63 -794
-16 -861
-94 -927
-172 -989
-250 -1050
-328 -1108
-404 -1163
-480 -1214
-555 -1265
-626 -1310
-707 -1354
-777 -1394
-845 -1432
-910 -1463
-973 -1496
-1035 -1520
-1093 -1545
-1151 -1566
-1202 -1579
-1251 -1591
-1299 -1596
-1346 -1600
-1390 -1600
-1429 -1596
-1460 -1588
-1492 -1574
-1516 -1557
-1540 -1537
-1562 -1516
-1574 -1487
-1588 -1456
-1596 -1424
-1600 -1386
-1600 -1346
-1596 -1299
-1588 -1251
-1574 -1202
-1562 -1141
-1540 -1087
-1516 -1026
-1492 -965
-1460 -902
-1429 -836
-1390 -769
-1349 -697
-1302 -626
-1251 -555
-1202 -480
-1151 -404
-1093 -328
-1035 -250
-973 -172
-910 -94
-845 -16
-777 63
-707 141
-637 220
-555 297
-480 374
-404 458
-328 533
-250 606
-172 679
-94 748
-16 816
63 883
141 947
220 1011
307 1070
383 1127
458 1180
533 1232
606 1280
679 1326
748 1369
816 1407
883 1442
947 1473
1011 1502
1070 1526
1133 1552
1186 1569
1239 1581
1287 1589
1333 1598
1373 1598
1411 1594
1446 1589
1478 1581
1506 1569
1531 1547
1555 1526
1569 1502
1581 1473
1594 1442
1598 1407
1598 1369
1594 1326
1589 1280
1577 1232
1564 1180
1547 1121
1526 1062
1497 1003
1465 940
1434 876
1400 809
1359 741
1315 669
1270 597
1219 524
1167 449
1111 374
1056 297
995 220
925 141
859 63
792 -16
722 -94
652 -172
578 -250
505 -328
430 -404
354 -488
277 -563
200 -637
112 -707
34 -777
-45 -845
-123 -910
-202 -973
-279 -1035
-356 -1093
-432 -1151
-507 -1202
-580 -1251
-654 -1299
-724 -1346
-803 -1386
-868 -1424
-934 -1456
-997 -1487
-1058 -1516
-1113 -1537
-1169 -1562
-1221 -1574
-1272 -1588
-1317 -1596
-1361 -1600
-1402 -1600
-1440 -1596
-1472 -1588
-1504 -1579
-1528 -1562
-1549 -1545
-1566 -1520
-1579 -1496
-1591 -1463
-1596 -1432
-1600 -1394
-1600 -1354
-1591 -1310
-1583 -1265
-1571 -1214
-1554 -1163
-1533 -1101
-1508 -1041
-1480 -980
-1448 -919
-1413 -852
-1375 -786
-1335 -717
-1289 -645
-1234 -572
-1182 -497
-1129 -423
-1072 -347
-1013 -270
-949 -192
-885 -114
-818 -36
-750 43
-681 121
-608 200
-535 277
-460 354
-376 430
-299 515
-222 587
-143 661
-65 730
14 801
92 866
170 932
248 995
326 1056
402 1111
478 1167
561 1219
635 1270
705 1315
775 1359
843 1400
908 1434
971 1465
1033 1497
1091 1522
1149 1543
1200 1564
1249 1577
1304 1589
1347 1594
1388 1598
1427 1598
1458 1594
1490 1581
1514 1569
1538 1555
1560 1535
1572 1509
1586 1482
1594 1449
1598 1415
1598 1377
1594 1337
1586 1294
1572 1246
1560 1193
1538 1139
1514 1076
1490 1017
1458 956
1427 893
1384 825
1344 756
1297 688
1249 616
1200 542
1149 468
1091 392
1033 316
971 239
908 161
843 82
775 4
695 -75
624 -153
553 -231
478 -309
402 -385
326 -460
248 -544
170 -618
92 -690
14 -758
-65 -827
-143 -895
-231 -958
-309 -1019
-385 -1078
-460 -1135
-535 -1188
-608 -1241
-681 -1289
-750 -1335
-818 -1375
-885 -1413
-949 -1448
-1013 -1480
-1078 -1508
-1135 -1533
-1188 -1554
-1241 -1571
-1289 -1583
-1335 -1596
-1375 -1600
-1413 -1600
-1448 -1596
-1480 -1591
-1508 -1579
-1533 -1566
-1557 -1549
-1571 -1528
-1583 -1504
-1596 -1472
-1600 -1440
-1600 -1405
-1596 -1364
-1591 -1325
-1579 -1279
-1566 -1227
-1549 -1176
-1524 -1123
-1499 -1058
-1467 -997
-1436 -934
-1402 -868
-1361 -803
-1317 -732
-1272 -663
-1221 -589
-1169 -517
-1113 -442
-1058 -366
-989 -289
-927 -212
-861 -133
-794 -55
-724 24
-654 102
-580 181
-507 258
-432 335
-356 411
-279 486
-192 570
-114 643
-36 715
43 784
121 850
200 917
277 978
354 1039
430 1099
505 1154
578 1205
652 1256
730 1304
801 1347
866 1388
932 1427
995 1458
1056 1490
1111 1514
1167 1538
1219 1560
1270 1577
1315 1586
1362 1594
1403 1598
1438 1598
1470 1594
1502 1586
1526 1572
1547 1560
1564 1538
1577 1514
1589 1490
1594 1458
1598 1427
1598 1388
1589 1347
1581 1304
1569 1256
1552 1205
1531 1154
1506 1099
1478 1033
1446 971
1411 908
1373 843
1333 775
1280 705
1232 635
1180 561
1127 486
1070 411
1011 335
947 258
883 181
816 102
748 24
679 -55
597 -133
524 -212
449 -289
374 -366
297 -442
220 -517
141 -599
63 -671
-16 -743
-94 -811
-172 -878
-250 -942
-337 -1005
-413 -1064
-488 -1123
-563 -1176
-637 -1227
-707 -1279
-777 -1325
-845 -1364
-910 -1405
-973 -1440
-1035 -1472
-1093 -1504
-1156 -1528
-1207 -1549
-1258 -1566
-1306 -1583
-1349 -1591
-1390 -1596
-1429 -1600
-1460 -1600
-1492 -1591
-1516 -1583
-1540 -1571
-1562 -1554
-1579 -1533
-1588 -1508
-1596 -1480
-1600 -1448
-1600 -1413
-1596 -1375
-1588 -1335
-1574 -1289
-1562 -1241
-1540 -1188
-1516 -1135
-1492 -1078
-1456 -1013
-1424 -949
-1386 -885
-1346 -818
-1299 -750
-1251 -681
-1202 -608
-1151 -535
-1093 -460
-1035 -385
-973 -309
-910 -231
-836 -153
-769 -75
-697 4
-626 82
-555 161
-480 239
-404 316
-328 392
-250 468
-172 542
-94 624
-16 695
73 767
151 834
229 900
307 963
383 1024
458 1085
533 1139
606 1193
679 1246
748 1294
816 1337
883 1377
956 1415
1017 1449
1076 1482
1133 1509
1186 1535
1239 1555
1287 1569
1333 1586
1373 1594
1411 1598
1446 1598
1478 1594
1509 1589
1535 1577
1555 1564
1569 1543
1581 1522
1594 1497
1598 1465
1598 1434
1594 1400
1589 1359
1577 1315
1564 1270
1543 1219
1522 1167
1497 1111
1465 1056
1434 987
1400 925
1359 859
1315 792
1270 722
1219 652
1167 578
1111 505
1048 430
987 354
925 277
859 200
792 121
722 43
652 -36
578 -114
505 -192
430 -270
354 -347
277 -423
190 -497
112 -572
34 -654
-45 -724
-123 -794
-202 -861
-279 -927
-356 -989
-432 -1050
-507 -1108
-580 -1163
-663 -1214
-732 -1265
-803 -1310
-868 -1354
-934 -1394
-997 -1432
-1058 -1463
-1113 -1496
-1169 -1520
-1221 -1545
-1272 -1562
-1325 -1579
-1364 -1591
-1405 -1596
-1440 -1600
-1472 -1600
-1504 -1596
-1528 -1588
-1549 -1574
-1566 -1557
-1579 -1537
-1591 -1516
-1596 -1487
-1600 -1456
-1600 -1424
-1591 -1386
-1583 -1346
-1571 -1299
-1554 -1251
-1533 -1202
-1508 -1151
-1480 -1093
-1448 -1035
-1413 -965
-1371 -902
-1328 -836
-1282 -769
-1234 -697
-1182 -626
-1129 -555
-1072 -480
-1013 -404
-949 -328
-885 -250
-818 -172
-750 -94
-671 -16
-599 63
-526 141
-451 220
-376 297
-299 374
-222 449
-143 524
-65 597
14 679
92 748
170 816
258 883
335 947
411 1011
486 1070
561 1127
635 1180
705 1232
775 1280
843 1326
908 1369
971 1407
1039 1442
1099 1473
1154 1502
1205 1526
1256 1547
1304 1569
1347 1581
1388 1589
1427 1598
1458 1598
1490 1594
1514 1589
1543 1581
1560 1569
1577 1547
1586 1526
1594 1502
1598 1473
1598 1442
1594 1407
1586 1369
1572 1326
1560 1280
1538 1232
1514 1180
1485 1127
1454 1070
1422 1011
1384 940
1344 876
1297 809
1249 741
1200 669
1149 597
1091 524
1024 449
963 374
900 297
834 220
767 141
695 63
624 -16
553 -94
478 -172
402 -250
326 -328
248 -404
170 -480
82 -555
4 -626
-75 -707
-153 -777
-231 -845
-309 -910
-385 -973
-460 -1035
-535 -1093
-608 -1151
-681 -1202
-750 -1251
-827 -1299
-895 -1346
-958 -1386
-1019 -1424
-1078 -1456
-1135 -1487
-1188 -1516
-1241 -1537
-1289 -1557
-1335 -1574
-1375 -1588
-1413 -1596
-1451 -1600
-1484 -1600
-1511 -1596
-1537 -1588
-1557 -1579
-1571 -1562
-1583 -1545
-1596 -1520
-1600 -1496
-1600 -1463
-1596 -1432
-1591 -1394
-1579 -1354
-1566 -1310
-1545 -1265
-1524 -1214
-1499 -1163
-1467 -1108
-1436 -1050
-1402 -989
-1361 -919
-1317 -852
-1272 -786
-1221 -717
-1163 -645
-1108 -572
-1050 -497
-989 -423
-927 -347
-861 -270
-794 -192
-724 -114
-654 -36
-580 43
-507 121
-423 200
-347 277
-270 354
-192 430
-114 505
-36 578
43 652
121 730
200 801
277 866
354 932
430 995
515 1056
587 1111
661 1167
730 1219
801 1270
866 1315
932 1359
995 1400
1056 1434
1111 1465
1167 1497
1219 1522
1277 1543
1323 1564
1362 1577
1403 1589
1438 1594
1470 1598
1502 1598
1526 1594
1547 1581
1564 1569
1577 1555
1589 1535
1594 1509
1598 1482
1598 1449
1589 1415
1581 1377
1569 1337
1552 1294
1531 1246
1506 1193
1478 1139
1446 1085
1411 1024
1369 963
1326 893
1280 825
1232 756
1180 688
1127 616
1070 542
1011 468
947 392
883 316
816 239
741 161
669 82
597 4
524 -75
449 -153
374 -231
297 -309
220 -385
141 -460
63 -535
-16 -608
-104 -681
-178 -734
-255 -801
-330 -866
-404 -929
-478 -992
-551 -1050
-623 -1111
-692 -1163
-760 -1214
-827 -1262
-890 -1306
-960 -1346
-1019 -1383
-1078 -1417
-1132 -1448
-1182 -1475
-1231 -1499
-1279 -1520
-1320 -1537
-1361 -1549
-1398 -1557
-1429 -1566
-1460 -1566
-1487 -1562
-1511 -1557
-1528 -1549
-1545 -1537
-1554 -1516
-1562 -1496
-1566 -1472
-1566 -1444
-1562 -1413
-1554 -1379
-1540 -1342
-1524 -1299
-1504 -1255
-1484 -1207
-1456 -1156
-1424 -1105
-1394 -1050
-1357 -992
-1317 -929
-1272 -866
-1224 -801
-1176 -734
-1125 -666
-1064 -594
-1005 -524
-944 -451
-883 -377
-818 -302
-753 -226
-683 -150
-613 -73
-543 3
-469 80
-396 157
-321 234
-236 309
-159 384
-82 458
-5 531
71 602
148 673
224 741
300 807
375 874
449 935
522 995
602 1053
673 1115
741 1167
807 1219
874 1266
935 1308
995 1347
1053 1384
1109 1419
1161 1449
1212 1478
1260 1502
1308 1522
1347 1535
1384 1547
1419 1560
1449 1564
1478 1564
1502 1560
1522 1555
1535 1543
1547 1531
1560 1514
1564 1494
1564 1470
1560 1438
1555 1407
1543 1373
1531 1333
1509 1294
1490 1249
1465 1200
1434 1149
1403 1097
1369 1039
1330 981
1280 920
1236 857
1186 792
1136 724
1082 655
1024 585
966 514
905 440
841 365
775 290
707 215
638 138
558 61
485 -15
412 -92
338 -169
261 -244
186 -321
109 -396
32 -469
-44 -543
-121 -613
-197 -683
-273 -753
-358 -818
-432 -883
-506 -944
-577 -1005
-649 -1064
-717 -1125
-786 -1176
-850 -1224
-914 -1272
-975 -1317
-1035 -1357
-1089 -1394
-1151 -1424
-1202 -1456
-1251 -1484
-1296 -1504
-1335 -1524
-1375 -1540
-1409 -1554
-1440 -1562
-1472 -1566
-1496 -1566
-1516 -1562
-1533 -1557
-1549 -1545
-1557 -1533
-1562 -1511
-1566 -1492
-1566 -1467
-1557 -1436
-1549 -1405
-1537 -1371
-1520 -1332
-1499 -1289
-1475 -1245
-1448 -1195
-1413 -1144
-1379 -1089
-1342 -1035
-1299 -975
-1255 -914
-1207 -850
-1156 -786
-1105 -717
-1050 -649
-992 -577
-929 -506
-866 -432
-794 -358
-726 -283
-657 -207
-587 -130
-516 -53
-442 23
-367 100
-292 176
-217 253
-140 328
-63 402
13 476
100 549
176 621
253 690
328 758
402 825
476 888
549 950
621 1011
690 1067
758 1130
825 1180
898 1229
958 1277
1017 1318
1076 1359
1130 1396
1180 1427
1229 1458
1277 1482
1318 1506
1359 1526
1396 1538
1427 1552
1461 1560
1485 1564
1509 1564
1526 1560
1543 1552
1552 1543
1560 1526
1564 1509
1564 1485
1560 1461
1552 1430
1538 1400
1522 1362
1502 1323
1482 1280
1454 1236
1422 1186
1392 1136
1355 1082
1315 1024
1270 966
1222 905
1174 841
1115 775
1062 707
1003 638
942 566
881 495
816 421
751 346
681 271
611 195
541 119
467 42
384 -34
309 -111
234 -188
157 -263
80 -340
3 -414
-73 -487
-150 -560
-226 -632
-302 -702
-377 -769
-451 -833
-533 -900
-604 -960
-675 -1019
-743 -1078
-809 -1138
-876 -1188
-937 -1238
-997 -1282
-1055 -1325
-1111 -1364
-1163 -1402
-1214 -1432
-1268 -1463
-1310 -1487
-1349 -1511
-1386 -1528
-1421 -1545
-1451 -1554
-1480 -1562
-1504 -1566
-1524 -1566
-1537 -1562
-1549 -1554
-1562 -1540
-1566 -1528
-1566 -1508
-1562 -1484
-1557 -1460
-1545 -1429
-1533 -1398
-1511 -1361
-1492 -1320
-1467 -1279
-1436 -1231
-1405 -1182
-1364 -1132
-1325 -1078
-1282 -1019
-1238 -960
-1188 -900
-1138 -833
-1084 -769
-1026 -702
-968 -632
-907 -560
-843 -487
-777 -414
-702 -340
-632 -263
-560 -188
-487 -111
-414 -34
-340 42
-263 119
-188 195
-111 271
-34 346
42 421
119 495
205 566
281 638
356 707
430 775
504 841
575 905
647 966
715 1024
784 1082
848 1142
912 1193
973 1243
1039 1287
1097 1330
1149 1369
1200 1403
1249 1434
1294 1465
1333 1490
1373 1509
1407 1531
1438 1543
1470 1555
1494 1560
1514 1564
1535 1564
1547 1560
1555 1552
1560 1538
1564 1522
1564 1502
1555 1482
1547 1454
1535 1422
1518 1392
1497 1355
1470 1315
1442 1270
1411 1222
1377 1174
1340 1123
1297 1067
1253 1011
1205 950
1154 888
1103 825
1048 758
990 690
920 621
857 549
792 476
724 402
655 328
585 253
514 176
440 100
365 23
290 -53
215 -130
138 -207
51 -283
-25 -358
-102 -432
-178 -506
-255 -577
-330 -649
-404 -717
-478 -786
-551 -850
-623 -914
-692 -975
-764 -1035
-833 -1089
-900 -1151
-960 -1202
-1019 -1251
-1078 -1296
-1132 -1335
-1182 -1375
-1231 -1409
-1279 -1440
-1320 -1472
-1361 -1496
-1402 -1516
-1432 -1533
-1463 -1545
-1487 -1557
-1511 -1562
-1528 -1566
-1545 -1566
-1554 -1562
-1562 -1549
-1566 -1537
-1566 -1524
-1562 -1504
-1554 -1480
-1540 -1451
-1524 -1421
-1504 -1386
-1484 -1349
-1456 -1310
-1424 -1268
-1394 -1221
-1357 -1169
-1317 -1117
-1272 -1064
-1224 -1005
-1169 -944
-1117 -883
-1064 -818
-1005 -753
-944 -683
-883 -613
-818 -543
-753 -469
-683 -396
-613 -321
-543 -244
-469 -169
-386 -92
-311 -15
-236 61
-159 138
-82 215
-5 290
71 365
148 440
224 514
300 585
375 655
458 724
531 792
602 857
673 920
741 981
807 1039
874 1097
935 1154
995 1205
1053 1253
1109 1297
1167 1340
1219 1377
1266 1411
1308 1442
1347 1470
1384 1494
1419 1514
1449 1535
1478 1547
1502 1555
1522 1560
1535 1564
1552 1564
1560 1555
1564 1547
1564 1535
1560 1518
1555 1497
1543 1473
1531 1446
1509 1415
1490 1381
1465 1344
1434 1304
1400 1260
1362 1212
1323 1161
1280 1109
1236 1053
1186 995
1136 935
1082 874
1024 807
966 741
905 673
831 602
767 531
700 458
630 384
558 309
485 234
412 157
338 80
261 3
186 -73
109 -150
32 -226
-53 -302
-130 -377
-207 -451
-283 -524
-358 -594
-432 -666
-506 -734
-577 -801
-649 -866
-717 -929
-786 -992
-850 -1050
-922 -1105
-983 -1163
-1041 -1214
-1099 -1262
-1151 -1306
-1202 -1346
-1251 -1383
-1296 -1417
-1335 -1448
-1375 -1475
-1409 -1499
-1444 -1520
-1472 -1537
-1496 -1549
-1516 -1557
-1537 -1566
-1549 -1566
-1557 -1562
-1562 -1557
-1566 -1549
-1566 -1537
-1557 -1516
-1549 -1496
-1537 -1472
-1516 -1444
-1496 -1413
-1472 -1379
-1444 -1342
-1413 -1299
-1379 -1255
-1342 -1207
-1299 -1156
-1255 -1105
-1207 -1050
-1156 -992
-1099 -929
-1041 -866
-983 -801
-922 -734
-859 -666
-794 -594
-726 -524
-657 -451
-587 -377
-516 -302
-442 -226
-367 -150
-283 -73
-207 3
-130 80
-53 157
23 234
100 309
176 384
253 458
328 531
402 602
476 673
549 741
630 807
700 874
767 935
831 995
898 1053
958 1109
1017 1167
1076 1219
1130 1266
1180 1308
1229 1347
1277 1384
1323 1419
1362 1449
1400 1478
1430 1502
1461 1522
1485 1535
1509 1547
1526 1560
1543 1564
1552 1564
1560 1560
1564 1555
1564 1543
1560 1531
1552 1514
1538 1494
1522 1470
1502 1438
1482 1407
1454 1373
1422 1333
1392 1294
1355 1249
1315 1200
1266 1149
1219 1097
1167 1039
1115 981
1062 920
1003 857
942 792
881 724
816 655
751 585
681 514
611 440
531 365
458 290
384 215
309 138
234 61
157 -15
80 -92
3 -169
-73 -244
-150 -321
-226 -396
-302 -469
-386 -543
-460 -613
-533 -683
-604 -753
-675 -818
-743 -883
-809 -944
-876 -1005
-937 -1064
-997 -1117
-1055 -1176
-1111 -1224
-1169 -1272
-1221 -1317
-1268 -1357
-1310 -1394
-1349 -1424
-1386 -1456
-1421 -1484
-1451 -1504
-1480 -1524
-1504 -1540
-1524 -1554
-1540 -1562
-1554 -1566
-1562 -1566
-1566 -1562
-1566 -1557
-1562 -1545
-1557 -1533
-1545 -1511
-1533 -1492
-1511 -1467
-1492 -1436
-1467 -1405
-1432 -1371
-1402 -1332
-1364 -1289
-1325 -1245
-1282 -1195
-1238 -1144
-1188 -1089
-1138 -1035
-1084 -975
-1026 -914
-968 -850
-900 -786
-833 -717
-769 -649
-702 -577
-632 -506
-560 -432
-487 -358
-414 -283
-340 -207
-263 -130
-188 -53
-111 23
-25 100
51 176
128 253
205 328
281 402
356 476
430 549
504 621
575 690
647 758
715 825
792 888
857 950
920 1011
981 1067
1039 1123
1097 1180
1149 1229
1200 1277
1249 1318
1294 1359
1333 1396
1373 1427
1411 1458
1442 1482
1470 1506
1494 1526
1514 1538
1535 1552
1547 1560
1555 1564
1560 1564
1564 1560
1564 1552
1555 1543
1547 1526
1535 1509
1514 1485
1494 1461
1470 1430
1442 1400
1411 1362
1377 1323
1340 1280
1297 1236
1253 1186
1200 1136
1149 1082
1097 1024
1039 966
981 905
920 841
857 775
792 707
724 638
655 566
585 495
514 421
430 346
356 271
281 195
205 119
128 42
51 -34
-25 -111
-102 -188
-178 -263
-255 -340
-330 -414
-404 -487
-487 -560
-560 -632
-632 -702
-702 -769
-769 -833
-833 -900
-900 -960
-960 -1019
-1019 -1078
-1078 -1132
-1132 -1188
-1182 -1238
-1238 -1282
-1282 -1325
-1325 -1364
-1364 -1402
-1402 -1432
-1432 -1463
-1463 -1487
-1487 -1511
-1511 -1528
-1528 -1545
-1545 -1554
-1554 -1562
-1562 -1566
-1566 -1566
-1566 -1562
-1562 -1554
-1554 -1540
-1540 -1528
-1524 -1508
-1504 -1484
-1484 -1460
-1456 -1429
-1424 -1398
-1394 -1361
-1349 -1320
-1310 -1279
-1268 -1231
-1221 -1182
-1169 -1132
-1117 -1078
-1064 -1019
-1005 -960
-944 -900
-883 -833
-818 -769
-753 -702
-675 -632
-604 -560
-533 -487
-460 -414
-386 -340
-311 -263
-236 -188
-159 -111
-82 -34
-5 42
71 119
148 195
234 271
309 346
384 421
458 495
531 566
602 638
673 707
741 775
807 841
874 905
935 966
995 1024
1062 1082
1115 1136
1167 1193
1219 1243
1266 1287
1308 1330
1347 1369
1384 1403
1419 1434
1449 1465
1478 1490
1502 1509
1522 1531
1538 1543
1552 1555
1560 1560
1564 1564
1564 1564
1560 1560
1555 1552
1543 1538
1531 1522
1509 1502
1490 1482
1461 1454
1430 1422
1400 1392
1362 1355
1323 1315
1280 1270
1236 1222
1186 1174
1136 1123
1082 1067
1024 1011
958 950
898 888
831 825
767 758
700 690
630 621
558 549
485 476
412 402
338 328
261 253
186 176
100 100
23 23
-53 -53
-130 -130
-207 -207
-283 -283
-358 -358
-432 -432
-506 -506
-577 -577
-649 -649
-721 -717
-794 -786
-859 -850
-922 -914
-983 -975
-1041 -1035
-1099 -1089
-1151 -1144
-1202 -1202
-1251 -1251
-1296 -1296
-1335 -1335
-1379 -1375
-1413 -1409
-1444 -1440
-1472 -1472
-1496 -1496
-1516 -1516
-1537 -1533
-1549 -1545
-1557 -1557
-1562 -1562
-1566 -1566
-1562 -1566
-1557 -1562
-1549 -1549
-1537 -1537
-1516 -1524
-1496 -1504
-1472 -1480
-1444 -1451
-1413 -1421
-1379 -1386
-1342 -1349
-1299 -1310
-1251 -1268
-1202 -1221
-1151 -1169
-1099 -1117
-1041 -1064
-983 -1005
-922 -944
-859 -883
-794 -818
-726 -753
-657 -683
-587 -613
-506 -543
-432 -469
-358 -396
-283 -321
-207 -244
-130 -169
-53 -92
23 -15
100 61
176 138
253 215
338 290
412 365
485 440
558 514
630 585
700 655
767 724
831 792
898 857
958 920
1017 981
1076 1039
1136 1097
1186 1149
1236 1205
1280 1253
1323 1297
1362 1340
1400 1377
1430 1411
1461 1442
1485 1470
1509 1494
1526 1514
1543 1535
1555 1547
1560 1555
1564 1560
1564 1564
1560 1564
1552 1555
1538 1547
1522 1535
1502 1518
1482 1497
1449 1473
1419 1446
1384 1415
1347 1381
1308 1344
1266 1304
1219 1260
1167 1212
1115 1161
1062 1109
1003 1053
942 995
874 935
807 874
741 807
673 741
602 673
531 602
458 531
384 458
309 384
234 309
157 234
80 157
-5 80
-82 3
-159 -73
-236 -150
-311 -226
-386 -302
-460 -377
-533 -451
-604 -524
-675 -594
-743 -666
-809 -734
-876 -801
-924 -857
-983 -917
-1041 -975
-1093 -1033
-1144 -1087
-1195 -1138
-1241 -1188
-1282 -1234
-1320 -1279
-1357 -1317
-1390 -1354
-1424 -1386
-1451 -1417
-1472 -1444
-1492 -1467
-1508 -1487
-1520 -1504
-1528 -1516
-1533 -1524
-1533 -1533
-1528 -1533
-1524 -1528
-1511 -1524
-1496 -1511
-1480 -1499
-1456 -1484
-1432 -1463
-1402 -1440
-1371 -1409
-1335 -1379
-1296 -1346
-1255 -1306
-1211 -1268
-1163 -1224
-1113 -1176
-1055 -1125
-997 -1075
-939 -1019
-881 -963
-816 -902
-753 -840
-686 -777
-618 -702
-548 -635
-476 -565
-405 -495
-332 -423
-249 -350
-174 -277
-99 -203
-24 -128
51 -53
126 22
201 97
275 172
348 247
421 321
493 394
563 466
642 538
709 607
775 676
838 742
900 807
961 879
1017 937
1073 995
1123 1053
1174 1106
1222 1154
1266 1202
1311 1249
1347 1290
1381 1330
1411 1366
1438 1396
1461 1427
1482 1449
1502 1473
1514 1494
1522 1506
1526 1518
1531 1526
1526 1531
1522 1531
1514 1526
1502 1518
1482 1506
1461 1494
1438 1473
1411 1449
1381 1427
1347 1396
1311 1366
1266 1330
1222 1290
1174 1249
1123 1202
1073 1154
1017 1106
961 1053
900 995
838 937
775 879
709 814
642 751
563 676
493 607
421 538
348 466
275 394
201 321
126 247
51 172
-24 97
-99 22
-174 -53
-258 -128
-332 -203
-405 -277
-476 -350
-548 -423
-618 -495
-686 -565
-753 -635
-816 -702
-881 -769
-939 -832
-997 -902
-1060 -963
-1113 -1019
-1163 -1075
-1211 -1125
-1255 -1176
-1296 -1224
-1335 -1268
-1371 -1306
-1402 -1346
-1432 -1379
-1456 -1409
-1480 -1440
-1499 -1463
-1511 -1484
-1524 -1499
-1528 -1511
-1533 -1524
-1533 -1528
-1528 -1533
-1520 -1533
-1508 -1524
-1492 -1516
-1472 -1504
-1448 -1487
-1421 -1467
-1390 -1444
-1357 -1417
-1320 -1386
-1282 -1354
-1241 -1317
-1195 -1279
-1144 -1234
-1093 -1188
-1041 -1138
-983 -1087
-917 -1033
-857 -975
-792 -917
-726 -857
-661 -792
-591 -726
-521 -652
-451 -582
-378 -512
-304 -441
-231 -369
-147 -295
-72 -221
3 -147
79 -72
154 3
229 79
302 154
376 229
449 302
519 376
589 449
659 519
734 589
799 659
862 724
922 790
981 855
1039 922
1091 981
1142 1039
1193 1091
1239 1142
1280 1193
1318 1239
1362 1280
1392 1318
1422 1355
1449 1388
1470 1419
1490 1446
1506 1470
1518 1490
1526 1502
1531 1514
1531 1526
1526 1531
1518 1531
1509 1526
1494 1522
1478 1509
1454 1497
1430 1478
1400 1458
1369 1434
1333 1403
1294 1373
1253 1340
1209 1301
1154 1260
1106 1215
1053 1167
995 1118
937 1065
879 1011
814 952
751 893
684 830
616 767
546 700
474 624
394 554
321 483
247 412
172 339
97 266
22 191
-53 116
-128 41
-203 -34
-277 -109
-350 -184
-423 -258
-504 -332
-574 -405
-644 -476
-711 -548
-777 -618
-840 -686
-902 -753
-963 -816
-1019 -881
-1075 -947
-1125 -1005
-1176 -1060
-1227 -1113
-1272 -1163
-1313 -1211
-1349 -1255
-1383 -1296
-1413 -1335
-1440 -1371
-1463 -1402
-1484 -1432
-1504 -1456
-1516 -1480
-1524 -1496
-1533 -1511
-1533 -1520
-1528 -1528
-1524 -1533
-1516 -1533
-1504 -1528
-1484 -1520
-1463 -1508
-1440 -1492
-1413 -1472
-1383 -1451
-1349 -1424
-1306 -1394
-1268 -1364
-1224 -1328
-1176 -1289
-1125 -1245
-1075 -1198
-1019 -1151
-963 -1101
-902 -1047
-840 -992
-777 -932
-711 -871
-635 -809
-565 -744
-495 -678
-423 -599
-350 -531
-277 -459
-203 -387
-128 -314
-53 -239
22 -165
97 -90
178 -15
256 60
330 135
403 210
474 284
546 358
616 430
684 502
751 572
814 642
879 709
937 775
1003 838
1058 900
1111 968
1161 1024
1209 1079
1253 1130
1294 1180
1333 1225
1369 1270
1400 1311
1430 1347
1458 1381
1478 1411
1497 1438
1509 1461
1522 1482
1526 1502
1531 1514
1531 1522
1526 1526
1518 1531
1506 1531
1490 1522
1470 1514
1446 1502
1419 1482
1388 1461
1355 1438
1318 1411
1280 1381
1239 1347
1193 1311
1142 1270
1091 1225
1031 1180
973 1130
915 1079
855 1024
790 968
724 908
659 845
589 782
519 717
449 650
376 572
302 502
219 430
145 358
70 284
-5 210
-81 135
-156 60
-231 -15
-304 -90
-378 -165
-451 -239
-521 -314
-591 -387
-668 -459
-736 -531
-801 -599
-864 -668
-924 -736
-983 -801
-1041 -864
-1093 -924
-1144 -992
-1195 -1047
-1241 -1101
-1289 -1151
-1328 -1198
-1364 -1245
-1394 -1289
-1424 -1328
-1451 -1364
-1472 -1394
-1492 -1424
-1508 -1451
-1520 -1472
-1528 -1492
-1533 -1508
-1533 -1520
-1528 -1528
-1520 -1533
-1511 -1533
-1496 -1528
-1480 -1524
-1456 -1511
-1432 -1496
-1402 -1480
-1371 -1456
-1335 -1432
-1296 -1402
-1251 -1371
-1204 -1335
-1156 -1296
-1108 -1255
-1055 -1211
-997 -1163
-939 -1113
-881 -1060
-816 -1005
-753 -947
-686 -888
-609 -825
-540 -760
-468 -693
-396 -626
-323 -548
-249 -476
-174 -405
-99 -332
-24 -258
51 -184
126 -109
201 -34
284 41
358 116
430 191
502 266
572 339
642 412
709 483
775 554
838 624
900 691
961 758
1017 823
1073 886
1130 945
1180 1011
1225 1065
1270 1118
1311 1167
1347 1215
1381 1260
1411 1301
1438 1340
1461 1373
1482 1403
1502 1434
1514 1458
1522 1478
1531 1497
1531 1509
1526 1522
1522 1526
1514 1531
1502 1531
1482 1526
1461 1518
1438 1502
1411 1490
1377 1470
1344 1446
1304 1419
1266 1388
1222 1355
1174 1318
1123 1280
1073 1239
1017 1193
961 1142
900 1091
830 1039
767 981
700 922
633 862
563 799
493 734
421 666
348 597
275 519
201 449
126 376
51 302
-34 229
-109 154
-184 79
-258 3
-332 -72
-405 -147
-476 -221
-548 -295
-618 -369
-686 -441
-753 -512
-816 -582
-888 -652
-947 -719
-1005 -784
-1060 -847
-1113 -910
-1163 -970
-1211 -1033
-1255 -1087
-1296 -1138
-1335 -1188
-1371 -1234
-1402 -1279
-1436 -1317
-1460 -1354
-1480 -1386
-1499 -1417
-1511 -1444
-1524 -1467
-1528 -1487
-1533 -1504
-1533 -1516
-1528 -1524
-1520 -1533
-1508 -1533
-1492 -1528
-1472 -1524
-1448 -1516
-1421 -1499
-1390 -1484
-1357 -1463
-1320 -1440
-1282 -1409
-1241 -1379
-1195 -1346
-1144 -1306
-1093 -1268
-1033 -1224
-975 -1176
-917 -1125
-857 -1075
-792 -1019
-726 -963
-661 -902
-591 -840
-521 -777
-451 -711
-378 -644
-295 -574
-221 -495
-147 -423
-72 -350
3 -277
79 -203
154 -128
229 -53
302 22
376 97
449 172
519 247
597 321
666 394
734 466
799 538
862 607
922 676
981 742
1039 807
1091 869
1142 930
1193 990
1243 1053
1287 1106
1326 1154
1362 1202
1392 1249
1422 1290
1449 1330
1470 1366
1490 1396
1506 1427
1518 1449
1526 1473
1531 1494
1531 1506
1526 1518
1518 1526
1509 1531
1494 1531
1478 1526
1454 1518
1430 1509
1400 1494
1369 1473
1330 1449
1290 1427
1249 1396
1202 1366
1154 1330
1106 1290
1053 1249
995 1202
937 1154
879 1106
814 1053
751 995
676 937
607 879
538 814
466 751
394 684
321 616
247 546
172 466
97 394
22 321
-53 247
-128 172
-212 97
-286 22
-360 -53
-432 -128
-504 -203
-574 -277
-644 -350
-711 -423
-777 -495
-840 -565
-902 -635
-970 -702
-1026 -769
-1081 -832
-1132 -895
-1182 -954
-1227 -1013
-1272 -1075
-1313 -1125
-1349 -1176
-1383 -1224
-1413 -1268
-1440 -1306
-1467 -1346
-1487 -1379
-1504 -1409
-1516 -1440
-1524 -1463
-1533 -1484
-1533 -1499
-1528 -1511
-1524 -1524
-1516 -1528
-1504 -1533
-1484 -1533
-1463 -1528
-1440 -1516
-1409 -1504
-1379 -1487
-1346 -1467
-1306 -1444
-1268 -1417
-1224 -1386
-1176 -1354
-1125 -1317
-1075 -1279
-1019 -1234
-954 -1188
-895 -1138
-832 -1087
-769 -1033
-702 -975
-635 -917
-565 -857
-495 -792
-423 -726
-350 -661
-277 -591
-203 -521
-118 -441
-43 -369
32 -295
107 -221
182 -147
256 -72
330 3
403 79
474 154
546 229
616 302
684 376
758 449
823 519
886 589
945 659
1003 724
1058 790
1111 855
1161 915
1209 973
1253 1031
1294 1091
1333 1142
1373 1193
1403 1239
1434 1280
1458 1318
1478 1355
1497 1388
1509 1419
1522 1446
1526 1470
1531 1490
1531 1502
1526 1514
1514 1526
1502 1531
1490 1531
1470 1526
1446 1522
1419 1509
1388 1497
1355 1478
1318 1458
1280 1434
1239 1403
1193 1373
1136 1340
1085 1301
1031 1260
973 1215
915 1167
855 1118
790 1065
724 1011
659 952
589 893
519 830
449 767
367 700
293 633
219 563
145 493
70 412
-5 339
-81 266
-156 191
-231 116
-304 41
-378 -34
-451 -109
-531 -184
-599 -258
-668 -332
-736 -405
-801 -476
-864 -548
-924 -618
-983 -686
-1041 -753
-1093 -816
-1144 -881
-1195 -939
-1245 -997
-1289 -1055
-1328 -1113
-1364 -1163
-1394 -1211
-1424 -1255
-1451 -1296
-1472 -1335
-1492 -1371
-1508 -1402
-1520 -1432
-1528 -1456
-1533 -1480
-1533 -1496
-1528 -1511
-1520 -1520
-1511 -1528
-1496 -1533
-1480 -1533
-1456 -1528
-1432 -1520
-1402 -1508
-1368 -1496
-1332 -1472
-1292 -1451
-1251 -1424
-1204 -1394
-1156 -1364
-1108 -1328
-1055 -1289
-997 -1245
-939 -1198
-881 -1151
-816 -1101
-744 -1047
-678 -992
-609 -932
-540 -871
-468 -809
-396 -744
-323 -678
-249 -609
-174 -540
-99 -468
-24 -387
60 -314
135 -239
210 -165
284 -90
358 -15
430 60
502 135
572 210
642 284
709 358
775 430
838 502
908 572
968 642
1024 709
1079 775
1130 838
1180 900
1225 961
1270 1017
1311 1073
1347 1130
1381 1180
1411 1225
1442 1270
1465 1311
1485 1347
1502 1381
1514 1411
1522 1438
1531 1461
1531 1482
1526 1502
1522 1514
1514 1522
1497 1526
1482 1531
1461 1531
1438 1522
1407 1514
1377 1502
1344 1485
1304 1461
1266 1438
1222 1411
1174 1381
1123 1347
1065 1311
1011 1270
952 1225
893 1180
830 1130
767 1079
700 1024
633 968
563 908
493 845
421 782
348 717
266 650
191 580
116 510
41 439
-34 358
-109 284
-184 210
-258 135
-332 60
-405 -15
-476 -90
-556 -165
-626 -239
-693 -314
-760 -387
-825 -459
-888 -531
-947 -599
-1005 -668
-1060 -736
-1113 -801
-1163 -864
-1211 -924
-1255 -983
-1303 -1041
-1342 -1093
-1375 -1151
-1405 -1198
-1436 -1245
-1460 -1289
-1480 -1328
-1499 -1364
-1511 -1394
-1524 -1424
-1528 -1451
-1533 -1472
-1533 -1492
-1528 -1508
-1516 -1520
-1504 -1528
-1492 -1533
-1472 -1533
-1448 -1528
-1421 -1524
-1390 -1511
-1357 -1499
-1320 -1480
-1282 -1456
-1234 -1432
-1188 -1402
-1138 -1371
-1087 -1335
-1033 -1296
-975 -1255
-917 -1211
-857 -1163
-792 -1113
-726 -1060
-661 -1005
-591 -947
-512 -888
-441 -825
-369 -760
-295 -693
-221 -626
-147 -556
-72 -485
3 -414
79 -332
154 -258
229 -184
302 -109
385 -34
457 41
529 116
597 191
666 266
734 339
799 412
862 483
922 554
981 624
1039 691
1099 758
1149 823
1196 886
1243 945
1287 1003
1326 1058
1362 1111
1392 1167
1422 1215
1449 1260
1470 1301
1490 1340
1506 1373
1518 1403
1526 1434
1531 1458
1531 1478
1526 1497
1518 1509
1509 1522
1494 1526
1478 1531
1454 1531
1430 1526
1396 1518
1366 1506
1330 1490
1290 1470
1249 1446
1202 1419
1154 1388
1106 1355
1053 1318
995 1280
937 1239
879 1193
807 1142
742 1091
676 1039
607 981
538 922
466 862
394 799
321 734
247 666
172 597
97 529
22 457
-62 385
-137 302
-212 229
-286 154
-360 79
-432 3
-504 -72
-574 -147
-644 -221
-711 -295
-777 -369
-847 -441
-910 -512
-970 -582
-1026 -652
-1081 -719
-1132 -784
-1182 -847
-1227 -910
-1272 -970
-1313 -1026
-1349 -1087
-1386 -1138
-1417 -1188
-1444 -1234
-1467 -1279
-1487 -1317
-1504 -1354
-1516 -1386
-1524 -1417
-1533 -1444
-1533 -1467
-1528 -1487
-1524 -1504
-1511 -1516
-1499 -1528
-1484 -1533
-1463 -1533
-1440 -1528
-1409 -1524
-1379 -1511
-1346 -1499
-1306 -1484
-1268 -1463
-1224 -1440
-1176 -1409
-1120 -1379
-1067 -1342
-1013 -1303
-954 -1262
-895 -1217
-832 -1169
-769 -1120
-702 -1067
-635 -1013
-565 -954
-495 -895
-414 -832
-341 -769
-268 -702
-193 -626
-118 -556
-43 -485
32 -414
107 -341
182 -268
256 -193
330 -118
403 -43
483 32
554 107
624 182
691 256
758 339
823 412
886 483
945 554
1003 624
1058 691
1111 758
1161 823
1215 886
1260 945
1301 1003
1340 1058
1373 1118
1403 1167
1434 1215
1458 1260
1478 1301
1497 1340
1509 1373
1522 1403
1526 1434
1531 1458
1531 1478
1526 1497
1514 1509
1502 1522
1490 1526
1470 1531
1446 1531
1419 1526
1388 1514
1352 1502
1315 1490
1277 1470
1232 1446
1186 1419
1136 1388
1085 1355
1031 1315
973 1277
915 1232
855 1186
790 1136
717 1085
650 1031
580 973
510 915
439 855
367 790
293 724
219 659
145 580
70 510
-5 439
-81 367
-165 293
-239 219
-314 145
-387 70
-459 -5
-531 -81
-599 -156
-668 -231
-736 -304
-801 -387
-864 -459
-924 -531
-992 -599
-1047 -668
-1101 -736
-1151 -801
-1198 -864
-1245 -924
-1289 -983
-1328 -1041
-1364 -1093
-1394 -1151
-1424 -1198
-1451 -1245
-1475 -1289
-1496 -1328
-1508 -1364
-1520 -1394
-1528 -1424
-1533 -1451
-1533 -1472
-1528 -1492
-1520 -1508
-1511 -1520
-1496 -1528
-1480 -1533
-1451 -1533
-1429 -1528
-1398 -1520
-1368 -1511
-1332 -1496
-1292 -1480
-1251 -1456
-1204 -1432
-1156 -1402
-1108 -1371
-1055 -1335
-997 -1292
-932 -1251
-871 -1204
-809 -1156
-744 -1108
-678 -1055
-609 -997
-540 -939
-468 -881
-396 -816
-323 -753
-249 -686
-174 -618
-90 -540
-15 -468
60 -396
135 -323
210 -249
284 -174
358 -99
430 -24
502 51
572 126
642 201
709 275
782 348
845 430
908 502
968 572
1024 642
1079 709
1130 775
1180 838
1225 900
1270 961
1311 1017
1347 1073
1384 1123
1415 1180
1442 1225
1465 1270
1485 1311
1502 1347
1514 1381
1522 1411
1531 1438
1531 1461
1526 1482
1522 1502
1509 1514
1497 1522
1482 1531
1461 1531
1438 1526
1407 1522
1377 1514
1344 1502
1304 1482
1266 1461
1222 1438
1167 1411
1118 1381
1065 1347
1011 1311
952 1266
893 1222
830 1174
767 1123
700 1073
633 1017
563 961
483 900
412 838
339 775
266 709
191 642
116 572
41 493
-34 421
-109 348
-184 275
-258 201
-332 126
-414 51
-485 -24
-556 -99
-626 -174
-693 -249
-760 -323
-825 -396
-888 -476
-947 -548
-1005 -618
-1060 -686
-1120 -753
-1169 -816
-1217 -881
-1262 -939
-1303 -997
-1342 -1055
-1375 -1108
-1405 -1156
-1436 -1211
-1460 -1255
-1480 -1296
-1499 -1335
-1511 -1371
-1524 -1402
-1528 -1432
-1533 -1456
-1533 -1480
-1528 -1496
-1516 -1511
-1504 -1520
-1492 -1528
-1472 -1533
-1448 -1533
-1421 -1528
-1386 -1520
-1354 -1508
-1317 -1492
-1279 -1472
-1234 -1451
-1188 -1424
-1138 -1394
-1087 -1364
-1033 -1328
-975 -1289
-917 -1241
-847 -1195
-784 -1144
-719 -1093
-652 -1041
-582 -983
-512 -924
-441 -864
-369 -801
-295 -736
-221 -668
-147 -599
-72 -531
13 -451
88 -378
163 -304
237 -231
312 -156
385 -81
457 -5
529 70
597 145
666 219
734 293
799 367
869 439
930 519
990 589
1045 659
1099 724
1149 790
1196 855
1243 915
1287 973
1326 1031
1362 1085
1392 1136
1427 1186
1449 1239
1473 1280
1494 1318
1506 1355
1518 1388
1526 1419
1531 1446
1531 1470
1526 1490
1518 1502
1509 1514
1494 1526
1473 1531
1449 1531
1427 1526
1396 1522
1366 1509
1330 1497
1290 1478
1249 1458
1202 1434
1154 1403
1106 1373
1045 1340
990 1301
930 1260
869 1209
807 1161
742 1111
676 1058
607 1003
538 945
466 886
394 823
321 758
237 691
163 624
88 554
13 483
-62 403
-137 330
-212 256
-286 182
-360 107
-432 32
-504 -43
-574 -118
-652 -193
-719 -268
-784 -341
-847 -414
-910 -485
-970 -565
-1026 -635
-1081 -702
-1132 -769
-1182 -832
-1227 -895
-1272 -954
-1317 -1013
-1354 -1067
-1386 -1120
-1417 -1169
-1444 -1217
-1467 -1268
-1487 -1306
-1504 -1346
-1516 -1379
-1524 -1409
-1533 -1440
-1533 -1463
-1528 -1484
-1524 -1499
-1511 -1511
-1499 -1524
-1484 -1528
-1463 -1533
-1440 -1533
-1409 -1524
-1379 -1516
-1346 -1504
-1306 -1487
-1262 -1467
-1217 -1444
-1169 -1417
-1120 -1386
-1067 -1354
-1013 -1317
-954 -1279
-895 -1234
-832 -1182
-769 -1132
-702 -1081
-635 -1026
-556 -970
-485 -910
-414 -847
-341 -784
-268 -719
-193 -652
-118 -582
-43 -512
32 -441
107 -360
182 -286
256 -212
339 -137
412 -62
483 13
554 88
624 163
691 237
758 312
823 385
886 457
945 529
1003 607
1058 676
1118 742
1167 807
1215 869
1260 930
1301 990
1340 1045
1373 1099
1403 1149
1434 1196
1458 1243
1478 1290
1497 1330
1509 1366
1522 1396
1526 1427
1531 1449
1531 1473
1526 1494
1514 1506
1502 1518
1490 1526
1470 1531
1442 1531
1415 1526
1384 1518
1352 1506
1315 1494
1277 1473
1232 1449
1186 1427
1136 1396
1085 1366
1031 1330
973 1290
908 1249
845 1202
782 1149
717 1099
650 1045
580 990
510 930
439 869
367 807
293 742
219 676
145 607
60 538
-15 466
-90 394
-165 312
-239 237
-314 163
-387 88
-459 13
-531 -62
-599 -137
-668 -212
-744 -286
-809 -360
-871 -432
-932 -504
-992 -574
-1047 -652
-1101 -719
-1151 -784
-1198 -847
-1245 -910
-1289 -970
-1328 -1026
-1368 -1081
-1398 -1132
-1429 -1182
-1451 -1227
-1475 -1272
-1496 -1317
-1508 -1354
-1520 -1386
-1528 -1417
-1533 -1444
-1533 -1467
-1528 -1487
-1520 -1504
-1508 -1516
-1496 -1524
-1475 -1533
-1451 -1533
-1429 -1528
-1398 -1524
-1368 -1511
-1332 -1499
-1292 -1484
-1251 -1463
-1198 -1440
-1151 -1409
-1101 -1379
-1047 -1346
-992 -1306
-932 -1268
-871 -1224
-809 -1176
-744 -1120
-678 -1067
-609 -1013
-540 -954
-459 -895
-387 -832
-314 -769
-239 -702
-165 -635
-90 -565
-15 -495
60 -423
135 -350
210 -268
284 -193
358 -118
439 -43
510 32
580 107
650 182
717 256
782 330
845 403
908 474
968 546
1024 616
1079 691
1130 758
1186 823
1232 886
1277 945
1315 1003
1352 1058
1384 1111
1415 1161
1442 1209
1465 1253
1485 1294
1502 1340
1514 1373
1526 1403
1531 1434
1531 1458
1526 1478
1522 1497
1509 1509
1497 1522
1482 1526
1461 1531
1438 1531
1407 1526
1377 1514
1340 1502
1301 1490
1260 1470
1215 1446
1167 1419
1118 1388
1065 1355
1011 1318
952 1280
893 1239
830 1193
767 1142
691 1085
624 1031
554 973
483 915
412 855
339 790
266 724
191 659
116 589
41 519
-34 449
-109 376
-193 302
-268 219
-341 145
-414 70
-485 -5
-556 -81
-626 -156
-693 -231
-760 -304
-825 -378
-888 -451
-947 -521
-1013 -591
-1067 -661
-1120 -736
-1169 -801
-1217 -864
-1262 -924
-1303 -983
-1342 -1041
-1375 -1093
-1405 -1144
-1436 -1195
-1460 -1241
-1484 -1282
-1499 -1320
-1511 -1364
-1524 -1394
-1528 -1424
-1533 -1451
-1533 -1472
-1528 -1492
-1516 -1508
-1504 -1520
-1492 -1528
-1472 -1533
-1444 -1533
-1417 -1528
-1386 -1524
-1354 -1511
-1317 -1496
-1279 -1480
-1234 -1456
-1188 -1432
-1138 -1402
-1087 -1371
-1033 -1335
-970 -1296
-910 -1255
-847 -1211
-784 -1163
-719 -1113
-652 -1055
-582 -997
-512 -939
-441 -881
-369 -816
-295 -753
-221 -686
-137 -618
-62 -548
13 -476
88 -405
163 -332
237 -258
312 -174
385 -99
457 -24
529 51
597 126
676 201
742 275
807 348
869 421
930 493
990 563
1045 633
1099 700
1149 775
1196 838
1243 900
1287 961
1330 1017
1366 1073
1396 1123
1427 1174
1449 1222
1473 1266
1494 1304
1506 1344
1518 1381
1526 1411
1531 1438
1531 1461
1526 1482
1518 1502
1506 1514
1494 1522
1473 1526
1449 1531
1427 1531
1396 1522
1366 1514
1330 1502
1290 1482
1243 1461
1196 1438
1149 1411
1099 1381
1045 1347
990 1311
930 1270
869 1225
807 1180
742 1130
676 1079
607 1017
529 961
457 900
385 838
312 775
237 709
163 642
88 572
13 502
-62 430
-137 358
-212 284
-295 210
-369 126
-441 51
-512 -24
-582 -99
-652 -174
-719 -249
-784 -323
-847 -396
-910 -468
-970 -540
-1026 -609
-1087 -678
-1138 -744
-1188 -816
-1234 -881
-1279 -939
-1317 -997
-1354 -1055
-1386 -1108
-1417 -1156
-1444 -1204
-1467 -1251
-1487 -1292
-1504 -1332
-1516 -1368
-1528 -1402
-1533 -1432
-1533 -1456
-1528 -1480
-1524 -1496
-1511 -1511
-1499 -1520
-1484 -1528
-1463 -1533
-1440 -1533
-1405 -1528
-1375 -1520
-1342 -1508
-1303 -1492
-1262 -1472
-1217 -1451
-1169 -1424
-1120 -1394
-1067 -1364
-1013 -1328
-954 -1289
-895 -1245
-825 -1198
-760 -1151
-693 -1101
-626 -1047
-556 -983
-485 -924
-414 -864
-341 -801
-268 -736
-193 -668
-118 -599
-43 -531
41 -459
116 -387
191 -314
266 -239
339 -165
412 -81
483 -5
554 70
624 145
691 219
758 293
823 367
893 439
952 510
1011 580
1065 650
1118 717
1167 782
1215 855
1260 915
1301 973
1340 1031
1373 1085
1403 1136
1438 1186
1461 1232
1482 1277
1497 1315
1509 1352
1522 1384
1526 1419
1531 1446
1531 1470
1526 1490
1514 1502
1502 1514
1485 1526
1465 1531
1442 1531
1415 1526
1384 1522
1352 1509
1315 1497
1277 1478
1232 1458
1186 1434
1136 1403
1085 1373
1024 1340
968 1301
908 1260
845 1215
782 1167
717 1118
650 1065
580 1011
510 945
439 886
367 823
293 758
210 691
135 624
60 554
-15 483
-90 412
-165 339
-239 266
-314 191
-387 116
-459 32
-531 -43
-609 -118
-678 -193
-744 -268
-809 -341
-871 -414
-932 -485
-992 -556
-1047 -626
-1101 -693
-1151 -760
-1198 -825
-1245 -895
-1292 -954
-1332 -1013
-1368 -1067
-1398 -1120
-1429 -1169
-1451 -1217
-1475 -1262
-1496 -1303
-1508 -1342
-1520 -1375
-1528 -1405
-1533 -1440
-1533 -1463
-1528 -1484
-1520 -1499
-1508 -1511
-1496 -1524
-1475 -1528
-1451 -1533
-1429 -1533
-1398 -1528
-1368 -1516
-1332 -1504
-1289 -1492
-1245 -1467
-1198 -1444
-1151 -1417
-1101 -1386
-1047 -1354
-992 -1317
-932 -1279
-871 -1234
-809 -1188
-744 -1138
-668 -1087
-599 -1033
-531 -975
-459 -910
-387 -847
-314 -784
-239 -719
-165 -652
-90 -582
-15 -512
60 -441
135 -369
219 -295
293 -221
367 -147
439 -72
510 13
580 88
650 163
717 237
782 312
845 385
908 457
968 529
1031 597
1085 666
1136 734
1186 799
1232 862
1277 930
1315 990
1352 1045
1384 1099
1415 1149
1442 1196
1470 1243
1490 1287
1502 1326
1514 1362
1526 1392
1531 1422
1531 1449
1526 1473
1522 1494
1509 1506
1497 1518
1482 1526
1458 1531
1434 1531
1403 1526
1373 1518
1340 1509
1301 1494
1260 1478
1215 1449
1167 1427
1118 1396
1065 1366
1011 1330
945 1290
886 1249
823 1202
758 1154
691 1106
624 1053
554 995
483 937
412 869
339 807
266 742
182 676
107 607
32 538
-43 466
-118 394
-193 321
-268 247
-341 172
-414 97
-485 22
-556 -62
-626 -137
-702 -212
-769 -286
-832 -360
-895 -432
-954 -504
-1013 -574
-1067 -644
-1120 -711
-1169 -777
-1217 -840
-1262 -902
-1303 -970
-1346 -1026
-1379 -1081
-1409 -1132
-1440 -1182
-1463 -1227
-1484 -1272
-1499 -1313
-1511 -1349
-1524 -1383
-1528 -1413
-1533 -1440
-1533 -1467
-1528 -1487
-1484 -1472
-1472 -1484
-1456 -1492
-1436 -1499
-1413 -1499
-1386 -1496
-1357 -1492
-1325 -1480
-1289 -1467
-1251 -1451
-1207 -1432
-1156 -1409
-1108 -1379
-1058 -1349
-1005 -1317
-949 -1279
-890 -1234
-830 -1192
-767 -1144
-703 -1096
-638 -1043
-570 -992
-502 -934
-423 -876
-352 -814
-280 -744
-207 -679
-135 -613
-61 -544
13 -475
87 -405
160 -333
232 -261
305 -189
377 -106
456 -33
526 41
594 114
661 187
727 259
790 331
850 403
910 473
968 542
1022 619
1076 684
1123 751
1176 812
1222 874
1263 932
1301 990
1337 1041
1366 1094
1396 1149
1419 1196
1442 1239
1461 1277
1473 1315
1485 1347
1494 1377
1497 1407
1497 1430
1494 1449
1485 1470
1473 1482
1461 1490
1442 1494
1419 1497
1396 1497
1366 1490
1337 1482
1297 1470
1260 1449
1215 1430
1171 1407
1123 1381
1076 1352
1022 1318
968 1284
910 1243
850 1196
790 1149
727 1099
652 1050
585 995
517 940
447 881
377 821
305 758
232 684
160 619
87 551
13 483
-61 412
-144 341
-216 269
-289 196
-361 123
-431 41
-502 -33
-570 -106
-638 -180
-703 -253
-767 -325
-830 -396
-890 -466
-954 -536
-1011 -604
-1064 -679
-1113 -744
-1163 -807
-1207 -868
-1251 -927
-1289 -983
-1325 -1038
-1357 -1089
-1386 -1138
-1417 -1192
-1440 -1234
-1460 -1275
-1472 -1313
-1484 -1346
-1496 -1375
-1499 -1405
-1499 -1429
-1496 -1448
-1492 -1467
-1480 -1480
-1467 -1492
-1448 -1496
-1429 -1499
-1405 -1499
-1375 -1496
-1346 -1484
-1313 -1472
-1275 -1456
-1234 -1436
-1192 -1413
-1144 -1386
-1096 -1357
-1038 -1325
-983 -1289
-927 -1251
-868 -1207
-807 -1156
-744 -1108
-679 -1058
-613 -1005
-544 -949
-475 -890
-405 -830
-333 -767
-253 -703
-180 -630
-106 -562
-33 -493
41 -423
114 -352
187 -280
259 -207
331 -135
403 -61
473 22
542 95
619 169
684 242
751 314
812 385
874 456
932 526
990 594
1041 661
1094 734
1142 797
1190 859
1239 917
1277 973
1315 1031
1347 1082
1377 1130
1407 1176
1430 1225
1449 1266
1465 1304
1478 1340
1490 1369
1494 1400
1497 1422
1497 1446
1490 1461
1482 1478
1470 1490
1454 1494
1434 1497
1411 1497
1384 1494
1355 1485
1323 1473
1287 1458
1243 1438
1200 1415
1154 1388
1106 1359
1056 1326
1003 1290
947 1253
888 1212
828 1167
765 1111
701 1062
636 1009
560 952
491 895
421 836
350 773
278 709
205 645
133 568
59 500
-15 429
-89 359
-162 287
-234 214
-316 142
-387 68
-458 -5
-528 -89
-596 -162
-663 -234
-729 -307
-792 -379
-852 -449
-912 -519
-970 -587
-1024 -654
-1084 -721
-1132 -792
-1178 -852
-1224 -912
-1265 -970
-1303 -1024
-1339 -1078
-1368 -1125
-1398 -1173
-1421 -1217
-1444 -1265
-1463 -1303
-1480 -1339
-1487 -1368
-1496 -1398
-1499 -1421
-1499 -1444
-1496 -1463
-1487 -1475
-1475 -1487
-1463 -1496
-1444 -1499
-1421 -1499
-1398 -1496
-1364 -1487
-1335 -1475
-1299 -1463
-1262 -1444
-1217 -1421
-1173 -1394
-1125 -1364
-1078 -1335
-1024 -1299
-970 -1262
-912 -1217
-852 -1173
-784 -1125
-721 -1069
-654 -1019
-587 -963
-519 -905
-449 -845
-379 -784
-307 -721
-234 -654
-162 -587
-89 -510
-15 -441
68 -369
142 -297
214 -226
287 -152
359 -79
429 -5
500 68
568 150
636 224
701 295
765 367
828 439
895 508
952 577
1009 645
1062 709
1111 773
1161 843
1205 903
1249 961
1287 1017
1323 1067
1355 1118
1386 1167
1415 1212
1438 1253
1458 1297
1470 1333
1482 1362
1494 1392
1497 1419
1497 1438
1494 1458
1490 1473
1478 1485
1465 1494
1446 1497
1427 1497
1403 1494
1373 1485
1344 1478
1311 1461
1273 1446
1232 1422
1190 1396
1142 1366
1087 1337
1036 1301
981 1263
925 1222
866 1176
805 1130
742 1082
677 1022
611 968
542 910
473 850
403 790
323 727
251 661
178 594
104 526
31 447
-43 377
-116 305
-189 232
-261 160
-333 87
-405 13
-485 -61
-553 -135
-621 -216
-686 -289
-753 -361
-814 -431
-876 -502
-934 -570
-992 -638
-1043 -703
-1096 -767
-1144 -830
-1198 -897
-1241 -954
-1279 -1011
-1317 -1064
-1349 -1113
-1379 -1163
-1409 -1207
-1432 -1251
-1451 -1289
-1467 -1328
-1480 -1361
-1492 -1390
-1496 -1417
-1499 -1440
-1499 -1460
-1492 -1472
-1484 -1484
-1472 -1496
-1456 -1499
-1436 -1499
-1413 -1496
-1386 -1492
-1357 -1480
-1320 -1467
-1286 -1448
-1245 -1429
-1202 -1405
-1156 -1371
-1108 -1342
-1058 -1306
-1005 -1268
-949 -1227
-890 -1185
-830 -1138
-767 -1089
-695 -1038
-630 -975
-562 -919
-493 -861
-423 -799
-352 -736
-280 -671
-207 -604
-135 -536
-61 -466
13 -387
87 -316
169 -244
242 -171
314 -97
385 -24
456 49
526 123
594 196
661 278
727 350
790 421
850 491
917 560
973 628
1031 693
1082 758
1130 821
1176 881
1222 947
1263 1003
1301 1056
1337 1106
1366 1154
1396 1200
1422 1243
1446 1284
1461 1318
1478 1355
1485 1384
1494 1411
1497 1434
1497 1454
1494 1470
1485 1482
1473 1490
1461 1497
1442 1497
1419 1494
1392 1490
1362 1478
1333 1465
1297 1449
1260 1430
1215 1407
1171 1377
1123 1344
1076 1311
1022 1273
968 1232
903 1190
843 1142
782 1094
719 1041
652 990
585 925
517 866
447 805
377 742
305 677
232 611
160 542
77 473
3 403
-70 323
-144 251
-216 178
-289 104
-361 31
-431 -43
-502 -116
-570 -189
-638 -261
-711 -343
-775 -414
-838 -485
-897 -553
-954 -621
-1011 -686
-1064 -753
-1113 -814
-1163 -876
-1207 -934
-1251 -997
-1289 -1052
-1328 -1101
-1361 -1151
-1390 -1198
-1417 -1241
-1440 -1279
-1460 -1317
-1472 -1349
-1484 -1383
-1496 -1409
-1499 -1432
-1499 -1451
-1496 -1472
-1492 -1484
-1480 -1492
-1467 -1496
-1448 -1499
-1429 -1496
-1405 -1492
-1375 -1484
-1346 -1472
-1313 -1451
-1275 -1432
-1234 -1409
-1192 -1383
-1138 -1354
-1089 -1317
-1038 -1279
-983 -1241
-927 -1198
-868 -1151
-807 -1101
-744 -1052
-679 -997
-613 -942
-544 -876
-475 -814
-396 -753
-325 -686
-253 -621
-180 -553
-106 -485
-33 -414
41 -343
114 -261
187 -189
259 -116
331 -43
403 31
483 104
551 178
619 251
684 323
751 403
812 473
874 542
932 611
990 677
1041 742
1094 805
1149 866
1196 925
1239 981
1277 1041
1315 1094
1347 1142
1377 1190
1407 1232
1430 1273
1449 1311
1465 1344
1478 1373
1490 1407
1494 1430
1497 1449
1497 1465
1490 1478
1482 1490
1470 1494
1454 1497
1434 1497
1411 1490
1384 1482
1352 1470
1318 1454
1284 1434
1243 1411
1200 1384
1154 1355
1106 1323
1056 1284
1003 1243
947 1200
888 1154
828 1106
758 1056
693 1003
628 947
560 888
491 821
421 758
350 693
278 628
205 560
133 491
59 421
-24 350
-97 278
-171 196
-244 123
-316 49
-387 -24
-458 -97
-528 -171
-596 -244
-663 -316
-729 -387
-792 -466
-861 -536
-919 -604
-975 -671
-1033 -736
-1084 -799
-1132 -861
-1178 -919
-1224 -975
-1265 -1033
-1303 -1089
-1339 -1138
-1368 -1185
-1402 -1227
-1424 -1268
-1448 -1306
-1463 -1342
-1480 -1371
-1487 -1402
-1496 -1429
-1499 -1448
-1499 -1467
-1496 -1480
-1487 -1492
-1475 -1496
-1460 -1499
-1440 -1499
-1421 -1496
-1394 -1484
-1364 -1472
-1335 -1460
-1299 -1440
-1262 -1417
-1217 -1390
-1173 -1361
-1125 -1328
-1069 -1292
-1019 -1251
-963 -1207
-905 -1163
-845 -1113
-784 -1064
-721 -1011
-654 -954
-587 -897
-519 -838
-449 -767
-379 -703
-297 -638
-226 -570
-152 -502
-79 -431
-5 -361
68 -289
142 -216
214 -135
287 -61
359 13
429 87
500 160
577 232
645 305
709 377
773 447
836 526
895 594
952 661
1009 727
1062 790
1111 850
1161 910
1205 968
1253 1022
1290 1076
1326 1130
1359 1176
1388 1222
1415 1263
1438 1301
1458 1337
1470 1366
1482 1396
1494 1419
1497 1446
1497 1461
1494 1478
1490 1485
1478 1494
1465 1497
1446 1497
1427 1494
1403 1485
1373 1473
1344 1458
1311 1438
1273 1419
1225 1392
1183 1362
1136 1333
1087 1297
1036 1260
981 1212
925 1167
866 1118
805 1067
742 1017
677 961
611 903
534 843
464 782
394 709
323 645
251 577
178 508
104 439
31 367
-43 295
-116 224
-189 150
-261 68
-343 -5
-414 -79
-485 -152
-553 -226
-621 -297
-686 -369
-753 -441
-814 -510
-876 -587
-934 -654
-992 -721
-1043 -784
-1101 -845
-1151 -905
-1198 -963
-1241 -1019
-1279 -1069
-1317 -1120
-1349 -1173
-1379 -1217
-1409 -1262
-1432 -1299
-1451 -1335
-1467 -1364
-1484 -1394
-1492 -1421
-1496 -1440
-1499 -1463
-1499 -1475
-1492 -1487
-1484 -1496
-1472 -1499
-1456 -1499
-1436 -1496
-1413 -1487
-1386 -1480
-1354 -1463
-1320 -1444
-1286 -1421
-1245 -1398
-1202 -1368
-1156 -1339
-1108 -1303
-1058 -1265
-1005 -1224
-949 -1173
-890 -1125
-823 -1078
-760 -1024
-695 -970
-630 -912
-562 -852
-493 -792
-423 -729
-352 -654
-280 -587
-207 -519
-135 -449
-51 -379
22 -307
95 -234
169 -162
242 -89
314 -5
385 68
456 142
526 214
594 287
661 359
727 429
797 500
859 568
917 645
973 709
1031 773
1082 836
1130 895
1176 952
1222 1009
1263 1062
1301 1111
1340 1161
1369 1212
1400 1253
1422 1290
1446 1326
1461 1359
1478 1388
1485 1415
1494 1438
1497 1458
1497 1473
1494 1485
1485 1494
1473 1497
1458 1497
1438 1494
1419 1490
1392 1478
1362 1465
1333 1446
1297 1422
1260 1400
1215 1369
1171 1340
1118 1304
1067 1266
1017 1225
961 1183
903 1130
843 1082
782 1031
719 973
652 917
585 859
517 797
439 734
367 669
295 594
224 526
150 456
77 385
3 314
-70 242
-144 169
-216 95
-289 22
-361 -61
-441 -135
-510 -207
-579 -280
-647 -352
-711 -423
-775 -493
-838 -562
-897 -630
-954 -703
-1011 -767
-1064 -830
-1113 -890
-1169 -949
-1214 -1005
-1255 -1058
-1292 -1108
-1328 -1156
-1361 -1202
-1390 -1251
-1417 -1289
-1440 -1325
-1460 -1357
-1472 -1386
-1487 -1413
-1496 -1436
-1499 -1456
-1499 -1472
-1496 -1484
-1492 -1496
-1480 -1499
-1467 -1499
-1448 -1496
-1429 -1492
-1405 -1480
-1375 -1467
-1346 -1451
-1306 -1429
-1268 -1405
-1227 -1375
-1185 -1346
-1138 -1313
-1089 -1275
-1038 -1234
-983 -1192
-927 -1144
-868 -1089
-807 -1038
-744 -983
-671 -927
-604 -868
-536 -807
-466 -744
-396 -679
-325 -613
-253 -536
-180 -466
-106 -396
-33 -325
41 -253
114 -180
196 -106
269 -33
341 41
412 123
483 196
551 269
619 341
684 412
751 483
812 551
874 619
932 684
995 758
1050 821
1099 881
1149 940
1196 995
1239 1050
1277 1099
1315 1149
1347 1196
1377 1239
1407 1284
1430 1318
1449 1352
1470 1381
1482 1407
1490 1430
1494 1449
1497 1470
1497 1482
1490 1490
1482 1497
1470 1497
1454 1494
1430 1490
1407 1482
1381 1470
1352 1449
1318 1430
1284 1407
1243 1377
1200 1347
1154 1315
1106 1277
1056 1239
1003 1196
940 1149
881 1099
821 1041
758 990
693 932
628 874
560 812
491 751
421 684
350 619
278 551
205 473
123 403
49 331
-24 259
-97 187
-171 114
-244 41
-316 -33
-387 -106
-458 -189
-528 -261
-596 -333
-663 -405
-736 -475
-799 -544
-861 -613
-919 -679
-975 -744
-1033 -814
-1084 -876
-1132 -934
-1178 -992
-1224 -1043
-1265 -1096
-1303 -1144
-1342 -1192
-1371 -1234
-1402 -1275
-1424 -1317
-1448 -1349
-1463 -1379
-1480 -1409
-1487 -1432
-1496 -1451
-1499 -1467
-1499 -1480
-1496 -1492
-1487 -1496
-1475 -1499
-1460 -1499
-1440 -1492
-1421 -1484
-1394 -1472
-1364 -1456
-1335 -1436
-1299 -1413
-1262 -1383
-1214 -1354
-1144 -1292
-1096 -1258
-1047 -1217
-997 -1176
-942 -1132
-885 -1078
-827 -1030
-767 -975
-705 -922
-640 -864
-574 -805
-499 -744
-431 -671
-362 -608
-292 -541
-221 -474
-149 -405
-77 -335
-5 -265
66 -185
138 -113
210 -41
281 31
360 102
429 174
497 245
565 324
631 394
693 463
756 531
818 597
876 662
932 727
987 794
1045 855
1094 912
1142 968
1186 1019
1225 1070
1263 1118
1297 1171
1330 1212
1359 1249
1384 1287
1407 1318
1427 1347
1442 1377
1454 1400
1461 1419
1465 1438
1465 1449
1461 1458
1458 1461
1446 1465
1434 1461
1415 1458
1396 1449
1373 1438
1340 1419
1311 1400
1277 1377
1239 1352
1200 1318
1157 1287
1111 1249
1065 1212
1014 1171
961 1123
905 1076
841 1019
780 968
719 912
655 855
589 794
524 734
454 669
386 597
316 531
245 463
174 394
102 324
22 254
-50 183
-123 102
-194 31
-265 -41
-335 -113
-405 -185
-474 -256
-541 -326
-608 -405
-671 -474
-736 -541
-805 -608
-864 -671
-922 -736
-975 -796
-1030 -864
-1078 -922
-1125 -975
-1173 -1030
-1214 -1078
-1251 -1125
-1289 -1173
-1320 -1217
-1354 -1258
-1379 -1292
-1402 -1325
-1421 -1354
-1440 -1379
-1451 -1402
-1460 -1424
-1463 -1440
-1467 -1451
-1467 -1460
-1460 -1467
-1451 -1467
-1440 -1463
-1421 -1460
-1402 -1448
-1379 -1436
-1354 -1421
-1325 -1402
-1292 -1379
-1258 -1349
-1217 -1320
-1176 -1286
-1132 -1248
-1084 -1207
-1030 -1166
-975 -1120
-922 -1072
-864 -1021
-805 -963
-744 -907
-681 -850
-616 -790
-550 -729
-483 -664
-414 -599
-345 -526
-265 -456
-194 -388
-123 -318
-50 -247
22 -176
94 -104
165 -24
237 48
307 121
377 192
446 263
515 333
589 403
655 481
719 548
780 614
841 679
898 742
952 803
1009 862
1058 927
1106 981
1152 1033
1196 1082
1239 1130
1277 1174
1311 1215
1340 1260
1369 1294
1392 1326
1415 1355
1430 1381
1446 1403
1454 1422
1461 1438
1465 1449
1465 1461
1461 1465
1454 1465
1442 1461
1427 1458
1407 1446
1388 1434
1362 1415
1333 1396
1304 1373
1270 1344
1232 1315
1186 1284
1142 1239
1094 1200
1045 1157
995 1111
940 1065
883 1014
825 961
765 898
703 841
638 780
565 719
497 655
429 589
360 524
290 446
219 377
147 307
75 237
3 165
-68 94
-140 22
-212 -60
-292 -131
-362 -203
-431 -274
-499 -345
-567 -414
-633 -483
-695 -557
-758 -625
-820 -688
-878 -750
-934 -811
-997 -871
-1047 -929
-1096 -989
-1144 -1041
-1188 -1089
-1227 -1138
-1265 -1182
-1299 -1224
-1332 -1262
-1361 -1299
-1386 -1332
-1409 -1361
-1429 -1386
-1444 -1409
-1456 -1429
-1463 -1440
-1467 -1456
-1467 -1463
-1463 -1467
-1460 -1467
-1448 -1463
-1436 -1460
-1417 -1448
-1394 -1432
-1371 -1417
-1342 -1394
-1313 -1371
-1279 -1342
-1241 -1313
-1202 -1279
-1159 -1241
-1113 -1198
-1067 -1154
-1016 -1108
-963 -1060
-900 -1011
-843 -954
-782 -900
-721 -833
-657 -775
-591 -712
-526 -649
-456 -584
-388 -517
-318 -448
-247 -371
-176 -300
-96 -229
-24 -159
48 -87
121 -14
192 58
263 138
333 210
403 281
472 351
539 420
606 488
679 555
742 631
803 693
862 756
920 818
973 876
1028 932
1076 987
1123 1045
1171 1094
1212 1142
1249 1186
1290 1225
1323 1263
1352 1297
1377 1333
1400 1362
1419 1388
1438 1407
1449 1427
1458 1442
1461 1454
1465 1461
1465 1465
1458 1465
1449 1461
1438 1454
1419 1446
1400 1430
1377 1411
1352 1388
1323 1366
1290 1337
1256 1308
1215 1273
1174 1236
1123 1196
1076 1145
1028 1099
973 1053
920 1000
862 947
803 891
742 831
679 765
614 703
548 638
481 572
403 507
333 437
263 369
192 290
121 219
48 147
-24 75
-96 3
-167 -68
-239 -140
-309 -221
-379 -292
-456 -362
-526 -431
-591 -499
-657 -567
-721 -633
-782 -705
-843 -767
-900 -827
-954 -885
-1011 -942
-1060 -997
-1108 -1047
-1159 -1101
-1202 -1147
-1241 -1192
-1279 -1234
-1313 -1272
-1342 -1306
-1371 -1335
-1394 -1368
-1417 -1390
-1432 -1413
-1448 -1432
-1456 -1444
-1463 -1456
-1467 -1463
-1467 -1467
-1463 -1467
-1456 -1463
-1444 -1456
-1429 -1444
-1409 -1432
-1390 -1413
-1364 -1390
-1335 -1364
-1306 -1335
-1265 -1306
-1227 -1272
-1188 -1234
-1144 -1192
-1096 -1147
-1047 -1096
-997 -1047
-942 -997
-885 -942
-827 -885
-767 -827
-701 -767
-633 -695
-567 -633
-499 -567
-431 -499
-362 -431
-292 -362
-221 -292
-149 -212
-77 -140
-5 -68
66 3
147 75
219 147
290 219
360 298
429 369
497 437
565 507
631 572
693 638
756 703
818 773
876 831
940 891
995 947
1045 1000
1094 1053
1142 1099
1186 1152
1225 1196
1263 1236
1297 1273
1330 1308
1359 1337
1384 1366
1407 1392
1427 1415
1442 1430
1454 1446
1461 1454
1465 1461
1465 1465
1461 1465
1458 1461
1446 1454
1434 1442
1415 1427
1392 1407
1369 1388
1340 1359
1311 1330
1277 1297
1239 1263
1200 1225
1157 1186
1111 1142
1065 1094
1014 1039
952 987
898 932
841 876
780 818
719 756
655 693
589 623
524 555
454 488
386 420
316 351
237 281
165 210
94 129
22 58
-50 -14
-123 -87
-194 -159
-265 -229
-335 -300
-405 -379
-474 -448
-541 -517
-616 -584
-681 -649
-744 -712
-805 -775
-864 -843
-922 -900
-975 -954
-1030 -1011
-1078 -1060
-1125 -1108
-1173 -1154
-1214 -1202
-1258 -1241
-1292 -1279
-1325 -1313
-1354 -1342
-1379 -1371
-1402 -1394
-1421 -1417
-1440 -1436
-1451 -1448
-1460 -1460
-1463 -1463
-1467 -1467
-1463 -1467
-1460 -1463
-1451 -1451
-1440 -1440
-1421 -1429
-1402 -1409
-1379 -1386
-1354 -1361
-1325 -1328
-1292 -1296
-1258 -1262
-1214 -1224
-1173 -1182
-1125 -1138
-1078 -1089
-1030 -1041
-975 -983
-922 -929
-864 -871
-805 -811
-744 -750
-681 -688
-616 -625
-541 -550
-474 -483
-405 -414
-335 -345
-265 -274
-194 -203
-123 -131
-50 -50
22 22
94 94
165 165
245 237
316 307
386 377
454 454
524 524
589 589
655 655
719 719
780 780
841 841
898 905
952 961
1014 1014
1065 1065
1111 1111
1157 1157
1200 1200
1239 1246
1277 1284
1311 1315
1340 1344
1369 1373
1392 1396
1415 1415
1434 1434
1446 1446
1458 1458
1461 1461
1465 1465
1465 1465
1461 1461
1454 1449
1442 1438
1427 1422
1407 1403
1388 1381
1359 1355
1330 1326
1297 1290
1263 1256
1225 1215
1186 1174
1142 1130
1094 1082
1045 1033
995 981
940 920
883 862
818 803
756 742
693 679
631 614
565 548
497 472
429 403
360 333
290 263
219 192
147 121
75 48
-5 -33
-77 -104
-149 -176
-221 -247
-292 -318
-362 -388
-431 -456
-499 -533
-567 -599
-633 -664
-695 -729
-758 -790
-827 -850
-885 -907
-942 -970
-997 -1021
-1047 -1072
-1096 -1120
-1144 -1166
-1188 -1207
-1227 -1248
-1265 -1289
-1299 -1320
-1332 -1349
-1364 -1379
-1390 -1402
-1409 -1421
-1429 -1436
-1444 -1451
-1456 -1460
-1463 -1463
-1467 -1467
-1467 -1467
-1463 -1460
-1460 -1451
-1448 -1440
-1432 -1421
-1417 -1402
-1394 -1379
-1371 -1354
-1342 -1325
-1313 -1292
-1279 -1251
-1241 -1214
-1202 -1173
-1159 -1125
-1113 -1078
-1067 -1030
-1011 -975
-954 -922
-900 -857
-843 -796
-782 -736
-721 -671
-657 -608
-591 -541
-526 -474
-456 -396
-388 -326
-318 -256
-239 -185
-167 -113
-96 -41
-24 31
48 111
121 183
192 254
263 324
333 394
403 463
472 531
548 606
614 669
679 734
742 794
803 855
862 912
920 968
973 1028
1028 1076
1076 1123
1123 1171
1171 1212
1215 1249
1256 1287
1290 1323
1323 1352
1352 1377
1377 1400
1400 1419
1419 1438
1438 1449
1449 1458
1458 1465
1465 1465
1465 1461
1461 1458
1458 1449
1449 1438
1438 1419
1419 1400
1400 1377
1377 1347
1352 1318
1323 1287
1290 1249
1249 1205
1212 1164
1171 1118
1123 1070
1076 1019
1028 968
973 912
920 855
862 788
803 727
742 662
669 597
606 531
539 463
472 394
403 316
333 245
263 174
192 102
121 31
48 -41
-24 -113
-96 -194
-176 -265
-247 -335
-318 -405
-388 -474
-456 -541
-526 -608
-591 -681
-657 -744
-721 -805
-782 -864
-843 -922
-900 -975
-963 -1030
-1016 -1084
-1067 -1132
-1113 -1176
-1159 -1217
-1202 -1258
-1241 -1292
-1279 -1325
-1313 -1357
-1342 -1383
-1371 -1405
-1398 -1424
-1417 -1440
-1436 -1451
-1448 -1460
-1460 -1467
-1463 -1467
-1467 -1463
-1467 -1460
-1463 -1448
-1456 -1436
-1444 -1421
-1429 -1398
-1409 -1375
-1386 -1346
-1361 -1317
-1332 -1286
-1299 -1248
-1265 -1207
-1227 -1159
-1188 -1113
-1144 -1067
-1096 -1016
-1047 -963
-997 -907
-934 -850
-878 -790
-820 -721
-758 -657
-695 -591
-633 -526
-567 -456
-499 -388
-431 -318
-362 -239
-292 -167
-221 -96
-140 -24
-68 48
3 121
75 192
147 272
219 343
290 412
360 481
429 548
497 614
565 679
631 748
703 809
765 869
825 927
883 981
940 1033
995 1082
1045 1136
1094 1180
1142 1222
1186 1260
1225 1294
1263 1326
1304 1355
1333 1384
1362 1407
1388 1427
1407 1438
1427 1449
1442 1461
1454 1465
1461 1465
1465 1461
1465 1458
1461 1446
1454 1434
1446 1415
1430 1396
1415 1369
1392 1340
1369 1311
1340 1277
1311 1239
1277 1200
1239 1157
1200 1106
1157 1058
1106 1009
1058 952
1009 898
952 841
898 780
841 719
780 647
719 582
655 515
589 446
524 377
454 307
377 237
307 157
237 85
165 12
94 -60
22 -131
-50 -203
-123 -274
-194 -353
-265 -422
-335 -490
-405 -557
-483 -625
-550 -688
-616 -750
-681 -820
-744 -878
-805 -934
-864 -989
-922 -1041
-975 -1089
-1030 -1138
-1078 -1188
-1125 -1227
-1176 -1265
-1217 -1299
-1258 -1332
-1292 -1361
-1325 -1386
-1354 -1409
-1379 -1429
-1402 -1444
-1421 -1456
-1440 -1463
-1451 -1467
-1460 -1467
-1467 -1463
-1467 -1456
-1463 -1448
-1460 -1432
-1451 -1417
-1440 -1394
-1421 -1371
-1402 -1339
-1379 -1310
-1354 -1275
-1325 -1238
-1289 -1198
-1251 -1154
-1214 -1108
-1173 -1055
-1125 -1002
-1078 -949
-1030 -893
-975 -833
-922 -775
-864 -712
-805 -649
-741 -574
-671 -509
-608 -439
-541 -371
-474 -300
-405 -229
-335 -159
-265 -77
-194 -5
-123 66
-50 138
22 210
102 281
174 351
245 429
316 497
386 565
454 631
524 693
589 756
655 818
719 883
780 940
848 995
905 1045
961 1094
1014 1142
1065 1186
1111 1232
1157 1270
1200 1304
1239 1333
1277 1362
1311 1388
1340 1407
1373 1430
1396 1442
1415 1454
1434 1461
1446 1465
1458 1465
1461 1461
1465 1454
1465 1442
1461 1430
1454 1411
1442 1388
1427 1366
1407 1337
1384 1304
1359 1270
1330 1232
1297 1190
1263 1145
1225 1099
1186 1053
1142 995
1094 940
1039 883
987 825
932 765
876 703
818 638
756 572
693 497
631 429
565 360
497 290
429 219
360 147
281 75
210 -5
138 -77
66 -149
-5 -221
-77 -292
-149 -362
-221 -431
-292 -509
-362 -574
-431 -640
-499 -705
-574 -767
-640 -827
-705 -885
-767 -949
-827 -1002
-885 -1055
-942 -1101
-997 -1147
-1047 -1192
-1096 -1234
-1144 -1275
-1192 -1310
-1234 -1339
-1272 -1368
-1306 -1390
-1335 -1413
-1364 -1432
-1390 -1448
-1409 -1456
-1429 -1463
-1444 -1467
-1456 -1467
-1463 -1463
-1467 -1456
-1467 -1444
-1463 -1429
-1456 -1409
-1448 -1390
-1432 -1364
-1417 -1335
-1394 -1306
-1371 -1265
-1342 -1227
-1313 -1188
-1279 -1144
-1238 -1096
-1198 -1047
-1154 -997
-1108 -934
-1060 -878
-1011 -820
-954 -758
-900 -695
-843 -633
-782 -567
-721 -499
-657 -422
-591 -353
-506 -277
-439 -207
-371 -137
-302 -67
-234 3
-164 73
-94 145
-23 222
48 292
118 360
188 428
266 495
335 560
403 624
471 688
536 748
601 814
664 871
727 927
785 978
843 1031
900 1076
952 1121
1011 1164
1058 1205
1106 1246
1149 1280
1190 1308
1229 1337
1263 1359
1294 1381
1323 1400
1347 1411
1369 1422
1388 1430
1407 1434
1419 1434
1427 1430
1434 1422
1434 1411
1430 1400
1427 1381
1419 1359
1407 1337
1388 1304
1369 1277
1347 1243
1318 1205
1290 1164
1260 1121
1222 1076
1186 1031
1145 978
1099 920
1053 864
1005 807
952 748
900 688
843 624
777 560
719 495
655 428
592 352
527 283
462 214
394 145
326 73
258 3
188 -67
118 -137
48 -207
-32 -285
-102 -354
-172 -422
-242 -488
-311 -555
-379 -620
-447 -681
-514 -743
-579 -803
-644 -866
-705 -922
-765 -975
-832 -1024
-888 -1072
-942 -1120
-994 -1163
-1043 -1202
-1089 -1238
-1135 -1279
-1176 -1306
-1214 -1335
-1251 -1361
-1286 -1379
-1317 -1398
-1346 -1413
-1368 -1424
-1386 -1432
-1405 -1436
-1417 -1436
-1429 -1432
-1432 -1424
-1436 -1417
-1436 -1402
-1432 -1386
-1424 -1364
-1409 -1342
-1398 -1313
-1379 -1282
-1357 -1248
-1332 -1211
-1303 -1173
-1272 -1129
-1238 -1084
-1202 -1038
-1163 -989
-1120 -934
-1067 -873
-1019 -816
-968 -758
-914 -697
-859 -635
-803 -571
-743 -506
-681 -439
-620 -371
-555 -294
-488 -224
-422 -155
-345 -84
-277 -14
-207 56
-137 126
-67 196
3 266
73 343
145 411
214 478
283 543
352 609
428 671
495 732
560 792
624 850
688 912
748 966
807 1017
864 1065
920 1111
973 1154
1022 1196
1070 1232
1121 1266
1164 1301
1205 1330
1243 1355
1277 1377
1304 1396
1333 1407
1359 1419
1377 1430
1396 1434
1411 1434
1422 1430
1430 1427
1434 1415
1434 1403
1430 1384
1422 1366
1415 1344
1400 1315
1384 1287
1362 1249
1340 1212
1311 1174
1280 1133
1246 1087
1209 1041
1171 992
1127 940
1082 886
1036 823
987 763
932 703
879 642
823 577
763 512
695 445
633 377
569 309
504 232
437 162
369 92
300 21
232 -50
162 -120
92 -190
21 -260
-50 -328
-128 -405
-198 -473
-268 -538
-337 -603
-405 -666
-473 -729
-538 -787
-603 -845
-666 -902
-729 -963
-787 -1013
-845 -1060
-910 -1108
-963 -1151
-1013 -1192
-1060 -1231
-1108 -1265
-1151 -1296
-1192 -1328
-1231 -1354
-1265 -1375
-1296 -1394
-1325 -1409
-1349 -1421
-1375 -1429
-1394 -1436
-1409 -1436
-1421 -1432
-1429 -1429
-1436 -1417
-1436 -1405
-1432 -1390
-1429 -1371
-1421 -1349
-1409 -1320
-1390 -1292
-1371 -1262
-1349 -1221
-1320 -1182
-1292 -1141
-1262 -1096
-1224 -1050
-1188 -999
-1147 -949
-1101 -895
-1055 -838
-1007 -773
-954 -712
-895 -650
-838 -587
-779 -521
-721 -456
-657 -388
-594 -319
-529 -251
-464 -172
-396 -102
-328 -32
-260 39
-190 109
-111 179
-41 249
30 317
100 386
170 462
240 527
309 592
377 655
445 719
512 777
577 836
642 893
710 947
771 1005
830 1053
886 1099
940 1145
992 1186
1041 1222
1087 1260
1133 1290
1174 1318
1212 1347
1249 1369
1287 1388
1315 1407
1344 1419
1366 1427
1384 1430
1403 1434
1415 1434
1427 1427
1430 1419
1434 1407
1434 1388
1430 1369
1419 1347
1407 1323
1396 1294
1377 1263
1355 1229
1330 1186
1301 1145
1270 1099
1236 1053
1200 1005
1161 952
1114 900
1065 843
1017 785
966 719
912 655
857 592
801 527
741 462
679 394
618 326
553 258
486 188
411 109
343 39
275 -32
205 -102
135 -172
65 -242
-5 -311
-75 -379
-147 -447
-216 -521
-285 -587
-362 -650
-430 -712
-497 -773
-562 -832
-626 -888
-690 -942
-750 -994
-809 -1050
-866 -1096
-922 -1141
-975 -1182
-1024 -1221
-1078 -1258
-1123 -1289
-1166 -1317
-1207 -1346
-1245 -1371
-1279 -1390
-1306 -1405
-1335 -1417
-1361 -1429
-1379 -1432
-1398 -1436
-1413 -1436
-1424 -1432
-1432 -1421
-1436 -1409
-1436 -1394
-1432 -1375
-1424 -1354
-1417 -1328
-1402 -1299
-1386 -1268
-1364 -1234
-1342 -1198
-1310 -1151
-1282 -1108
-1248 -1060
-1211 -1013
-1173 -963
-1129 -910
-1084 -852
-1038 -794
-989 -734
-934 -666
-881 -603
-825 -538
-758 -473
-697 -405
-635 -337
-571 -268
-506 -198
-439 -128
-371 -50
-302 21
-234 92
-164 162
-94 232
-14 300
56 369
126 437
196 504
266 577
335 642
403 703
471 763
536 823
601 879
664 932
727 987
792 1036
850 1087
908 1133
961 1174
1011 1212
1058 1249
1106 1284
1149 1311
1190 1340
1229 1362
1263 1384
1294 1403
1326 1415
1352 1427
1373 1430
1392 1434
1407 1434
1419 1430
1427 1422
1434 1407
1434 1396
1430 1377
1427 1355
1415 1330
1403 1301
1388 1270
1369 1236
1347 1200
1318 1161
1290 1111
1260 1065
1222 1017
1186 966
1145 912
1099 857
1048 801
997 741
947 679
893 609
836 543
777 478
719 411
655 343
592 275
527 205
462 135
394 65
326 -14
249 -84
179 -155
109 -224
39 -294
-32 -362
-102 -430
-172 -497
-242 -562
-311 -635
-379 -697
-447 -758
-514 -816
-587 -873
-650 -929
-712 -980
-773 -1033
-832 -1078
-888 -1129
-942 -1173
-994 -1211
-1043 -1248
-1089 -1282
-1135 -1310
-1176 -1339
-1221 -1361
-1258 -1383
-1289 -1402
-1317 -1417
-1346 -1424
-1368 -1432
-1386 -1436
-1405 -1436
-1417 -1432
-1429 -1424
-1432 -1413
-1436 -1398
-1436 -1379
-1432 -1361
-1421 -1335
-1409 -1306
-1398 -1279
-1379 -1245
-1357 -1207
-1332 -1166
-1303 -1123
-1272 -1072
-1238 -1024
-1198 -975
-1156 -922
-1113 -866
-1067 -809
-1019 -750
-968 -690
-914 -626
-859 -555
-803 -488
-743 -422
-681 -354
-620 -285
-545 -216
-480 -147
-413 -75
-345 -5
-277 73
-207 145
-137 214
-67 283
3 352
73 420
145 486
214 553
292 618
360 688
428 748
495 807
560 864
624 920
688 973
748 1022
807 1070
864 1118
920 1164
973 1205
1031 1243
1076 1277
1121 1304
1164 1333
1205 1359
1243 1377
1277 1396
1304 1411
1333 1422
1359 1430
1377 1434
1396 1434
1411 1430
1422 1422
1430 1415
1434 1400
1434 1381
1430 1359
1422 1337
1415 1308
1400 1280
1384 1246
1362 1209
1337 1171
1308 1127
1280 1082
1246 1031
1209 978
1171 927
1127 871
1082 814
1036 756
987 695
932 633
879 569
814 495
756 428
695 360
633 292
569 222
504 153
437 82
369 12
300 -58
232 -137
162 -207
82 -277
12 -345
-58 -413
-128 -480
-198 -545
-268 -611
-337 -673
-405 -743
-473 -803
-538 -859
-603 -914
-666 -968
-734 -1019
-794 -1067
-852 -1113
-910 -1156
-963 -1202
-1013 -1238
-1060 -1272
-1108 -1303
-1151 -1332
-1192 -1357
-1231 -1379
-1268 -1398
-1299 -1409
-1328 -1424
-1354 -1432
-1375 -1436
-1394 -1436
-1409 -1432
-1421 -1429
-1429 -1417
-1436 -1405
-1436 -1386
-1432 -1364
-1429 -1342
-1417 -1313
-1405 -1286
-1390 -1251
-1371 -1214
-1349 -1176
-1320 -1135
-1292 -1089
-1262 -1043
-1224 -989
-1188 -934
-1147 -881
-1096 -825
-1050 -765
-999 -705
-949 -644
-895 -579
-838 -514
-779 -439
-721 -371
-657 -302
-594 -234
-529 -164
-456 -94
-388 -23
-319 48
-251 118
-181 196
-111 266
-41 335
30 403
100 471
170 536
240 601
309 664
386 727
454 792
519 850
585 908
648 961
710 1011
771 1058
830 1106
886 1149
940 1190
992 1232
1041 1266
1094 1297
1139 1326
1180 1352
1219 1373
1256 1392
1287 1407
1315 1419
1344 1430
1366 1434
1384 1434
1403 1430
1415 1427
1427 1415
1430 1403
1434 1388
1434 1369
1430 1344
1419 1315
1407 1287
1396 1256
1377 1219
1355 1180
1330 1139
1301 1094
1266 1048
1232 997
1196 940
1154 886
1111 830
1065 771
1017 710
966 648
912 585
857 519
801 454
741 377
671 309
609 240
543 170
478 100
411 30
343 -41
275 -111
205 -181
135 -260
65 -328
-5 -396
-75 -464
-155 -529
-224 -594
-294 -657
-362 -721
-430 -779
-497 -845
-562 -902
-626 -954
-690 -1007
-750 -1055
-809 -1101
-866 -1147
-929 -1188
-980 -1224
-1033 -1265
-1078 -1296
-1123 -1325
-1166 -1349
-1207 -1371
-1245 -1390
-1279 -1409
-1306 -1421
-1335 -1429
-1361 -1436
-1383 -1436
-1402 -1432
