0 0
0 0
0 0
5 90
90 176
176 261
261 345
345 428
428 510
510 591
591 671
671 751
751 825
825 900
900 973
981 1050
1050 1118
1118 1183
1183 1243
1243 1301
1301 1359
1359 1411
1411 1458
1458 1502
1502 1543
1543 1581
1581 1615
1620 1647
1651 1673
1673 1697
1697 1715
1715 1729
1729 1738
1738 1743
1743 1743
1743 1738
1738 1733
1733 1719
1719 1705
1700 1683
1683 1660
1656 1629
1629 1594
1594 1560
1560 1518
1518 1473
1473 1427
1427 1377
1377 1323
1323 1266
1260 1205
1200 1142
1133 1076
1067 1009
1000 927
927 855
855 780
780 701
701 623
623 541
541 459
459 376
365 292
282 207
196 122
111 36
26 -60
-60 -145
-145 -231
-231 -316
-316 -398
-398 -482
-482 -563
-574 -644
-654 -722
-732 -799
-809 -876
-885 -947
-958 -1019
-1026 -1096
-1096 -1159
-1159 -1224
-1224 -1282
-1282 -1339
-1339 -1394
-1398 -1444
-1448 -1487
-1496 -1533
-1537 -1571
-1574 -1605
-1609 -1639
-1639 -1666
-1666 -1689
-1689 -1712
-1712 -1726
-1726 -1735
-1735 -1740
-1745 -1745
-1745 -1745
-1740 -1735
-1735 -1726
-1726 -1712
-1712 -1694
-1689 -1671
-1666 -1644
-1639 -1609
-1609 -1574
-1574 -1537
-1537 -1496
-1487 -1448
-1444 -1398
-1394 -1346
-1339 -1289
-1282 -1231
-1224 -1169
-1159 -1105
-1096 -1035
-1026 -965
-958 -885
-885 -809
-809 -732
-722 -654
-644 -574
-563 -492
-482 -410
-398 -326
-316 -241
-231 -156
-145 -70
-60 15
26 111
111 196
196 282
292 365
376 449
459 531
541 612
623 691
701 768
780 845
855 920
927 990
1000 1058
1067 1133
1133 1200
1205 1260
1266 1315
1323 1369
1377 1422
1427 1470
1473 1514
1518 1555
1560 1589
1594 1625
1629 1651
1656 1678
1683 1700
1705 1719
1719 1729
1733 1738
1738 1743
1743 1743
1743 1738
1738 1729
1729 1715
1715 1700
1697 1678
1673 1651
1651 1625
1615 1586
1581 1552
1543 1509
1502 1465
1458 1415
1411 1362
1359 1308
1301 1253
1243 1190
1183 1127
1118 1058
1050 990
973 920
900 836
825 758
751 681
671 602
591 520
510 439
428 355
345 271
261 186
176 101
90 15
-7 -70
-92 -167
-178 -251
-263 -336
-347 -420
-430 -502
-512 -584
-593 -663
-673 -743
-753 -818
-827 -893
-912 -965
-983 -1035
-1052 -1105
-1120 -1176
-1185 -1238
-1245 -1296
-1303 -1354
-1361 -1405
-1413 -1456
-1460 -1499
-1504 -1540
-1545 -1579
-1588 -1613
-1622 -1644
-1653 -1671
-1675 -1694
-1699 -1712
-1717 -1726
-1731 -1740
-1740 -1745
-1745 -1745
-1745 -1740
-1740 -1735
-1731 -1721
-1721 -1707
-1702 -1689
-1685 -1666
-1658 -1639
-1631 -1605
-1596 -1566
-1562 -1528
-1520 -1484
-1475 -1436
-1429 -1386
-1379 -1332
-1317 -1275
-1262 -1214
-1202 -1154
-1135 -1087
-1069 -1019
-1002 -947
-929 -876
-857 -790
-782 -712
-703 -633
-625 -553
-533 -471
-451 -388
-367 -304
-284 -220
-198 -135
-113 -49
-28 36
58 119
143 213
229 295
314 377
396 459
490 539
572 618
652 695
730 771
807 845
883 917
956 987
1024 1053
1094 1118
1157 1186
1222 1246
1280 1301
1344 1355
1396 1403
1446 1449
1494 1494
1535 1531
1572 1564
1607 1598
1637 1625
1664 1647
1687 1669
1710 1683
1724 1697
1733 1700
1743 1705
1743 1705
1738 1700
1733 1687
1724 1673
1710 1660
1687 1637
1664 1611
1637 1581
1607 1547
1569 1506
1531 1465
1485 1422
1442 1373
1392 1323
1337 1266
1280 1209
1222 1149
1157 1085
1094 1019
1024 952
956 881
874 807
797 724
720 647
642 569
561 488
480 408
396 327
314 244
229 162
143 78
58 -7
-28 -90
-124 -174
-209 -267
-294 -349
-378 -431
-461 -511
-543 -591
-625 -668
-703 -744
-782 -820
-857 -893
-929 -963
-1002 -1030
-1078 -1096
-1144 -1159
-1207 -1227
-1268 -1282
-1325 -1335
-1379 -1386
-1429 -1436
-1475 -1480
-1520 -1520
-1562 -1554
-1596 -1588
-1631 -1617
-1662 -1639
-1685 -1662
-1707 -1680
-1721 -1694
-1735 -1702
-1740 -1707
-1745 -1707
-1745 -1702
-1740 -1694
-1731 -1685
-1717 -1666
-1699 -1649
-1675 -1622
-1649 -1596
-1617 -1562
-1583 -1528
-1545 -1484
-1504 -1440
-1460 -1394
-1413 -1342
-1361 -1289
-1303 -1234
-1245 -1176
-1185 -1111
-1111 -1047
-1043 -980
-975 -910
-902 -838
-827 -765
-753 -679
-673 -601
-593 -521
-512 -441
-430 -360
-347 -278
-263 -195
-167 -111
-82 -27
5 56
90 140
176 224
261 317
345 399
428 480
510 560
591 638
671 715
754 790
836 864
910 935
981 1003
1050 1070
1118 1133
1183 1196
1243 1260
1301 1315
1359 1366
1411 1415
1458 1461
1509 1502
1552 1538
1586 1572
1620 1603
1651 1629
1673 1651
1697 1673
1715 1687
1729 1697
1738 1705
1743 1705
1743 1700
1738 1697
1729 1687
1719 1673
1700 1651
1683 1629
1656 1603
1629 1572
1594 1538
1560 1502
1518 1454
1473 1411
1427 1362
1369 1308
1315 1253
1260 1196
1200 1133
1133 1070
1067 1003
1000 935
927 864
855 790
780 715
701 628
623 549
531 469
449 388
365 307
282 224
196 140
111 56
26 -27
-60 -111
-145 -195
-231 -278
-316 -369
-410 -451
-492 -531
-574 -611
-654 -688
-732 -765
-809 -838
-885 -910
-958 -980
-1026 -1047
-1096 -1111
-1159 -1176
-1231 -1234
-1289 -1296
-1346 -1349
-1398 -1398
-1448 -1444
-1496 -1487
-1537 -1528
-1574 -1562
-1609 -1596
-1639 -1622
-1666 -1649
-1689 -1666
-1712 -1685
-1726 -1694
-1735 -1702
-1745 -1707
-1745 -1707
-1740 -1702
-1735 -1694
-1726 -1680
-1712 -1662
-1689 -1639
-1666 -1617
-1639 -1588
-1605 -1554
-1571 -1520
-1533 -1480
-1487 -1429
-1444 -1383
-1394 -1332
-1339 -1275
-1282 -1217
-1224 -1159
-1159 -1096
-1096 -1030
-1019 -963
-947 -893
-876 -820
-799 -744
-722 -668
-644 -580
-563 -502
-482 -420
-398 -340
-316 -256
-231 -174
-145 -90
-49 -7
36 78
122 162
207 239
292 321
376 410
459 488
541 566
623 643
701 719
780 790
855 862
937 932
1009 997
1076 1062
1142 1123
1205 1183
1266 1239
1323 1301
1377 1352
1427 1396
1473 1438
1518 1478
1564 1514
1598 1547
1633 1577
1660 1603
1683 1625
1705 1637
1719 1651
1733 1664
1738 1669
1743 1669
1743 1664
1738 1660
1724 1647
1710 1633
1697 1611
1673 1589
1647 1564
1615 1531
1581 1497
1543 1461
1502 1419
1458 1366
1411 1318
1359 1266
1294 1212
1236 1154
1174 1094
1109 1031
1041 966
973 898
900 828
825 754
751 681
671 604
591 517
510 440
418 360
334 280
249 198
165 117
80 34
-7 -47
-92 -128
-178 -210
-263 -292
-347 -372
-430 -461
-512 -540
-604 -616
-683 -692
-760 -765
-838 -838
-912 -907
-983 -975
-1052 -1041
-1120 -1105
-1185 -1163
-1245 -1221
-1303 -1275
-1361 -1335
-1417 -1383
-1467 -1424
-1511 -1467
-1554 -1504
-1588 -1537
-1622 -1571
-1653 -1596
-1675 -1617
-1699 -1635
-1717 -1649
-1731 -1662
-1740 -1666
-1745 -1671
-1745 -1671
-1740 -1662
-1731 -1653
-1721 -1639
-1702 -1622
-1685 -1600
-1658 -1574
-1631 -1545
-1596 -1511
-1562 -1475
-1520 -1436
-1472 -1394
-1424 -1339
-1371 -1289
-1317 -1234
-1262 -1178
-1202 -1120
-1135 -1058
-1069 -992
-1002 -924
-929 -854
-857 -784
-782 -711
-693 -635
-614 -559
-533 -471
-451 -393
-367 -312
-284 -231
-198 -149
-113 -68
-28 15
58 96
143 178
229 259
324 340
408 420
490 508
572 587
652 662
730 736
807 809
883 881
956 947
1024 1014
1094 1079
1157 1139
1229 1200
1287 1253
1344 1304
1396 1362
1446 1407
1494 1449
1535 1490
1572 1522
1607 1555
1637 1581
1664 1607
1692 1629
1710 1642
1724 1656
1733 1664
1743 1669
1743 1669
1738 1664
1733 1656
1724 1642
1710 1629
1687 1607
1664 1581
1637 1555
1603 1522
1569 1490
1531 1449
1485 1407
1442 1362
1392 1304
1337 1253
1280 1200
1222 1139
1157 1079
1085 1014
1017 947
945 881
874 809
797 736
720 662
642 587
561 508
480 420
396 340
314 259
229 178
133 96
47 15
-38 -68
-124 -149
-209 -231
-294 -312
-378 -393
-461 -471
-543 -559
-625 -635
-703 -711
-790 -784
-866 -854
-939 -924
-1011 -992
-1078 -1058
-1144 -1120
-1207 -1178
-1268 -1234
-1325 -1289
-1379 -1339
-1429 -1394
-1475 -1436
-1528 -1475
-1566 -1511
-1600 -1545
-1635 -1574
-1662 -1600
-1685 -1622
-1707 -1639
-1721 -1653
-1735 -1662
-1740 -1671
-1745 -1671
-1745 -1666
-1740 -1662
-1726 -1649
-1712 -1635
-1699 -1617
-1675 -1596
-1649 -1571
-1617 -1537
-1583 -1504
-1545 -1467
-1504 -1424
-1460 -1383
-1405 -1335
-1354 -1275
-1296 -1221
-1238 -1163
-1176 -1105
-1111 -1041
-1043 -975
-975 -907
-902 -838
-827 -765
-753 -692
-673 -616
-584 -540
-502 -461
-420 -372
-336 -292
-251 -210
-167 -128
-82 -47
5 34
90 117
176 198
261 280
345 360
439 430
520 507
602 591
681 666
758 739
836 809
910 879
981 945
1050 1009
1118 1070
1183 1130
1243 1186
1308 1239
1362 1290
1415 1337
1465 1388
1509 1430
1552 1465
1586 1497
1620 1531
1651 1555
1673 1577
1697 1598
1715 1611
1729 1625
1738 1629
1743 1633
1743 1633
1738 1629
1729 1615
1719 1603
1700 1589
1683 1569
1656 1543
1629 1514
1594 1482
1555 1446
1514 1407
1470 1366
1422 1323
1369 1273
1315 1212
1260 1157
1200 1099
1133 1039
1067 976
1000 912
927 843
845 773
768 703
691 630
612 554
531 478
449 401
365 314
282 234
196 155
111 75
26 -6
-60 -86
-156 -166
-241 -246
-326 -325
-410 -403
-492 -480
-574 -556
-654 -640
-732 -712
-809 -786
-885 -854
-958 -922
-1026 -986
-1105 -1050
-1169 -1111
-1231 -1166
-1289 -1221
-1346 -1275
-1398 -1325
-1448 -1368
-1496 -1417
-1537 -1456
-1574 -1487
-1609 -1520
-1639 -1549
-1671 -1571
-1694 -1591
-1712 -1609
-1726 -1622
-1735 -1631
-1745 -1635
-1745 -1635
-1740 -1631
-1735 -1622
-1726 -1613
-1712 -1596
-1689 -1579
-1666 -1554
-1639 -1528
-1605 -1496
-1571 -1463
-1533 -1424
-1487 -1383
-1444 -1339
-1394 -1292
-1339 -1241
-1282 -1182
-1224 -1125
-1154 -1064
-1087 -1002
-1019 -939
-947 -871
-876 -803
-799 -732
-722 -659
-644 -585
-563 -509
-482 -432
-398 -354
-316 -266
-220 -186
-135 -106
-49 -26
36 54
122 135
207 214
292 293
376 372
459 449
541 526
623 601
705 684
788 756
864 828
937 895
1009 961
1076 1024
1142 1085
1205 1145
1266 1200
1323 1253
1377 1304
1427 1352
1482 1392
1526 1438
1564 1473
1598 1506
1633 1535
1660 1560
1683 1581
1705 1603
1719 1615
1733 1625
1738 1629
1743 1633
1743 1633
1738 1625
1724 1615
1710 1603
1697 1581
1673 1560
1647 1535
1615 1506
1581 1473
1543 1438
1502 1400
1454 1355
1403 1308
1352 1260
1294 1205
1236 1145
1174 1085
1109 1024
1041 961
973 895
900 828
825 756
751 684
661 611
582 536
500 459
418 382
334 303
249 214
165 135
80 54
-7 -26
-92 -106
-178 -186
-273 -266
-357 -345
-441 -422
-522 -499
-604 -576
-683 -650
-760 -732
-838 -803
-912 -871
-983 -939
-1052 -1002
-1120 -1064
-1192 -1125
-1255 -1182
-1310 -1234
-1364 -1286
-1417 -1335
-1467 -1379
-1511 -1421
-1554 -1463
-1588 -1496
-1622 -1528
-1653 -1554
-1675 -1579
-1702 -1596
-1717 -1613
-1731 -1622
-1740 -1631
-1745 -1635
-1745 -1635
-1740 -1631
-1731 -1622
-1721 -1609
-1702 -1591
-1685 -1571
-1653 -1549
-1627 -1520
-1591 -1487
-1557 -1456
-1516 -1417
-1472 -1375
-1424 -1328
-1371 -1279
-1317 -1227
-1262 -1176
-1202 -1111
-1135 -1050
-1060 -986
-992 -922
-922 -854
-847 -786
-770 -712
-693 -640
-614 -567
-533 -490
-451 -413
-367 -335
-284 -256
-198 -166
-103 -86
-17 -6
68 75
154 155
239 234
324 314
408 391
490 468
572 545
652 606
730 679
807 756
883 825
942 874
1011 935
1079 995
1142 1053
1202 1109
1260 1161
1315 1212
1366 1266
1415 1308
1461 1347
1502 1384
1543 1419
1577 1449
1607 1478
1633 1502
1656 1522
1673 1538
1687 1552
1697 1560
1705 1564
1705 1564
1700 1560
1697 1555
1683 1543
1669 1531
1651 1509
1629 1485
1603 1461
1569 1430
1535 1400
1497 1362
1454 1323
1411 1280
1362 1236
1308 1180
1246 1130
1186 1076
1127 1017
1062 958
995 898
925 831
855 767
780 700
705 630
628 549
549 476
469 402
377 328
295 253
213 176
130 100
46 23
-38 -53
-121 -140
-205 -217
-287 -292
-369 -367
-451 -442
-531 -516
-620 -587
-697 -657
-773 -726
-847 -801
-919 -866
-989 -929
-1055 -992
-1120 -1050
-1182 -1105
-1241 -1156
-1296 -1207
-1349 -1255
-1405 -1306
-1451 -1346
-1496 -1383
-1533 -1417
-1566 -1448
-1600 -1475
-1627 -1499
-1649 -1520
-1671 -1537
-1685 -1549
-1699 -1562
-1702 -1566
-1707 -1566
-1707 -1562
-1702 -1557
-1689 -1545
-1675 -1533
-1662 -1516
-1639 -1492
-1613 -1467
-1583 -1436
-1549 -1405
-1511 -1371
-1467 -1332
-1424 -1289
-1375 -1245
-1325 -1195
-1268 -1138
-1211 -1084
-1151 -1026
-1087 -968
-1021 -907
-954 -843
-883 -777
-809 -709
-726 -640
-649 -568
-571 -487
-490 -414
-410 -340
-329 -263
-246 -188
-164 -111
-80 -34
5 42
88 119
182 205
265 281
347 356
429 430
509 504
589 575
666 647
742 715
818 784
891 857
961 920
1028 981
1103 1039
1164 1097
1225 1149
1280 1200
1333 1249
1384 1294
1434 1340
1478 1377
1518 1411
1552 1442
1586 1470
1615 1494
1642 1514
1664 1535
1678 1547
1692 1555
1700 1564
1705 1564
1705 1560
1700 1555
1692 1547
1683 1535
1664 1514
1642 1494
1615 1470
1589 1438
1555 1407
1522 1373
1482 1333
1438 1294
1392 1249
1340 1200
1287 1149
1232 1087
1174 1033
1103 973
1036 912
968 848
900 784
828 715
753 647
677 575
599 504
519 421
439 346
358 271
265 195
182 119
99 42
15 -34
-69 -111
-152 -188
-236 -273
-319 -348
-401 -423
-482 -497
-562 -568
-640 -640
-726 -709
-801 -777
-873 -843
-944 -914
-1013 -975
-1081 -1035
-1144 -1089
-1204 -1144
-1262 -1195
-1317 -1245
-1368 -1289
-1417 -1332
-1467 -1375
-1508 -1409
-1545 -1440
-1579 -1472
-1609 -1496
-1635 -1516
-1658 -1533
-1675 -1545
-1689 -1557
-1699 -1562
-1707 -1566
-1707 -1566
-1702 -1557
-1699 -1549
-1685 -1537
-1671 -1520
-1653 -1499
-1631 -1475
-1605 -1444
-1571 -1413
-1537 -1379
-1499 -1342
-1456 -1299
-1413 -1255
-1357 -1207
-1303 -1156
-1248 -1105
-1188 -1041
-1129 -983
-1064 -922
-997 -859
-927 -794
-857 -726
-782 -657
-707 -587
-630 -516
-541 -442
-461 -358
-379 -283
-297 -207
-215 -130
-132 -53
-48 23
36 100
119 176
203 253
285 338
367 412
459 485
539 558
618 630
695 700
771 767
845 814
917 879
987 945
1053 1003
1118 1058
1180 1111
1239 1161
1301 1209
1355 1253
1403 1294
1449 1333
1494 1373
1531 1403
1564 1434
1598 1458
1625 1478
1647 1497
1669 1509
1683 1522
1697 1526
1700 1531
1705 1531
1705 1526
1700 1514
1687 1502
1673 1490
1660 1470
1637 1446
1611 1419
1581 1384
1547 1352
1506 1315
1465 1277
1422 1232
1373 1186
1323 1136
1266 1085
1209 1031
1149 968
1085 908
1019 845
952 782
881 717
799 650
724 580
647 510
569 439
488 367
408 284
327 210
244 135
162 60
78 -15
-7 -90
-96 -165
-184 -239
-267 -314
-349 -396
-431 -468
-511 -540
-591 -609
-668 -678
-744 -744
-820 -809
-893 -871
-963 -932
-1038 -997
-1105 -1055
-1166 -1108
-1227 -1156
-1282 -1204
-1335 -1251
-1386 -1292
-1436 -1332
-1480 -1368
-1520 -1402
-1554 -1432
-1591 -1456
-1617 -1480
-1644 -1496
-1666 -1511
-1680 -1520
-1694 -1528
-1702 -1533
-1707 -1533
-1707 -1528
-1702 -1520
-1694 -1508
-1685 -1492
-1666 -1472
-1644 -1451
-1617 -1424
-1591 -1394
-1557 -1357
-1524 -1320
-1484 -1282
-1440 -1241
-1394 -1195
-1342 -1144
-1289 -1093
-1227 -1041
-1166 -983
-1105 -917
-1038 -857
-970 -792
-902 -726
-830 -661
-755 -591
-679 -521
-601 -451
-521 -378
-441 -304
-349 -221
-267 -147
-184 -72
-101 3
-17 79
67 154
150 229
234 302
317 376
399 457
480 529
560 597
647 666
724 734
799 799
871 862
942 922
1011 981
1079 1045
1142 1099
1202 1149
1260 1196
1315 1243
1373 1287
1422 1326
1465 1362
1506 1392
1543 1427
1577 1449
1607 1473
1633 1494
1656 1506
1673 1518
1687 1526
1697 1531
1705 1531
1705 1526
1700 1518
1697 1506
1683 1494
1669 1473
1651 1449
1629 1427
1603 1396
1569 1366
1535 1326
1497 1287
1449 1243
1403 1196
1355 1149
1301 1099
1246 1045
1186 990
1127 930
1062 862
995 799
925 734
855 666
771 597
695 529
618 457
539 385
459 312
377 237
295 154
213 79
130 3
46 -72
-38 -147
-121 -221
-215 -295
-297 -369
-379 -441
-461 -521
-541 -591
-620 -661
-697 -726
-773 -792
-847 -857
-919 -917
-989 -975
-1055 -1033
-1120 -1093
-1188 -1144
-1248 -1195
-1303 -1241
-1357 -1282
-1405 -1320
-1451 -1357
-1496 -1390
-1533 -1421
-1566 -1451
-1600 -1472
-1627 -1492
-1649 -1508
-1671 -1520
-1685 -1528
-1699 -1533
-1702 -1533
-1707 -1528
-1707 -1520
-1702 -1511
-1689 -1496
-1675 -1480
-1662 -1456
-1639 -1432
-1613 -1402
-1579 -1371
-1545 -1335
-1508 -1292
-1467 -1251
-1424 -1204
-1375 -1156
-1325 -1108
-1268 -1055
-1211 -997
-1151 -939
-1087 -881
-1013 -809
-944 -744
-873 -678
-801 -609
-726 -540
-649 -468
-571 -396
-490 -323
-410 -249
-329 -174
-246 -90
-164 -15
-69 60
15 135
99 210
182 284
265 358
347 430
429 502
509 580
589 650
666 717
742 782
818 845
900 908
968 968
1036 1003
1103 1056
1164 1111
1225 1161
1280 1205
1333 1249
1384 1287
1434 1323
1478 1355
1518 1384
1555 1411
1589 1438
1615 1458
1642 1470
1664 1482
1678 1494
1692 1497
1700 1497
1705 1494
1705 1490
1700 1478
1692 1465
1678 1446
1664 1427
1642 1403
1615 1373
1589 1344
1555 1311
1522 1273
1482 1225
1438 1183
1392 1136
1340 1087
1287 1036
1225 981
1164 925
1103 866
1036 805
968 734
900 669
828 602
753 534
677 464
599 394
519 323
429 251
347 178
265 104
182 22
99 -51
15 -125
-69 -198
-152 -271
-236 -343
-319 -414
-401 -485
-482 -553
-571 -630
-649 -695
-726 -760
-801 -823
-873 -883
-944 -942
-1013 -997
-1081 -1052
-1144 -1101
-1204 -1156
-1262 -1202
-1325 -1245
-1375 -1286
-1424 -1320
-1467 -1354
-1508 -1383
-1545 -1409
-1579 -1432
-1609 -1456
-1635 -1472
-1658 -1484
-1675 -1492
-1689 -1499
-1702 -1499
-1707 -1496
-1707 -1492
-1702 -1484
-1699 -1467
-1685 -1451
-1671 -1432
-1653 -1409
-1631 -1379
-1605 -1349
-1571 -1317
-1533 -1279
-1496 -1241
-1451 -1192
-1405 -1144
-1357 -1096
-1303 -1043
-1248 -992
-1188 -934
-1129 -876
-1064 -814
-997 -753
-927 -679
-847 -613
-773 -544
-697 -475
-620 -405
-541 -333
-461 -261
-379 -189
-297 -116
-215 -43
-132 41
-48 114
36 187
130 259
213 331
295 403
377 473
459 542
539 611
618 684
695 751
771 812
845 874
917 932
995 990
1062 1041
1127 1094
1186 1142
1246 1196
1301 1239
1355 1277
1403 1315
1449 1347
1494 1377
1531 1407
1564 1430
1603 1449
1629 1470
1651 1482
1669 1490
1683 1494
1697 1497
1700 1497
1705 1490
1705 1482
1700 1470
1687 1449
1673 1430
1656 1407
1633 1381
1607 1352
1577 1318
1543 1284
1506 1243
1465 1200
1422 1149
1373 1099
1323 1050
1266 995
1209 940
1142 881
1079 821
1011 758
942 693
871 619
799 551
724 483
647 412
569 341
488 269
408 196
327 123
234 49
150 -24
67 -106
-17 -180
-101 -253
-184 -325
-267 -396
-349 -466
-431 -536
-511 -604
-591 -671
-668 -744
-755 -807
-830 -868
-902 -927
-970 -983
-1038 -1038
-1105 -1089
-1166 -1138
-1227 -1185
-1282 -1234
-1335 -1275
-1386 -1313
-1436 -1346
-1484 -1375
-1524 -1405
-1557 -1429
-1591 -1448
-1617 -1467
-1644 -1480
-1666 -1492
-1680 -1496
-1694 -1499
-1702 -1499
-1707 -1496
-1707 -1484
-1702 -1472
-1694 -1460
-1680 -1436
-1666 -1413
-1644 -1386
-1617 -1357
-1591 -1325
-1557 -1289
-1524 -1251
-1484 -1207
-1440 -1163
-1394 -1108
-1335 -1058
-1282 -1005
-1227 -949
-1166 -890
-1105 -830
-1038 -767
-970 -703
-902 -638
-830 -562
-755 -493
-679 -423
-601 -352
-511 -280
-431 -207
-349 -135
-267 -61
-184 13
-101 87
-17 169
67 242
150 314
234 385
317 456
399 526
488 594
569 661
647 727
724 797
799 859
871 917
942 973
1011 1031
1079 1082
1142 1130
1202 1152
1260 1196
1323 1239
1373 1277
1422 1311
1465 1340
1506 1369
1543 1392
1577 1415
1607 1430
1633 1446
1656 1458
1673 1461
1687 1465
1700 1465
1705 1461
1705 1454
1700 1442
1697 1427
1683 1407
1669 1384
1651 1359
1629 1330
1603 1297
1564 1263
1531 1225
1494 1186
1449 1142
1403 1094
1355 1039
1301 987
1246 932
1186 876
1127 818
1062 756
995 693
917 631
845 565
771 488
695 420
618 351
539 281
459 210
377 138
295 66
213 -5
130 -77
36 -149
-48 -229
-132 -300
-215 -371
-297 -439
-379 -509
-461 -574
-541 -640
-620 -705
-697 -767
-773 -833
-847 -893
-927 -949
-997 -1002
-1064 -1055
-1129 -1101
-1188 -1147
-1248 -1192
-1303 -1234
-1357 -1275
-1405 -1310
-1451 -1339
-1496 -1368
-1533 -1390
-1571 -1413
-1605 -1432
-1631 -1444
-1653 -1456
-1671 -1463
-1685 -1467
-1699 -1467
-1702 -1463
-1707 -1456
-1707 -1444
-1702 -1432
-1689 -1413
-1675 -1390
-1658 -1364
-1635 -1335
-1609 -1306
-1579 -1272
-1545 -1234
-1508 -1192
-1467 -1147
-1424 -1101
-1375 -1055
-1325 -997
-1262 -942
-1204 -885
-1144 -827
-1081 -767
-1013 -705
-944 -640
-873 -574
-801 -509
-726 -431
-649 -362
-571 -292
-490 -221
-401 -149
-319 -77
-236 -5
-152 66
-69 138
15 210
99 290
182 360
265 429
347 497
429 565
519 631
599 693
677 756
753 818
828 883
900 940
968 995
1036 1045
1103 1094
1164 1142
1225 1186
1280 1225
1333 1263
1392 1304
1438 1333
1482 1362
1522 1388
1555 1407
1589 1427
1615 1442
1642 1454
1664 1461
1678 1465
1692 1465
1700 1461
1705 1454
1705 1446
1700 1430
1692 1415
1678 1392
1664 1369
1642 1337
1615 1308
1589 1273
1555 1236
1522 1196
1482 1152
1434 1106
1384 1058
1333 1009
1280 947
1225 891
1164 831
1103 773
1036 710
968 647
900 582
828 515
753 446
666 369
589 298
509 227
429 157
347 85
265 12
182 -60
99 -131
15 -203
-69 -274
-152 -353
-236 -422
-329 -490
-410 -557
-490 -625
-571 -688
-649 -750
-726 -811
-801 -871
-873 -934
-944 -989
-1013 -1041
-1081 -1089
-1151 -1138
-1211 -1182
-1268 -1224
-1325 -1262
-1375 -1296
-1424 -1332
-1467 -1361
-1508 -1386
-1545 -1409
-1579 -1429
-1609 -1440
-1635 -1451
-1662 -1463
-1675 -1467
-1689 -1467
-1702 -1463
-1707 -1460
-1707 -1448
-1702 -1436
-1699 -1417
-1685 -1398
-1671 -1375
-1653 -1346
-1631 -1313
-1600 -1279
-1566 -1241
-1533 -1202
-1496 -1159
-1451 -1113
-1405 -1067
-1357 -1016
-1303 -963
-1248 -900
-1188 -843
-1129 -782
-1064 -721
-989 -657
-919 -591
-847 -526
-773 -456
-697 -388
-620 -309
-541 -239
-461 -167
-379 -96
-297 -24
-215 48
-132 121
-38 192
46 263
130 333
213 412
295 481
377 548
459 614
539 679
618 742
695 803
771 862
855 920
925 981
995 1033
1062 1082
1127 1130
1186 1174
1246 1215
1301 1256
1355 1263
1403 1294
1449 1326
1497 1352
1502 1344
1535 1362
1569 1377
1594 1388
1615 1396
1633 1403
1647 1403
1660 1400
1664 1396
1669 1384
1669 1373
1660 1359
1651 1337
1637 1315
1620 1287
1598 1260
1572 1229
1543 1193
1509 1154
1473 1109
1434 1065
1392 1019
1344 971
1287 920
1232 866
1176 812
1118 746
1056 688
990 628
922 565
852 501
782 435
709 370
633 294
548 227
469 158
391 89
310 20
229 -48
147 -118
66 -195
-17 -263
-98 -330
-180 -396
-261 -463
-342 -526
-431 -589
-510 -659
-589 -719
-664 -777
-738 -833
-811 -890
-883 -942
-949 -992
-1016 -1043
-1081 -1089
-1141 -1132
-1202 -1173
-1262 -1207
-1313 -1241
-1364 -1272
-1409 -1299
-1451 -1328
-1492 -1349
-1524 -1368
-1557 -1379
-1583 -1390
-1609 -1402
-1631 -1405
-1649 -1405
-1658 -1402
-1666 -1398
-1671 -1386
-1671 -1375
-1666 -1357
-1658 -1339
-1644 -1313
-1631 -1286
-1609 -1258
-1583 -1224
-1557 -1188
-1520 -1151
-1487 -1111
-1448 -1060
-1405 -1016
-1357 -968
-1306 -914
-1255 -861
-1202 -807
-1141 -748
-1081 -683
-1016 -621
-949 -559
-873 -495
-803 -429
-729 -362
-654 -296
-579 -220
-500 -152
-422 -82
-342 -14
-261 55
-180 124
-98 193
-17 269
76 336
158 402
239 468
321 532
400 596
478 657
557 724
633 784
709 838
782 893
852 945
922 995
997 1041
1062 1094
1123 1136
1183 1174
1239 1209
1294 1243
1344 1273
1392 1301
1434 1326
1473 1347
1509 1366
1543 1381
1577 1392
1603 1400
1625 1403
1637 1403
1651 1400
1664 1392
1669 1384
1669 1369
1664 1355
1660 1333
1647 1311
1633 1280
1611 1253
1589 1219
1564 1183
1531 1145
1497 1103
1461 1058
1419 1009
1373 958
1326 908
1273 852
1219 797
1161 741
1094 681
1031 611
966 548
898 485
828 418
754 353
681 285
604 218
527 141
449 72
370 3
290 -65
198 -135
117 -203
34 -271
-47 -347
-128 -413
-210 -478
-292 -543
-372 -606
-451 -666
-529 -726
-606 -792
-683 -847
-765 -902
-838 -954
-907 -1002
-975 -1050
-1041 -1096
-1105 -1141
-1163 -1182
-1221 -1217
-1275 -1251
-1328 -1279
-1375 -1306
-1421 -1332
-1467 -1349
-1504 -1371
-1537 -1383
-1571 -1394
-1596 -1402
-1617 -1405
-1635 -1405
-1649 -1402
-1662 -1394
-1666 -1383
-1671 -1371
-1671 -1354
-1662 -1332
-1653 -1310
-1639 -1282
-1622 -1251
-1600 -1217
-1574 -1182
-1545 -1141
-1511 -1099
-1475 -1055
-1436 -1011
-1394 -954
-1339 -902
-1289 -847
-1234 -792
-1178 -734
-1120 -675
-1058 -613
-992 -543
-924 -478
-854 -413
-784 -347
-711 -279
-626 -212
-550 -143
-471 -65
-393 3
-312 72
-231 141
-149 210
-68 277
15 345
96 418
178 485
259 548
350 611
429 673
508 732
587 790
662 852
736 908
809 958
881 1009
947 1053
1014 1097
1079 1139
1149 1183
1205 1219
1260 1253
1311 1280
1362 1308
1407 1330
1449 1323
1490 1340
1522 1355
1555 1362
1581 1369
1607 1373
1629 1373
1647 1369
1656 1362
1664 1352
1669 1337
1669 1318
1664 1301
1656 1277
1642 1249
1629 1222
1607 1183
1581 1149
1552 1111
1518 1070
1485 1024
1446 978
1403 932
1355 874
1304 821
1253 767
1200 709
1139 650
1079 591
1005 529
940 458
871 394
801 329
727 263
652 196
577 130
498 63
420 -14
340 -81
259 -148
178 -215
86 -282
5 -347
-78 -412
-160 -485
-241 -547
-323 -608
-402 -668
-480 -726
-559 -782
-635 -836
-711 -895
-784 -947
-864 -994
-934 -1038
-999 -1081
-1064 -1123
-1125 -1159
-1185 -1198
-1241 -1231
-1296 -1258
-1346 -1286
-1394 -1306
-1436 -1328
-1475 -1342
-1516 -1357
-1549 -1368
-1579 -1371
-1605 -1375
-1627 -1375
-1639 -1371
-1653 -1364
-1666 -1354
-1671 -1339
-1671 -1320
-1666 -1299
-1662 -1275
-1649 -1248
-1635 -1217
-1613 -1185
-1591 -1147
-1566 -1108
-1533 -1067
-1499 -1021
-1463 -975
-1421 -927
-1375 -876
-1328 -816
-1275 -760
-1214 -703
-1156 -645
-1096 -585
-1033 -522
-968 -460
-900 -388
-830 -323
-756 -256
-683 -190
-606 -123
-529 -56
-451 12
-362 87
-282 155
-200 222
-119 288
-36 353
45 418
126 483
208 553
290 614
370 673
449 730
527 788
614 841
690 893
763 950
836 997
905 1041
973 1085
1039 1123
1103 1161
1161 1196
1219 1232
1273 1260
1326 1287
1381 1308
1422 1326
1465 1344
1502 1355
1535 1366
1569 1369
1594 1373
1615 1373
1633 1369
1647 1359
1660 1347
1664 1337
1669 1315
1669 1294
1660 1270
1651 1243
1637 1212
1620 1180
1598 1145
1572 1099
1543 1058
1509 1014
1473 968
1430 920
1384 869
1337 814
1287 753
1232 695
1176 636
1118 575
1056 514
990 451
922 386
852 312
782 247
700 179
624 113
548 46
469 -22
391 -89
310 -165
229 -232
147 -297
66 -364
-17 -427
-98 -492
-180 -555
-272 -623
-352 -683
-431 -741
-510 -796
-589 -850
-664 -902
-738 -952
-811 -1005
-883 -1050
-949 -1093
-1016 -1132
-1081 -1169
-1151 -1204
-1207 -1234
-1262 -1265
-1313 -1292
-1364 -1313
-1409 -1332
-1451 -1346
-1492 -1357
-1524 -1368
-1557 -1371
-1583 -1375
-1613 -1375
-1631 -1368
-1649 -1361
-1658 -1349
-1666 -1335
-1671 -1317
-1671 -1292
-1666 -1268
-1658 -1241
-1644 -1211
-1631 -1178
-1605 -1141
-1583 -1101
-1554 -1055
-1520 -1011
-1487 -965
-1448 -914
-1405 -864
-1357 -809
-1306 -755
-1255 -690
-1202 -630
-1141 -570
-1072 -507
-1007 -444
-942 -379
-873 -314
-803 -241
-729 -173
-654 -106
-579 -39
-500 29
-422 96
-342 163
-261 239
-171 304
-88 370
-7 434
76 497
158 560
239 621
321 688
400 744
478 801
557 855
633 908
719 956
790 1003
862 1053
932 1097
997 1136
1062 1171
1123 1205
1183 1236
1239 1263
1294 1290
1344 1311
1392 1330
1438 1347
1478 1359
1514 1366
1547 1340
1577 1344
1603 1340
1625 1337
1637 1330
1651 1318
1664 1301
1669 1284
1669 1263
1664 1236
1660 1209
1647 1180
1633 1145
1611 1111
1589 1073
1564 1031
1531 981
1497 935
1461 888
1419 836
1366 784
1318 729
1266 673
1212 607
1154 548
1094 486
1031 425
966 362
898 297
828 233
754 160
681 94
596 27
517 -38
440 -104
360 -169
280 -235
198 -307
117 -372
34 -434
-47 -497
-128 -557
-210 -616
-292 -675
-382 -738
-461 -792
-540 -845
-616 -895
-692 -944
-765 -989
-838 -1033
-907 -1078
-975 -1117
-1041 -1154
-1105 -1185
-1163 -1214
-1227 -1241
-1282 -1265
-1335 -1289
-1383 -1306
-1424 -1320
-1467 -1332
-1504 -1339
-1537 -1346
-1571 -1346
-1596 -1342
-1617 -1339
-1635 -1328
-1653 -1317
-1662 -1303
-1666 -1286
-1671 -1265
-1671 -1238
-1662 -1207
-1653 -1178
-1639 -1144
-1622 -1108
-1600 -1069
-1574 -1026
-1545 -983
-1508 -932
-1472 -883
-1432 -832
-1386 -779
-1339 -724
-1289 -668
-1234 -609
-1178 -543
-1120 -482
-1058 -418
-992 -356
-924 -292
-847 -227
-775 -162
-702 -87
-626 -22
-550 44
-471 111
-393 176
-312 241
-231 305
-149 377
-68 441
15 502
106 563
188 623
270 681
350 736
429 797
508 850
587 900
662 947
736 992
809 1036
881 1076
947 1121
1022 1154
1085 1186
1149 1215
1205 1243
1260 1266
1311 1287
1362 1308
1407 1318
1449 1330
1490 1340
1522 1344
1555 1344
1586 1340
1611 1337
1629 1326
1647 1315
1656 1297
1664 1280
1669 1260
1669 1232
1664 1205
1656 1171
1642 1136
1629 1099
1603 1062
1581 1019
1552 976
1518 930
1485 874
1446 823
1403 771
1355 715
1304 659
1253 601
1200 541
1133 472
1070 408
1005 345
940 282
871 217
801 152
727 85
652 12
577 -55
498 -121
420 -186
340 -251
249 -316
169 -379
86 -451
5 -511
-78 -572
-160 -632
-241 -688
-323 -744
-402 -799
-480 -857
-559 -907
-645 -954
-721 -999
-792 -1043
-864 -1084
-934 -1123
-999 -1159
-1064 -1192
-1125 -1221
-1185 -1248
-1241 -1272
-1296 -1292
-1346 -1310
-1398 -1325
-1440 -1335
-1480 -1342
-1516 -1346
-1549 -1346
-1579 -1342
-1605 -1339
-1627 -1328
-1639 -1313
-1653 -1299
-1666 -1279
-1671 -1258
-1671 -1231
-1666 -1204
-1662 -1173
-1649 -1135
-1635 -1099
-1613 -1058
-1591 -1016
-1566 -973
-1533 -927
-1499 -876
-1463 -818
-1413 -765
-1368 -711
-1320 -654
-1268 -594
-1214 -535
-1156 -474
-1096 -403
-1033 -340
-968 -275
-900 -210
-830 -145
-756 -79
-673 -14
-598 61
-519 126
-442 192
-362 258
-282 322
-200 385
-119 449
-36 517
45 578
126 636
219 693
300 751
380 803
459 855
538 912
614 958
690 1003
763 1048
836 1087
905 1123
973 1157
1039 1196
1109 1222
1171 1249
1225 1273
1280 1290
1333 1308
1381 1323
1422 1333
1465 1340
1502 1344
1535 1344
1569 1340
1594 1333
1615 1297
1637 1284
1651 1266
1660 1246
1664 1225
1669 1200
1669 1174
1660 1142
1651 1109
1637 1067
1620 1028
1598 987
1569 945
1538 898
1506 850
1470 799
1430 741
1384 686
1337 631
1287 572
1232 514
1176 454
1118 392
1056 323
981 259
915 196
845 133
773 68
700 3
624 -62
548 -135
469 -198
391 -261
310 -325
229 -387
147 -448
55 -509
-26 -574
-108 -633
-190 -688
-272 -743
-352 -794
-431 -845
-510 -895
-589 -947
-664 -989
-738 -1030
-811 -1069
-890 -1108
-960 -1141
-1024 -1173
-1087 -1202
-1151 -1227
-1207 -1248
-1262 -1268
-1313 -1286
-1364 -1296
-1409 -1306
-1451 -1313
-1492 -1317
-1528 -1317
-1562 -1313
-1588 -1306
-1613 -1296
-1631 -1286
-1649 -1268
-1658 -1248
-1666 -1224
-1671 -1198
-1671 -1173
-1666 -1141
-1658 -1108
-1644 -1069
-1627 -1026
-1605 -983
-1583 -939
-1554 -895
-1520 -845
-1487 -794
-1448 -743
-1405 -681
-1357 -625
-1306 -568
-1255 -509
-1192 -448
-1135 -387
-1072 -325
-1007 -254
-942 -190
-873 -126
-803 -62
-729 3
-654 68
-579 133
-500 203
-422 268
-332 331
-251 392
-171 454
-88 514
-7 572
76 638
158 693
239 746
321 799
400 850
478 898
566 945
643 992
719 1033
790 1073
862 1109
932 1142
997 1174
1062 1200
1123 1229
1183 1249
1239 1270
1294 1284
1352 1297
1396 1304
1438 1311
1478 1315
1514 1315
1547 1311
1577 1304
1603 1294
1625 1280
1637 1263
1651 1246
1664 1219
1669 1193
1669 1164
1664 1133
1660 1099
1647 1065
1633 1024
1611 976
1589 932
1564 886
1531 836
1497 785
1454 734
1411 679
1366 616
1318 558
1266 498
1212 439
1154 377
1094 315
1031 252
966 181
898 116
818 51
746 -14
671 -77
596 -142
517 -205
440 -278
360 -340
280 -402
198 -464
117 -524
34 -582
-47 -640
-140 -702
-221 -756
-302 -807
-382 -857
-461 -907
-540 -952
-616 -994
-692 -1041
-765 -1078
-838 -1113
-907 -1147
-975 -1178
-1050 -1204
-1111 -1231
-1173 -1255
-1227 -1272
-1282 -1289
-1335 -1299
-1383 -1310
-1424 -1313
-1467 -1317
-1504 -1317
-1537 -1313
-1571 -1303
-1596 -1292
-1617 -1282
-1639 -1265
-1653 -1245
-1662 -1221
-1666 -1192
-1671 -1163
-1671 -1132
-1662 -1099
-1653 -1060
-1639 -1021
-1617 -978
-1596 -929
-1571 -883
-1540 -833
-1508 -782
-1472 -729
-1432 -673
-1386 -618
-1339 -553
-1289 -493
-1234 -434
-1178 -372
-1111 -309
-1050 -246
-983 -183
-917 -110
-847 -45
-775 19
-702 84
-626 148
-550 212
-471 276
-393 346
-302 408
-221 469
-140 529
-57 587
24 645
106 700
188 761
270 812
350 862
429 910
508 956
587 997
671 1039
746 1082
818 1118
888 1152
958 1180
1022 1205
1085 1232
1149 1253
1205 1273
1260 1287
1311 1297
1362 1308
1411 1311
1454 1315
1494 1315
1526 1308
1560 1301
1586 1290
1611 1277
1629 1260
1647 1239
1656 1190
1664 1164
1669 1133
1669 1103
1629 1045
1620 1009
1607 971
1589 930
1569 888
1547 843
1518 797
1485 741
1454 690
1415 638
1373 583
1323 527
1273 471
1219 413
1164 354
1109 294
1048 227
984 165
920 104
852 41
784 -21
710 -82
638 -144
554 -205
478 -266
401 -333
323 -393
244 -451
164 -509
84 -565
4 -620
-77 -671
-157 -724
-236 -773
-316 -827
-403 -873
-480 -917
-556 -958
-632 -997
-705 -1033
-775 -1067
-845 -1099
-914 -1129
-978 -1154
-1041 -1182
-1101 -1202
-1159 -1217
-1221 -1234
-1275 -1245
-1325 -1255
-1368 -1258
-1409 -1262
-1448 -1262
-1484 -1258
-1516 -1248
-1545 -1238
-1571 -1227
-1591 -1211
-1605 -1192
-1622 -1169
-1631 -1144
-1635 -1117
-1635 -1084
-1631 -1052
-1627 -1016
-1613 -978
-1600 -937
-1579 -895
-1557 -850
-1533 -803
-1499 -755
-1463 -697
-1424 -645
-1383 -591
-1339 -536
-1292 -480
-1241 -422
-1188 -362
-1132 -304
-1072 -243
-1011 -174
-947 -113
-881 -51
-803 10
-732 73
-659 134
-585 195
-509 256
-432 317
-354 383
-275 442
-196 500
-116 555
-36 611
54 664
135 715
214 765
293 814
372 866
449 910
526 950
601 990
676 1028
746 1062
818 1094
886 1123
961 1149
1024 1174
1085 1196
1145 1215
1200 1229
1253 1243
1304 1249
1352 1256
1392 1260
1434 1260
1470 1256
1506 1249
1535 1239
1560 1225
1581 1209
1603 1193
1615 1171
1625 1145
1629 1121
1633 1091
1633 1053
1625 1019
1615 981
1603 940
1581 898
1560 855
1535 807
1506 758
1473 709
1438 650
1400 596
1355 542
1308 485
1260 427
1200 369
1145 309
1085 249
1024 188
961 119
895 57
828 -5
756 -67
684 -128
611 -190
536 -251
459 -311
372 -371
293 -437
214 -493
135 -550
54 -606
-26 -659
-106 -711
-186 -760
-266 -809
-345 -857
-422 -907
-499 -947
-585 -986
-659 -1024
-732 -1060
-803 -1093
-871 -1123
-939 -1147
-1002 -1173
-1064 -1195
-1125 -1214
-1182 -1231
-1234 -1241
-1292 -1251
-1339 -1258
-1383 -1262
-1424 -1262
-1463 -1258
-1496 -1251
-1528 -1241
-1554 -1231
-1579 -1214
-1596 -1195
-1613 -1176
-1622 -1151
-1631 -1125
-1635 -1096
-1635 -1064
-1631 -1024
-1622 -986
-1609 -947
-1591 -907
-1571 -861
-1549 -816
-1520 -767
-1487 -717
-1456 -666
-1409 -606
-1368 -550
-1325 -493
-1275 -437
-1221 -378
-1166 -319
-1111 -258
-1050 -197
-986 -136
-922 -67
-854 -5
-786 57
-705 119
-632 179
-556 241
-480 302
-403 360
-325 420
-246 485
-166 542
-86 596
-6 650
75 703
155 753
244 801
323 848
401 893
478 940
554 981
630 1019
703 1053
773 1085
843 1115
912 1142
976 1167
1039 1190
1109 1209
1164 1225
1219 1239
1273 1249
1323 1256
1366 1260
1407 1260
1446 1256
1482 1253
1514 1243
1543 1229
1569 1215
1589 1196
1607 1176
1620 1152
1629 1127
1633 1097
1633 1041
1629 1009
1625 968
1611 930
1598 891
1577 848
1555 801
1526 754
1494 707
1461 655
1422 604
1381 543
1337 488
1290 432
1239 375
1186 317
1130 258
1070 199
1009 138
937 78
869 10
801 -50
730 -111
657 -171
583 -231
507 -290
430 -348
352 -406
273 -463
194 -526
114 -579
24 -632
-56 -683
-137 -732
-216 -782
-295 -827
-374 -871
-451 -912
-528 -958
-603 -994
-678 -1030
-748 -1060
-820 -1089
-897 -1117
-963 -1141
-1026 -1163
-1087 -1182
-1147 -1198
-1202 -1211
-1255 -1221
-1306 -1231
-1354 -1234
-1394 -1234
-1436 -1231
-1474 -1227
-1508 -1217
-1537 -1207
-1562 -1192
-1583 -1176
-1605 -1156
-1617 -1132
-1627 -1108
-1631 -1081
-1635 -1050
-1635 -1016
-1627 -980
-1617 -937
-1605 -897
-1583 -854
-1562 -809
-1537 -763
-1508 -715
-1475 -664
-1440 -613
-1402 -559
-1357 -497
-1310 -442
-1255 -384
-1202 -326
-1147 -268
-1087 -208
-1026 -148
-963 -88
-897 -27
-830 41
-758 101
-686 162
-613 222
-538 280
-451 339
-374 396
-295 454
-216 509
-137 570
-56 624
24 676
104 724
184 773
264 818
343 864
430 905
507 945
583 987
657 1022
730 1056
801 1085
869 1111
937 1136
1000 1157
1062 1176
1123 1193
1180 1209
1239 1219
1290 1225
1337 1232
1381 1232
1422 1229
1461 1225
1494 1219
1526 1209
1552 1193
1577 1176
1594 1157
1611 1133
1625 1109
1629 1082
1633 1050
1633 1019
1629 984
1620 945
1607 900
1589 857
1569 814
1547 767
1518 719
1482 668
1446 618
1407 563
1366 509
1323 446
1273 389
1219 331
1164 273
1109 213
1048 154
984 94
920 33
843 -27
773 -96
703 -156
630 -215
554 -275
478 -333
401 -391
323 -448
244 -504
164 -559
84 -620
4 -670
-86 -721
-166 -769
-246 -816
-325 -859
-403 -902
-480 -942
-556 -980
-632 -1021
-705 -1052
-775 -1084
-845 -1111
-922 -1135
-986 -1159
-1050 -1178
-1111 -1195
-1166 -1207
-1221 -1217
-1275 -1227
-1325 -1231
-1368 -1234
-1409 -1234
-1448 -1227
-1484 -1221
-1520 -1211
-1549 -1198
-1571 -1182
-1591 -1159
-1609 -1138
-1622 -1113
-1631 -1087
-1635 -1058
-1635 -1024
-1631 -989
-1627 -952
-1613 -912
-1600 -866
-1579 -820
-1554 -775
-1528 -726
-1496 -678
-1463 -626
-1424 -572
-1383 -518
-1339 -463
-1292 -398
-1241 -341
-1188 -282
-1132 -224
-1064 -164
-1002 -103
-939 -43
-871 18
-803 78
-732 146
-659 206
-585 266
-509 324
-432 382
-354 440
-275 495
-186 551
-106 604
-26 662
54 713
135 761
214 807
293 852
372 895
449 935
526 973
601 1009
684 1048
756 1079
828 1106
895 1130
961 1154
1024 1174
1085 1190
1145 1205
1200 1215
1253 1225
1304 1229
1352 1232
1400 1232
1438 1229
1473 1219
1506 1209
1535 1200
1560 1183
1581 1164
1603 1139
1615 1115
1625 1087
1629 1058
1633 1028
1629 992
1625 956
1615 895
1603 855
1581 807
1560 763
1535 715
1506 666
1473 616
1438 565
1400 512
1355 457
1304 402
1253 339
1200 282
1145 224
1085 165
1024 106
961 47
895 -12
828 -72
756 -130
684 -197
611 -255
526 -312
449 -369
372 -425
293 -480
214 -534
135 -587
54 -638
-26 -693
-106 -741
-186 -786
-266 -832
-345 -873
-432 -912
-509 -949
-585 -986
-659 -1019
-732 -1052
-803 -1081
-871 -1105
-939 -1129
-1002 -1147
-1064 -1166
-1125 -1178
-1188 -1192
-1241 -1198
-1292 -1204
-1339 -1207
-1383 -1207
-1424 -1204
-1463 -1198
-1496 -1188
-1528 -1176
-1554 -1159
-1579 -1144
-1596 -1123
-1613 -1096
-1627 -1069
-1631 -1041
-1635 -1011
-1635 -978
-1631 -942
-1622 -902
-1609 -861
-1591 -820
-1571 -769
-1549 -722
-1516 -675
-1484 -625
-1448 -572
-1409 -521
-1368 -466
-1325 -410
-1275 -355
-1221 -290
-1166 -233
-1111 -174
-1050 -116
-986 -57
-914 3
-845 62
-775 121
-705 179
-632 245
-556 303
-480 360
-403 416
-325 471
-246 524
-166 578
-77 630
4 679
84 732
164 780
244 823
323 866
401 905
478 942
554 978
630 1014
703 1045
773 1076
852 1099
920 1123
984 1142
1048 1161
1109 1176
1164 1186
1219 1196
1273 1202
1323 1205
1366 1205
1407 1202
1446 1196
1485 1186
1518 1176
1547 1161
1569 1142
1589 1123
1607 1099
1620 1073
1629 1045
1633 1014
1633 978
1629 942
1620 905
1611 866
1594 823
1577 780
1552 727
1526 679
1494 630
1461 578
1422 524
1381 471
1337 416
1290 360
1232 303
1180 239
1123 179
1062 121
1000 62
937 3
869 -57
801 -116
730 -174
657 -233
583 -297
507 -355
420 -410
343 -466
264 -521
184 -572
104 -625
24 -675
-56 -722
-137 -775
-216 -820
-295 -861
-374 -902
-451 -942
-538 -978
-613 -1011
-686 -1041
-758 -1069
-830 -1099
-897 -1123
-963 -1144
-1026 -1159
-1087 -1176
-1147 -1188
-1202 -1198
-1255 -1204
-1310 -1207
-1357 -1207
-1402 -1204
-1440 -1198
-1475 -1192
-1508 -1178
-1537 -1166
-1562 -1147
-1583 -1129
-1605 -1105
-1617 -1081
-1627 -1050
-1635 -1019
-1635 -986
-1631 -949
-1627 -912
-1617 -873
-1605 -832
-1583 -786
-1562 -741
-1537 -686
-1508 -638
-1475 -587
-1440 -534
-1394 -480
-1354 -425
-1306 -369
-1255 -312
-1202 -255
-1147 -189
-1087 -130
-1026 -72
-963 -12
-897 47
-830 106
-758 165
-678 224
-603 282
-528 345
-451 402
-374 457
-295 512
-216 565
-137 616
-56 666
24 715
104 763
184 812
273 855
352 895
430 935
507 971
583 1005
657 1036
730 1065
801 1091
869 1118
937 1139
1000 1157
1062 1174
1130 1183
1186 1193
1239 1202
1290 1205
1337 1205
1381 1202
1422 1200
1461 1190
1494 1180
1526 1164
1552 1149
1577 1130
1598 1106
1611 1082
1625 1056
1629 1019
1633 987
1633 952
1629 915
1620 876
1607 834
1589 790
1569 729
1547 683
1514 628
1482 578
1446 527
1407 474
1366 421
1323 365
1273 311
1219 254
1164 198
1109 133
1048 75
976 17
912 -41
843 -99
773 -157
703 -214
630 -270
554 -326
478 -389
401 -443
323 -497
244 -548
155 -599
75 -649
-6 -695
-86 -743
-166 -786
-246 -833
-325 -873
-403 -912
-480 -947
-556 -980
-632 -1013
-705 -1041
-786 -1067
-854 -1089
-922 -1113
-986 -1132
-1050 -1147
-1111 -1159
-1166 -1169
-1221 -1176
-1275 -1182
-1325 -1182
-1368 -1178
-1417 -1176
-1456 -1166
-1487 -1156
-1520 -1144
-1549 -1129
-1571 -1111
-1591 -1087
-1609 -1064
-1622 -1038
-1631 -1007
-1635 -973
-1635 -939
-1631 -902
-1622 -864
-1613 -823
-1596 -782
-1579 -736
-1554 -690
-1528 -642
-1496 -587
-1463 -535
-1424 -483
-1383 -429
-1339 -374
-1286 -319
-1234 -263
-1182 -207
-1125 -149
-1064 -84
-1002 -26
-939 32
-871 89
-803 147
-732 205
-659 261
-576 317
-499 372
-422 434
-345 488
-266 539
-186 591
-106 640
-26 688
54 734
135 780
214 821
293 866
382 905
459 942
536 976
611 1005
684 1036
756 1062
828 1085
895 1109
961 1127
1024 1142
1085 1157
1145 1167
1205 1174
1260 1176
1308 1180
1355 1180
1400 1174
1438 1167
1473 1157
1506 1142
1535 1127
1560 1109
1581 1087
1603 1065
1615 1039
1625 1011
1633 978
1633 942
1629 905
1625 866
1615 828
1603 784
1581 741
1560 693
1535 647
1506 597
1470 539
1434 488
1392 434
1352 380
1304 324
1253 268
1200 212
1145 155
1085 97
1024 32
961 -26
895 -84
818 -142
746 -200
676 -256
601 -313
526 -367
449 -423
372 -483
293 -535
214 -587
135 -637
54 -685
-26 -731
-116 -775
-196 -818
-275 -859
-354 -902
-432 -939
-509 -973
-585 -1005
-659 -1035
-732 -1060
-803 -1084
-871 -1108
-939 -1125
-1011 -1144
-1072 -1156
-1132 -1166
-1188 -1176
-1241 -1178
-1292 -1182
-1339 -1182
-1383 -1178
-1424 -1169
-1463 -1159
-1496 -1147
-1528 -1132
-1557 -1113
-1579 -1093
-1600 -1069
-1613 -1043
-1627 -1016
-1631 -986
-1635 -952
-1635 -912
-1631 -873
-1622 -833
-1609 -792
-1591 -748
-1571 -702
-1545 -654
-1516 -604
-1484 -555
-1448 -497
-1409 -443
-1368 -389
-1325 -333
-1275 -278
-1221 -221
-1166 -164
-1101 -106
-1041 -48
-978 17
-914 75
-845 133
-775 191
-705 247
-632 303
-556 359
-480 415
-403 468
-325 527
-236 578
-157 628
-77 677
4 722
84 767
164 812
244 852
323 891
401 932
478 966
554 997
630 1028
710 1056
784 1079
852 1103
920 1121
984 1139
1048 1154
1109 1164
1164 1174
1219 1176
1273 1180
1323 1180
1366 1176
1415 1171
1454 1161
1485 1149
1518 1133
1547 1115
1569 1094
1589 1070
1607 1045
1620 1017
1629 987
1633 956
1633 920
1629 876
1620 836
1611 794
1594 751
1577 705
1552 659
1526 609
1494 546
1461 497
1422 437
1377 385
1333 331
1284 276
1232 222
1180 165
1123 109
1062 53
1000 -5
937 -61
869 -118
801 -174
730 -230
648 -292
574 -347
497 -401
420 -453
343 -504
264 -556
184 -604
104 -652
24 -697
-56 -743
-137 -786
-216 -825
-305 -864
-384 -905
-461 -939
-538 -973
-613 -1002
-686 -1030
-758 -1052
-830 -1075
-897 -1096
-963 -1111
-1026 -1125
-1096 -1138
-1154 -1147
-1207 -1154
-1262 -1156
-1310 -1156
-1357 -1154
-1402 -1147
-1440 -1141
-1475 -1129
-1508 -1117
-1537 -1099
-1562 -1081
-1588 -1058
-1605 -1035
-1617 -1007
-1627 -978
-1635 -944
-1635 -910
-1631 -873
-1627 -836
-1617 -796
-1605 -753
-1583 -709
-1562 -664
-1537 -616
-1504 -568
-1472 -518
-1436 -466
-1394 -408
-1354 -353
-1306 -299
-1255 -244
-1202 -188
-1147 -132
-1087 -75
-1019 -19
-954 38
-888 95
-820 151
-748 207
-678 263
-603 324
-528 379
-451 432
-374 483
-295 534
-216 585
-126 633
-46 679
34 724
114 767
194 809
273 848
352 886
430 925
507 958
583 990
657 1017
730 1041
809 1065
879 1085
945 1103
1009 1118
1070 1133
1130 1142
1186 1149
1239 1152
1290 1154
1337 1152
1381 1149
1422 1142
1465 1133
1497 1118
1531 1103
1555 1085
1577 1065
1598 1041
1611 1017
1625 990
1629 958
1633 922
1633 886
1629 848
1615 809
1603 767
1589 724
1569 679
1543 633
1514 585
1482 534
1446 483
1407 432
1366 372
1323 317
1273 263
1212 207
1157 151
1099 95
1039 38
976 -19
912 -75
843 -132
773 -188
703 -244
630 -299
554 -360
478 -414
391 -466
314 -518
234 -568
155 -616
75 -664
-6 -709
-86 -753
-166 -796
-246 -836
-325 -873
-403 -910
-480 -947
-567 -978
-640 -1007
-712 -1035
-786 -1058
-854 -1081
-922 -1099
-986 -1117
-1050 -1129
-1111 -1141
-1166 -1147
-1221 -1154
-1275 -1156
-1328 -1156
-1375 -1154
-1417 -1147
-1456 -1138
-1487 -1125
-1520 -1111
-1549 -1096
-1571 -1075
-1591 -1052
-1609 -1030
-1622 -1002
-1631 -973
-1635 -939
-1635 -902
-1631 -864
-1622 -825
-1613 -786
-1596 -743
-1579 -697
-1554 -652
-1528 -604
-1496 -556
-1463 -504
-1424 -453
-1379 -401
-1335 -340
-1286 -285
-1234 -230
-1182 -174
-1125 -118
-1064 -61
-1002 -5
-939 53
-871 109
-803 165
-722 222
-650 276
-576 331
-499 391
-422 445
-345 497
-266 546
-186 596
-106 645
-26 690
54 734
135 777
224 818
303 857
382 895
459 930
536 966
611 995
684 1022
756 1048
828 1070
895 1091
961 1109
1033 1123
1094 1133
1152 1142
1205 1152
1260 1154
1308 1154
1355 1152
1400 1149
1438 1139
1473 1130
1506 1115
1535 1099
1564 1082
1586 1058
1603 1036
1615 1011
1625 981
1633 950
1633 917
1629 876
1625 838
1615 799
1603 756
1581 713
1560 668
1535 621
1502 572
1470 522
1434 471
1392 408
1352 357
1304 297
1253 244
1200 189
1145 134
1079 79
1017 24
952 -32
886 -87
818 -143
746 -198
676 -252
601 -306
526 -359
449 -417
372 -469
293 -518
203 -568
124 -614
44 -661
-36 -705
-116 -748
-196 -787
-275 -827
-354 -864
-432 -900
-509 -932
-585 -965
-668 -994
-741 -1019
-811 -1041
-881 -1064
-947 -1081
-1011 -1096
-1072 -1108
-1132 -1117
-1188 -1125
-1241 -1129
-1292 -1132
-1339 -1132
-1390 -1125
-1432 -1120
-1467 -1111
-1499 -1099
-1533 -1084
-1557 -1067
-1579 -1047
-1600 -1024
-1613 -999
-1627 -973
-1631 -944
-1635 -912
-1635 -878
-1631 -836
-1617 -799
-1605 -758
-1591 -717
-1571 -671
-1545 -626
-1516 -579
-1484 -531
-1448 -482
-1409 -430
-1368 -379
-1317 -326
-1268 -266
-1214 -212
-1159 -157
-1101 -101
-1041 -46
-978 10
-914 65
-845 120
-775 175
-705 230
-632 284
-547 338
-470 391
-393 449
-316 498
-236 548
-157 596
-77 642
4 686
84 730
164 771
244 812
323 848
411 883
488 917
565 950
638 981
710 1009
784 1031
852 1053
920 1070
984 1087
1048 1103
1109 1111
1164 1121
1225 1127
1277 1130
1326 1130
1373 1127
1415 1121
1454 1111
1485 1103
1518 1087
1547 1070
1569 1053
1589 1031
1607 1009
1620 981
1629 952
1633 922
1633 888
1629 852
1620 812
1611 771
1594 730
1577 686
1552 642
1526 596
1494 548
1458 498
1419 449
1377 396
1333 343
1284 290
1232 230
1180 175
1123 120
1062 65
1000 10
937 -46
866 -101
792 -157
720 -212
648 -266
574 -319
497 -372
420 -424
343 -482
264 -531
184 -579
104 -626
24 -671
-66 -717
-147 -758
-226 -799
-305 -836
-384 -873
-461 -907
-538 -939
-613 -970
-686 -999
-758 -1024
-830 -1047
-897 -1067
-970 -1084
-1035 -1099
-1096 -1111
-1154 -1120
-1207 -1125
-1262 -1132
-1310 -1132
-1357 -1129
-1402 -1125
-1440 -1117
-1475 -1108
-1508 -1096
-1540 -1081
-1566 -1064
-1588 -1041
-1605 -1019
-1617 -994
-1627 -965
-1635 -937
-1635 -905
-1631 -868
-1627 -832
-1617 -787
-1605 -748
-1583 -705
-1562 -661
-1537 -614
-1504 -568
-1472 -518
-1436 -469
-1394 -417
-1354 -366
-1306 -313
-1255 -259
-1202 -198
-1138 -143
-1081 -87
-1019 -32
-954 24
-888 79
-820 134
-748 189
-678 244
-603 297
-528 350
-451 403
-364 454
-285 510
-205 560
-126 607
-46 654
34 698
114 741
194 782
273 821
352 857
430 893
507 925
591 956
666 984
739 1014
809 1036
879 1058
945 1076
1009 1091
1070 1106
1130 1115
1186 1123
1239 1127
1290 1130
1344 1130
1388 1127
1430 1121
1465 1109
1497 1099
1531 1085
1555 1067
1577 1048
1598 1024
1611 1000
1625 973
1629 945
1633 915
1633 881
1629 843
1615 805
1603 761
1589 719
1569 676
1543 631
1514 583
1482 534
1446 486
1403 435
1362 383
1315 331
1266 271
1212 218
1157 158
1099 104
1039 50
976 -4
912 -58
843 -113
773 -167
693 -220
619 -273
545 -326
468 -377
391 -427
314 -478
234 -533
155 -579
75 -625
-6 -668
-86 -711
-176 -753
-256 -790
-335 -827
-413 -864
-490 -897
-567 -927
-640 -954
-712 -980
-786 -1007
-854 -1030
-922 -1050
-986 -1064
-1058 -1078
-1117 -1089
-1176 -1099
-1227 -1105
-1279 -1108
-1328 -1108
-1375 -1105
-1417 -1101
-1456 -1093
-1487 -1081
-1520 -1069
-1549 -1052
-1574 -1035
-1596 -1013
-1609 -992
-1622 -965
-1631 -937
-1635 -907
-1635 -876
-1631 -840
-1622 -805
-1613 -767
-1596 -721
-1579 -679
-1549 -637
-1524 -589
-1492 -544
-1460 -497
-1421 -447
-1379 -396
-1335 -345
-1286 -293
-1234 -241
-1182 -186
-1125 -126
-1064 -72
-994 -18
-929 36
-864 90
-794 145
-722 198
-650 251
-576 304
-499 356
-422 406
-345 457
-266 505
-186 560
-96 606
-16 650
64 693
145 734
224 775
303 812
382 848
459 883
536 915
611 942
684 971
756 995
834 1019
903 1039
968 1056
1033 1070
1094 1085
1152 1094
1205 1099
1260 1103
1308 1106
1355 1106
1400 1099
1438 1094
1478 1085
1509 1070
1538 1056
1564 1039
1586 1019
1603 997
1615 973
1625 947
1633 917
1633 886
1629 852
1625 816
1611 780
1598 741
1581 693
1560 650
1535 606
1502 560
1470 512
1434 463
1392 413
1352 363
1304 311
1253 258
1193 205
1136 152
1079 90
1017 36
952 -18
886 -72
818 -126
746 -181
676 -234
601 -286
526 -338
449 -390
362 -441
283 -490
203 -538
124 -589
44 -637
-36 -679
-116 -721
-196 -763
-275 -801
-354 -836
-432 -871
-518 -905
-593 -934
-668 -963
-741 -989
-811 -1011
-881 -1035
-947 -1052
-1011 -1069
-1072 -1081
-1132 -1093
-1188 -1099
-1241 -1105
-1299 -1108
-1346 -1108
-1390 -1105
-1432 -1099
-1467 -1089
-1499 -1081
-1533 -1064
-1557 -1050
-1579 -1030
-1600 -1007
-1613 -986
-1627 -960
-1631 -932
-1635 -900
-1635 -866
-1631 -832
-1617 -796
-1605 -756
-1591 -717
-1571 -668
-1545 -625
-1516 -579
-1484 -533
-1444 -483
-1405 -434
-1364 -384
-1317 -332
-1268 -280
-1214 -227
-1159 -173
-1101 -120
-1041 -58
-978 -4
-914 50
-836 104
-767 158
-695 212
-621 265
-547 317
-470 369
-393 418
-316 469
-236 517
-157 565
-77 618
4 661
94 703
174 744
254 784
333 821
411 857
488 891
565 922
638 950
710 976
784 1000
852 1022
920 1045
992 1062
1056 1076
1115 1085
1174 1094
1225 1103
1277 1106
1326 1106
1373 1103
1415 1099
1454 1091
1485 1082
1522 1070
1547 1053
1572 1036
1594 1014
1607 992
1620 968
1629 940
1633 910
1633 879
1629 843
1620 807
1611 768
1594 730
1572 688
1547 640
1522 594
1490 548
1458 500
1419 451
1377 400
1333 350
1284 297
1232 244
1180 191
1115 135
1056 82
992 22
927 -31
862 -84
792 -137
720 -190
648 -241
574 -293
497 -343
420 -393
343 -443
254 -490
174 -538
94 -584
14 -633
-66 -675
-147 -717
-226 -755
-305 -792
-384 -827
-461 -861
-538 -893
-613 -922
-695 -949
-767 -973
-836 -994
-905 -1016
-970 -1035
-1035 -1050
-1096 -1060
-1154 -1069
-1207 -1078
-1262 -1081
-1310 -1084
-1357 -1084
-1405 -1081
-1444 -1072
-1480 -1064
-1511 -1055
-1540 -1041
-1566 -1021
-1588 -1002
-1605 -980
-1617 -958
-1627 -932
-1635 -905
-1635 -873
-1631 -840
-1627 -805
-1613 -769
-1600 -731
-1583 -690
-1562 -649
-1537 -599
-1504 -555
-1472 -509
-1436 -461
-1394 -412
-1354 -362
-1299 -312
-1248 -261
-1195 -209
-1138 -157
-1081 -104
-1019 -51
-954 9
-888 62
-820 115
-748 167
-678 220
-603 272
-518 323
-442 374
-364 422
-285 471
-205 519
-126 565
-46 609
34 657
114 700
194 739
273 777
352 812
440 845
516 879
591 910
666 937
739 963
809 984
879 1005
945 1024
1009 1041
1070 1056
1130 1065
1186 1073
1246 1079
1297 1082
1344 1082
1388 1079
1430 1073
1465 1067
1497 1056
1531 1045
1555 1028
1577 1009
1598 987
1611 966
1625 940
1629 912
1633 883
1633 850
1629 816
1615 782
1603 744
1589 703
1569 662
1543 621
1514 570
1478 524
1442 478
1403 429
1362 380
1315 329
1266 278
1212 227
1157 174
1099 121
1039 68
976 15
908 -44
834 -97
765 -150
693 -203
619 -255
545 -306
468 -357
391 -406
314 -456
234 -503
155 -550
75 -594
-16 -638
-96 -686
-176 -726
-256 -765
-335 -801
-413 -836
-490 -868
-567 -900
-640 -929
-712 -954
-786 -978
-864 -999
-929 -1019
-994 -1035
-1058 -1052
-1117 -1064
-1176 -1072
-1227 -1078
-1279 -1084
-1328 -1084
-1375 -1081
-1417 -1078
-1456 -1072
-1492 -1064
-1524 -1050
-1549 -1035
-1574 -1019
-1596 -997
-1609 -975
-1622 -952
-1631 -924
-1635 -897
-1635 -866
-1631 -832
-1622 -796
-1609 -760
-1596 -721
-1574 -681
-1549 -638
-1524 -594
-1492 -544
-1460 -497
-1421 -449
-1379 -400
-1335 -350
-1286 -299
-1227 -248
-1176 -196
-1117 -144
-1058 -91
-994 -38
-929 15
-864 75
-794 128
-722 181
-650 233
-576 285
-499 335
-413 386
-335 435
-256 483
-176 531
-96 575
-16 621
64 662
145 709
224 748
303 785
382 821
459 855
545 886
619 915
693 942
765 968
834 990
903 1011
968 1028
1033 1045
1094 1058
1152 1067
1205 1076
1266 1079
1315 1082
1362 1082
1403 1079
1442 1073
1478 1065
1509 1053
1538 1039
1564 1024
1586 1005
1603 981
1615 958
1629 932
1633 905
1633 876
1629 843
1625 807
1611 771
1598 734
1581 693
1560 652
1535 609
1502 565
1470 512
1430 466
1388 416
1344 367
1297 317
1246 266
1193 213
1136 162
1079 109
1017 56
952 2
886 -50
818 -102
746 -153
652 -207
578 -256
505 -305
430 -353
354 -401
277 -448
200 -492
121 -536
43 -580
-36 -621
-114 -661
-202 -700
-279 -736
-356 -770
-432 -805
-507 -836
-580 -866
-654 -893
-724 -917
-794 -939
-861 -960
-927 -980
-989 -997
-1058 -1011
-1113 -1019
-1169 -1026
-1221 -1035
-1272 -1038
-1317 -1038
-1361 -1035
-1402 -1033
-1436 -1024
-1467 -1016
-1499 -1005
-1524 -992
-1549 -975
-1566 -954
-1579 -934
-1591 -912
-1596 -885
-1600 -859
-1600 -830
-1596 -792
-1583 -758
-1571 -722
-1557 -686
-1537 -647
-1508 -606
-1480 -563
-1448 -521
-1413 -475
-1375 -430
-1335 -383
-1289 -335
-1241 -287
-1188 -237
-1135 -188
-1078 -137
-1019 -87
-949 -36
-885 15
-818 66
-750 116
-681 167
-608 223
-535 273
-460 321
-385 370
-309 416
-231 463
-153 508
-65 551
14 594
92 635
170 673
248 713
326 748
402 782
478 814
553 845
624 874
695 900
767 925
843 945
908 966
971 984
1033 1000
1091 1011
1149 1022
1200 1028
1249 1033
1297 1036
1344 1036
1384 1033
1427 1028
1458 1019
1490 1011
1514 997
1538 981
1560 966
1572 945
1586 925
1594 900
1598 874
1598 845
1594 814
1586 777
1572 744
1560 707
1538 669
1514 630
1490 587
1458 546
1427 502
1388 457
1347 411
1304 364
1249 315
1200 266
1149 217
1091 167
1033 116
971 66
908 15
843 -36
775 -87
705 -137
635 -188
561 -244
478 -293
402 -342
326 -389
248 -436
170 -482
92 -526
14 -570
-65 -611
-143 -652
-222 -690
-299 -729
-385 -763
-460 -796
-535 -830
-608 -859
-681 -885
-750 -912
-818 -934
-885 -954
-949 -975
-1013 -992
-1072 -1005
-1129 -1019
-1188 -1026
-1241 -1033
-1289 -1035
-1335 -1038
-1375 -1038
-1413 -1033
-1448 -1026
-1480 -1019
-1508 -1007
-1533 -994
-1554 -978
-1571 -960
-1583 -939
-1596 -917
-1600 -893
-1600 -866
-1596 -836
-1591 -805
-1579 -767
-1566 -732
-1549 -695
-1528 -657
-1504 -616
-1467 -574
-1436 -531
-1402 -487
-1361 -442
-1317 -394
-1272 -347
-1221 -299
-1169 -250
-1113 -200
-1058 -150
-997 -99
-934 -48
-861 2
-794 53
-724 104
-654 155
-580 205
-507 261
-432 309
-356 358
-279 404
-202 451
-123 497
-45 541
43 583
121 624
200 664
277 703
354 739
430 773
505 807
578 838
652 866
722 893
792 917
859 940
932 961
995 978
1056 995
1111 1009
1167 1019
1219 1028
1270 1033
1315 1036
1359 1036
1400 1033
1434 1031
1465 1022
1502 1014
1526 1000
1547 987
1564 971
1577 950
1589 930
1594 908
1598 881
1598 852
1594 823
1581 790
1569 753
1552 717
1531 679
1506 640
1478 599
1446 557
1411 514
1373 468
1333 422
1287 375
1239 327
1186 278
1133 229
1070 179
1011 129
947 78
883 27
816 -24
748 -72
679 -122
606 -171
533 -220
458 -275
383 -323
307 -369
220 -415
141 -460
63 -504
-16 -547
-94 -589
-172 -628
-250 -666
-328 -703
-404 -738
-480 -770
-555 -803
-626 -832
-707 -859
-777 -885
-845 -910
-910 -929
-973 -949
-1035 -965
-1093 -980
-1151 -994
-1202 -1002
-1251 -1011
-1299 -1013
-1346 -1016
-1390 -1016
-1429 -1013
-1460 -1007
-1492 -999
-1516 -989
-1540 -975
-1562 -963
-1574 -944
-1588 -924
-1596 -905
-1600 -881
-1600 -854
-1596 -825
-1588 -794
-1574 -763
-1562 -724
-1540 -690
-1516 -652
-1492 -613
-1460 -572
-1429 -531
-1390 -488
-1349 -443
-1302 -398
-1251 -352
-1202 -304
-1151 -256
-1093 -208
-1035 -159
-973 -110
-910 -60
-845 -10
-777 39
-707 89
-637 138
-555 188
-480 237
-404 290
-328 338
-250 384
-172 430
-94 474
-16 517
63 560
141 601
220 642
307 679
383 715
458 748
533 782
606 812
679 841
748 869
816 893
883 915
947 935
1011 952
1070 968
1133 984
1186 995
1239 1003
1287 1009
1333 1014
1373 1014
1411 1011
1446 1009
1478 1003
1506 995
1531 981
1555 968
1569 952
1581 935
1594 915
1598 893
1598 869
1594 841
1589 812
1577 782
1564 748
1547 710
1526 673
1497 636
1465 596
1434 555
1400 514
1359 469
1315 425
1270 379
1219 333
1167 285
1111 237
1056 188
995 138
925 89
859 39
792 -10
722 -60
652 -110
578 -159
505 -208
430 -256
354 -311
277 -358
200 -404
112 -449
34 -493
-45 -536
-123 -577
-202 -618
-279 -657
-356 -693
-432 -731
-507 -763
-580 -794
-654 -825
-724 -854
-803 -881
-868 -905
-934 -924
-997 -944
-1058 -963
-1113 -975
-1169 -992
-1221 -999
-1272 -1007
-1317 -1013
-1361 -1016
-1402 -1016
-1440 -1013
-1472 -1007
-1504 -1002
-1528 -992
-1549 -980
-1566 -965
-1579 -949
-1591 -929
-1596 -910
-1600 -885
-1600 -859
-1591 -832
-1583 -803
-1571 -770
-1554 -738
-1533 -700
-1508 -661
-1480 -623
-1448 -584
-1413 -541
-1375 -499
-1335 -456
-1289 -410
-1234 -364
-1182 -316
-1129 -268
-1072 -220
-1013 -171
-949 -122
-885 -72
-818 -23
-750 27
-681 77
-608 126
-535 176
-460 224
-376 273
-299 326
-222 372
-143 418
-65 463
14 508
92 549
170 591
248 631
326 669
402 705
478 741
561 773
635 805
705 834
775 862
843 888
908 910
971 930
1033 950
1091 966
1149 978
1200 992
1249 1000
1304 1009
1347 1011
1388 1014
1427 1014
1458 1011
1490 1003
1514 995
1538 987
1560 973
1572 958
1586 940
1594 920
1598 898
1598 874
1594 848
1586 821
1572 790
1560 756
1538 722
1514 683
1490 645
1458 606
1427 566
1384 524
1344 480
1297 437
1249 391
1200 343
1149 297
1091 249
1033 200
971 151
908 102
843 51
775 2
695 -48
624 -97
553 -144
478 -192
402 -239
326 -286
248 -338
170 -384
92 -429
14 -471
-65 -514
-143 -556
-231 -594
-309 -633
-385 -670
-460 -705
-535 -738
-608 -770
-681 -801
-750 -830
-818 -854
-885 -878
-949 -900
-1013 -919
-1078 -937
-1135 -952
-1188 -965
-1241 -975
-1289 -983
-1335 -992
-1375 -994
-1413 -994
-1448 -992
-1480 -989
-1508 -980
-1533 -973
-1557 -963
-1571 -949
-1583 -934
-1596 -914
-1600 -895
-1600 -873
-1596 -847
-1591 -823
-1579 -794
-1566 -763
-1549 -731
-1524 -697
-1499 -657
-1467 -620
-1436 -580
-1402 -540
-1361 -499
-1317 -456
-1272 -412
-1221 -367
-1169 -321
-1113 -275
-1058 -227
-989 -180
-927 -132
-861 -84
-794 -34
-724 14
-654 63
-580 111
-507 160
-432 208
-356 254
-279 302
-192 354
-114 399
-36 444
43 486
121 527
200 569
277 607
354 645
430 683
505 717
578 748
652 780
730 809
801 836
866 862
932 886
995 905
1056 925
1111 940
1167 956
1219 968
1270 978
1315 984
1362 990
1403 992
1438 992
1470 990
1502 984
1526 976
1547 968
1564 956
1577 940
1589 925
1594 905
1598 886
1598 862
1589 836
1581 809
1569 780
1552 748
1531 717
1506 683
1478 642
1446 602
1411 563
1373 524
1333 481
1280 437
1232 394
1180 348
1127 302
1070 254
1011 208
947 160
883 111
816 63
748 14
679 -34
597 -84
524 -132
449 -180
374 -227
297 -275
220 -321
141 -372
63 -417
-16 -461
-94 -504
-172 -545
-250 -585
-337 -625
-413 -661
-488 -697
-563 -731
-637 -763
-707 -794
-777 -823
-845 -847
-910 -873
-973 -895
-1035 -914
-1093 -934
-1156 -949
-1207 -963
-1258 -973
-1306 -983
-1349 -989
-1390 -992
-1429 -994
-1460 -994
-1492 -989
-1516 -983
-1540 -975
-1562 -965
-1579 -952
-1588 -937
-1596 -919
-1600 -900
-1600 -878
-1596 -854
-1588 -830
-1574 -801
-1562 -770
-1540 -738
-1516 -705
-1492 -670
-1456 -630
-1424 -589
-1386 -550
-1346 -509
-1299 -466
-1251 -423
-1202 -378
-1151 -333
-1093 -286
-1035 -239
-973 -192
-910 -144
-836 -96
-769 -46
-697 2
-626 51
-555 99
-480 148
-404 196
-328 244
-250 290
-172 336
-94 387
-16 432
73 476
151 517
229 558
307 597
383 636
458 673
533 707
606 741
679 773
748 803
816 830
883 855
956 879
1017 900
1076 920
1133 937
1186 952
1239 966
1287 973
1333 984
1373 990
1411 992
1446 992
1478 990
1509 987
1535 978
1555 971
1569 958
1581 945
1594 930
1598 910
1598 891
1594 869
1589 843
1577 816
1564 788
1543 756
1522 724
1497 690
1465 655
1434 612
1400 574
1359 533
1315 491
1270 449
1219 404
1167 359
1111 314
1048 266
987 220
925 172
859 123
792 75
722 27
652 -22
578 -72
505 -120
430 -168
354 -210
277 -258
190 -302
112 -348
34 -398
-45 -441
-123 -483
-202 -524
-279 -563
-356 -601
-432 -638
-507 -673
-580 -707
-663 -738
-732 -769
-803 -796
-868 -823
-934 -847
-997 -871
-1058 -890
-1113 -910
-1169 -924
-1221 -939
-1272 -949
-1325 -960
-1364 -968
-1405 -970
-1440 -973
-1472 -973
-1504 -970
-1528 -965
-1549 -958
-1566 -947
-1579 -934
-1591 -922
-1596 -905
-1600 -885
-1600 -866
-1591 -843
-1583 -818
-1571 -790
-1554 -760
-1533 -731
-1508 -700
-1480 -664
-1448 -630
-1413 -587
-1371 -548
-1328 -509
-1282 -468
-1234 -424
-1182 -381
-1129 -337
-1072 -292
-1013 -246
-949 -200
-885 -152
-818 -105
-750 -58
-671 -10
-599 38
-526 85
-451 133
-376 179
-299 227
-222 273
-143 319
-65 363
14 412
92 454
170 495
258 536
335 575
411 614
486 650
561 684
635 717
705 748
775 777
843 805
908 831
971 855
1039 876
1099 895
1154 912
1205 927
1256 940
1304 952
1347 961
1388 966
1427 971
1458 971
1490 968
1514 966
1543 961
1560 952
1577 940
1586 927
1594 912
1598 895
1598 876
1594 855
1586 831
1572 805
1560 777
1538 748
1514 717
1485 684
1454 650
1422 614
1384 570
1344 532
1297 491
1249 449
1200 406
1149 363
1091 319
1024 273
963 227
900 179
834 133
767 85
695 38
624 -10
553 -58
478 -105
402 -152
326 -200
248 -246
170 -292
82 -337
4 -381
-75 -430
-153 -473
-231 -514
-309 -553
-385 -591
-460 -630
-535 -664
-608 -700
-681 -731
-750 -760
-827 -790
-895 -818
-958 -843
-1019 -866
-1078 -885
-1135 -905
-1188 -922
-1241 -934
-1289 -947
-1335 -958
-1375 -965
-1413 -970
-1451 -973
-1484 -973
-1511 -970
-1537 -965
-1557 -960
-1571 -949
-1583 -939
-1596 -924
-1600 -910
-1600 -890
-1596 -871
-1591 -847
-1579 -823
-1566 -796
-1545 -769
-1524 -738
-1499 -707
-1467 -673
-1436 -638
-1402 -601
-1361 -559
-1317 -518
-1272 -478
-1221 -436
-1163 -393
-1108 -348
-1050 -302
-989 -258
-927 -210
-861 -164
-794 -117
-724 -70
-654 -22
-580 26
-507 73
-423 121
-347 169
-270 215
-192 261
-114 307
-36 351
43 396
121 444
200 486
277 526
354 566
430 604
515 642
587 676
661 709
730 741
801 771
866 799
932 825
995 850
1056 871
1111 891
1167 910
1219 925
1277 937
1323 950
1362 958
1403 966
1438 968
1470 971
1502 971
1526 968
1547 961
1564 952
1577 945
1589 932
1594 917
1598 900
1598 881
1589 859
1581 836
1569 812
1552 785
1531 756
1506 724
1478 691
1446 659
1411 623
1369 585
1326 542
1280 501
1232 459
1180 418
1127 374
1070 329
1011 284
947 239
883 191
816 145
741 97
669 49
597 2
524 -46
449 -94
374 -140
297 -188
220 -234
141 -274
63 -319
-16 -362
-104 -405
-178 -437
-255 -476
-330 -516
-404 -553
-478 -589
-551 -625
-623 -661
-692 -692
-760 -722
-827 -750
-890 -777
-960 -801
-1019 -823
-1078 -843
-1132 -861
-1182 -878
-1231 -893
-1279 -905
-1320 -914
-1361 -922
-1398 -927
-1429 -932
-1460 -932
-1487 -929
-1511 -927
-1528 -922
-1545 -914
-1554 -902
-1562 -890
-1566 -876
-1566 -859
-1562 -840
-1554 -820
-1540 -799
-1524 -773
-1504 -746
-1484 -719
-1456 -688
-1424 -657
-1394 -625
-1357 -589
-1317 -553
-1272 -516
-1224 -476
-1176 -437
-1125 -396
-1064 -354
-1005 -312
-944 -268
-883 -224
-818 -180
-753 -135
-683 -89
-613 -44
-543 2
-469 48
-396 94
-321 138
-236 183
-159 228
-82 272
-5 315
71 358
148 400
224 440
300 480
375 519
449 555
522 591
602 626
673 662
741 693
807 724
874 753
935 777
995 801
1053 823
1109 843
1161 862
1212 879
1260 893
1308 905
1347 912
1384 920
1419 927
1449 930
1478 930
1502 927
1522 925
1535 917
1547 910
1560 900
1564 888
1564 874
1560 855
1555 836
1543 816
1531 792
1509 768
1490 742
1465 713
1434 683
1403 652
1369 618
1330 583
1280 546
1236 509
1186 471
1136 430
1082 389
1024 347
966 305
905 261
841 217
775 172
707 128
638 82
558 36
485 -10
412 -55
338 -101
261 -145
186 -191
109 -236
32 -279
-44 -323
-121 -365
-197 -406
-273 -448
-358 -487
-432 -526
-506 -562
-577 -598
-649 -633
-717 -670
-786 -700
-850 -729
-914 -756
-975 -784
-1035 -807
-1089 -830
-1151 -847
-1202 -866
-1251 -883
-1296 -895
-1335 -907
-1375 -917
-1409 -924
-1440 -929
-1472 -932
-1496 -932
-1516 -929
-1533 -927
-1549 -919
-1557 -912
-1562 -900
-1566 -888
-1566 -873
-1557 -854
-1549 -836
-1537 -816
-1520 -792
-1499 -767
-1475 -741
-1448 -711
-1413 -681
-1379 -649
-1342 -616
-1299 -580
-1255 -544
-1207 -506
-1156 -468
-1105 -427
-1050 -386
-992 -343
-929 -301
-866 -258
-794 -213
-726 -169
-657 -123
-587 -78
-516 -32
-442 13
-367 59
-292 104
-217 150
-140 195
-63 239
13 283
100 326
176 369
253 410
328 451
402 490
476 527
549 565
621 601
690 635
758 671
825 701
898 730
958 758
1017 784
1076 807
1130 830
1180 848
1229 866
1277 881
1318 895
1359 908
1396 915
1427 922
1461 927
1485 930
1509 930
1526 927
1543 922
1552 917
1560 908
1564 898
1564 883
1560 869
1552 850
1538 831
1522 809
1502 785
1482 761
1454 734
1422 705
1392 676
1355 643
1315 609
1270 574
1222 538
1174 500
1115 461
1062 420
1003 379
942 336
881 293
816 250
751 205
681 161
611 116
541 70
467 25
384 -21
309 -67
234 -113
157 -157
80 -202
3 -246
-73 -284
-150 -326
-226 -367
-302 -408
-377 -448
-451 -485
-533 -524
-604 -559
-675 -593
-743 -628
-809 -663
-876 -692
-937 -721
-997 -746
-1055 -770
-1111 -794
-1163 -816
-1214 -833
-1268 -852
-1310 -866
-1349 -881
-1386 -890
-1421 -900
-1451 -905
-1480 -910
-1504 -912
-1524 -912
-1537 -910
-1549 -905
-1562 -897
-1566 -890
-1566 -878
-1562 -864
-1557 -850
-1545 -832
-1533 -814
-1511 -792
-1492 -769
-1467 -744
-1436 -717
-1405 -688
-1364 -659
-1325 -628
-1282 -593
-1238 -559
-1188 -524
-1138 -485
-1084 -448
-1026 -408
-968 -367
-907 -326
-843 -284
-777 -241
-702 -198
-632 -154
-560 -110
-487 -65
-414 -21
-340 24
-263 68
-188 113
-111 157
-34 201
42 244
119 287
205 329
281 370
356 411
430 451
504 488
575 526
647 561
715 596
784 630
848 664
912 693
973 722
1039 748
1097 773
1149 797
1200 816
1249 834
1294 852
1333 866
1373 879
1407 891
1438 898
1470 905
1494 908
1514 910
1535 910
1547 908
1555 903
1560 895
1564 886
1564 874
1555 862
1547 845
1535 828
1518 809
1497 788
1470 765
1442 739
1411 710
1377 683
1340 654
1297 621
1253 587
1205 553
1154 516
1103 480
1048 441
990 401
920 360
857 319
792 276
724 234
655 191
585 147
514 102
440 58
365 13
290 -31
215 -77
138 -121
51 -165
-25 -209
-102 -252
-178 -295
-255 -336
-330 -378
-404 -417
-478 -458
-551 -495
-623 -533
-692 -568
-764 -603
-833 -635
-900 -670
-960 -700
-1019 -729
-1078 -755
-1132 -777
-1182 -801
-1231 -820
-1279 -838
-1320 -857
-1361 -871
-1402 -883
-1432 -893
-1463 -900
-1487 -907
-1511 -910
-1528 -912
-1545 -912
-1554 -910
-1562 -902
-1566 -895
-1566 -888
-1562 -876
-1554 -861
-1540 -845
-1524 -827
-1504 -807
-1484 -786
-1456 -763
-1424 -738
-1394 -711
-1357 -681
-1317 -650
-1272 -620
-1224 -585
-1169 -550
-1117 -514
-1064 -476
-1005 -439
-944 -398
-883 -357
-818 -316
-753 -273
-683 -231
-613 -186
-543 -143
-469 -99
-386 -54
-311 -9
-236 36
-159 80
-82 124
-5 169
71 212
148 256
224 298
300 340
375 381
458 421
531 461
602 498
673 534
741 570
807 604
874 638
935 671
995 701
1053 729
1109 754
1167 780
1219 801
1266 821
1308 838
1347 855
1384 869
1419 881
1449 893
1478 900
1502 905
1522 908
1535 910
1552 910
1560 905
1564 900
1564 893
1560 883
1555 871
1543 857
1531 841
1509 823
1490 803
1465 782
1434 758
1400 732
1362 705
1323 676
1280 645
1236 612
1186 578
1136 543
1082 508
1024 469
966 430
905 391
831 350
767 309
700 266
630 223
558 179
485 135
412 91
338 46
261 2
186 -43
109 -87
32 -132
-53 -176
-130 -220
-207 -263
-283 -299
-358 -340
-432 -379
-506 -418
-577 -456
-649 -493
-717 -529
-786 -565
-850 -598
-922 -630
-983 -663
-1041 -692
-1099 -719
-1151 -744
-1202 -767
-1251 -787
-1296 -807
-1335 -825
-1375 -840
-1409 -854
-1444 -866
-1472 -876
-1496 -883
-1516 -888
-1537 -893
-1549 -893
-1557 -890
-1562 -888
-1566 -883
-1566 -876
-1557 -864
-1549 -852
-1537 -838
-1516 -823
-1496 -805
-1472 -786
-1444 -765
-1413 -741
-1379 -715
-1342 -688
-1299 -659
-1255 -630
-1207 -598
-1156 -565
-1099 -529
-1041 -493
-983 -456
-922 -418
-859 -379
-794 -340
-726 -299
-657 -256
-587 -215
-516 -172
-442 -128
-367 -86
-283 -42
-207 2
-130 46
-53 89
23 133
100 176
176 218
253 261
328 302
402 343
476 383
549 421
630 459
700 497
767 532
831 566
898 599
958 631
1017 664
1076 693
1130 720
1180 744
1229 767
1277 788
1323 807
1362 825
1400 841
1430 855
1461 866
1485 874
1509 881
1526 888
1543 891
1552 891
1560 888
1564 886
1564 879
1560 871
1552 862
1538 850
1522 836
1502 818
1482 801
1454 782
1422 758
1392 736
1355 710
1315 683
1266 654
1219 624
1167 591
1115 558
1062 524
1003 488
942 451
881 412
816 372
751 333
681 292
611 250
531 208
458 165
384 121
309 78
234 34
157 -9
80 -53
3 -96
-73 -140
-150 -183
-226 -226
-302 -268
-386 -309
-460 -349
-533 -389
-604 -429
-675 -466
-743 -503
-809 -538
-876 -572
-937 -606
-997 -637
-1055 -670
-1111 -697
-1169 -724
-1221 -750
-1268 -773
-1310 -794
-1349 -811
-1386 -830
-1421 -845
-1451 -857
-1480 -868
-1504 -878
-1524 -885
-1540 -890
-1554 -893
-1562 -893
-1566 -890
-1566 -888
-1562 -881
-1557 -873
-1545 -861
-1533 -850
-1511 -836
-1492 -818
-1467 -801
-1432 -782
-1402 -758
-1364 -734
-1325 -709
-1282 -681
-1238 -652
-1188 -621
-1138 -589
-1084 -556
-1026 -521
-968 -485
-900 -448
-833 -408
-769 -369
-702 -329
-632 -289
-560 -246
-487 -205
-414 -162
-340 -118
-263 -75
-188 -31
-111 13
-25 56
51 100
128 143
205 186
281 229
356 271
430 319
504 360
575 401
647 441
715 480
792 516
857 553
920 587
981 621
1039 654
1097 686
1149 715
1200 742
1249 767
1294 790
1333 812
1373 830
1411 848
1442 862
1470 876
1494 888
1514 895
1535 903
1547 908
1555 910
1560 910
1564 908
1564 903
1555 898
1547 888
1535 879
1514 864
1494 850
1470 831
1442 814
1411 792
1377 768
1340 744
1297 719
1253 690
1200 661
1149 630
1097 596
1039 561
981 526
920 488
857 451
792 411
724 370
655 329
585 287
514 244
430 201
356 157
281 113
205 68
128 24
51 -21
-25 -65
-102 -110
-178 -154
-255 -198
-330 -241
-404 -284
-487 -326
-560 -367
-632 -408
-702 -448
-769 -485
-833 -524
-900 -559
-960 -593
-1019 -628
-1078 -659
-1132 -692
-1182 -721
-1238 -746
-1282 -770
-1325 -794
-1364 -816
-1402 -833
-1432 -852
-1463 -866
-1487 -881
-1511 -890
-1528 -900
-1545 -905
-1554 -910
-1562 -912
-1566 -912
-1566 -910
-1562 -905
-1554 -897
-1540 -890
-1524 -878
-1504 -864
-1484 -850
-1456 -832
-1424 -814
-1394 -792
-1349 -769
-1310 -744
-1268 -717
-1221 -688
-1169 -659
-1117 -628
-1064 -593
-1005 -559
-944 -524
-883 -485
-818 -448
-753 -408
-675 -367
-604 -326
-533 -284
-460 -241
-386 -198
-311 -154
-236 -110
-159 -65
-82 -21
-5 24
71 68
148 113
234 157
309 201
384 244
458 287
531 329
602 370
673 411
741 451
807 488
874 526
935 561
995 596
1062 630
1115 661
1167 693
1219 722
1266 748
1308 773
1347 797
1384 816
1419 834
1449 852
1478 866
1502 879
1522 891
1538 898
1552 905
1560 908
1564 910
1564 910
1560 908
1555 903
1543 895
1531 886
1509 874
1490 862
1461 845
1430 828
1400 809
1362 788
1323 765
1280 739
1236 710
1186 683
1136 654
1082 621
1024 587
958 553
898 516
831 480
767 441
700 401
630 360
558 319
485 276
412 234
338 191
261 147
186 102
100 58
23 13
-53 -31
-130 -77
-207 -121
-283 -165
-358 -209
-432 -252
-506 -295
-577 -336
-649 -378
-721 -417
-794 -458
-859 -495
-922 -533
-983 -568
-1041 -603
-1099 -635
-1151 -666
-1202 -700
-1251 -729
-1296 -755
-1335 -777
-1379 -801
-1413 -820
-1444 -838
-1472 -857
-1496 -871
-1516 -883
-1537 -893
-1549 -900
-1557 -907
-1562 -910
-1566 -912
-1562 -912
-1557 -910
-1549 -902
-1537 -895
-1516 -888
-1496 -876
-1472 -861
-1444 -845
-1413 -827
-1379 -807
-1342 -786
-1299 -763
-1251 -738
-1202 -711
-1151 -681
-1099 -650
-1041 -620
-983 -585
-922 -550
-859 -514
-794 -476
-726 -439
-657 -398
-587 -357
-506 -316
-432 -273
-358 -231
-283 -186
-207 -143
-130 -99
-53 -54
23 -9
100 36
176 80
253 124
338 169
412 212
485 256
558 298
630 347
700 389
767 430
831 471
898 509
958 546
1017 583
1076 618
1136 652
1186 683
1236 717
1280 744
1323 771
1362 797
1400 818
1430 838
1461 857
1485 874
1509 888
1526 900
1543 912
1555 920
1560 925
1564 927
1564 930
1560 930
1552 925
1538 920
1522 912
1502 903
1482 891
1449 876
1419 859
1384 841
1347 821
1308 799
1266 775
1219 748
1167 720
1115 690
1062 659
1003 626
942 591
874 555
807 519
741 480
673 440
602 400
531 358
458 315
384 272
309 228
234 183
157 138
80 94
-5 48
-82 2
-159 -44
-236 -89
-311 -135
-386 -180
-460 -224
-533 -268
-604 -312
-675 -354
-743 -396
-809 -437
-876 -476
-924 -510
-983 -545
-1041 -580
-1093 -614
-1144 -647
-1195 -678
-1241 -707
-1282 -734
-1320 -760
-1357 -784
-1390 -805
-1424 -825
-1451 -843
-1472 -859
-1492 -873
-1508 -885
-1520 -895
-1528 -902
-1533 -907
-1533 -912
-1528 -912
-1524 -910
-1511 -907
-1496 -900
-1480 -893
-1456 -883
-1432 -871
-1402 -857
-1371 -838
-1335 -820
-1296 -801
-1255 -777
-1211 -755
-1163 -729
-1113 -700
-1055 -670
-997 -640
-939 -606
-881 -572
-816 -536
-753 -500
-686 -463
-618 -417
-548 -378
-476 -336
-405 -295
-332 -252
-249 -209
-174 -165
-99 -121
-24 -77
51 -31
126 13
201 58
275 102
348 147
421 191
493 234
563 276
642 319
709 360
775 401
838 441
900 480
961 522
1017 557
1073 591
1123 626
1174 657
1222 686
1266 715
1311 742
1347 767
1381 790
1411 812
1438 830
1461 848
1482 862
1502 876
1514 888
1522 895
1526 903
1531 908
1526 910
1522 910
1514 908
1502 903
1482 895
1461 888
1438 876
1411 862
1381 848
1347 830
1311 812
1266 790
1222 767
1174 742
1123 715
1073 686
1017 657
961 626
900 591
838 557
775 522
709 483
642 446
563 401
493 360
421 319
348 276
275 234
201 191
126 147
51 102
-24 58
-99 13
-174 -31
-258 -77
-332 -121
-405 -165
-476 -209
-548 -252
-618 -295
-686 -336
-753 -378
-816 -417
-881 -458
-939 -495
-997 -536
-1060 -572
-1113 -606
-1163 -640
-1211 -670
-1255 -700
-1296 -729
-1335 -755
-1371 -777
-1402 -801
-1432 -820
-1456 -838
-1480 -857
-1499 -871
-1511 -883
-1524 -893
-1528 -900
-1533 -907
-1533 -910
-1528 -912
-1520 -912
-1508 -907
-1492 -902
-1472 -895
-1448 -885
-1421 -873
-1390 -859
-1357 -843
-1320 -825
-1282 -805
-1241 -784
-1195 -760
-1144 -734
-1093 -707
-1041 -678
-983 -647
-917 -614
-857 -580
-792 -545
-726 -510
-661 -471
-591 -432
-521 -388
-451 -347
-378 -305
-304 -263
-231 -220
-147 -176
-72 -132
3 -87
79 -43
154 2
229 46
302 91
376 135
449 179
519 223
589 266
659 309
734 350
799 400
862 440
922 480
981 519
1039 560
1091 596
1142 631
1193 662
1239 693
1280 724
1318 753
1362 777
1392 801
1422 823
1449 843
1470 862
1490 879
1506 893
1518 905
1526 912
1531 920
1531 927
1526 930
1518 930
1509 927
1494 925
1478 917
1454 910
1430 898
1400 886
1369 871
1333 852
1294 834
1253 814
1209 790
1154 765
1106 739
1053 709
995 679
937 647
879 614
814 578
751 542
684 504
616 466
546 425
474 379
394 336
321 293
247 250
172 205
97 161
22 116
-53 70
-128 25
-203 -21
-277 -67
-350 -113
-423 -157
-504 -202
-574 -246
-644 -290
-711 -333
-777 -376
-840 -417
-902 -458
-963 -497
-1019 -535
-1075 -576
-1125 -611
-1176 -645
-1227 -678
-1272 -707
-1313 -736
-1349 -763
-1383 -787
-1413 -811
-1440 -833
-1463 -852
-1484 -871
-1504 -885
-1516 -900
-1524 -910
-1533 -919
-1533 -924
-1528 -929
-1524 -932
-1516 -932
-1504 -929
-1484 -924
-1463 -917
-1440 -907
-1413 -895
-1383 -883
-1349 -866
-1306 -847
-1268 -830
-1224 -807
-1176 -784
-1125 -756
-1075 -729
-1019 -700
-963 -670
-902 -637
-840 -603
-777 -567
-711 -529
-635 -492
-565 -453
-495 -412
-423 -365
-350 -323
-277 -279
-203 -236
-128 -191
-53 -145
22 -101
97 -55
178 -10
256 36
330 82
403 128
474 172
546 217
616 261
684 305
751 347
814 389
879 430
937 471
1003 509
1058 546
1111 587
1161 623
1209 655
1253 686
1294 717
1333 744
1369 771
1400 797
1430 818
1458 838
1478 857
1497 874
1509 888
1522 900
1526 912
1531 920
1531 925
1526 927
1518 930
1506 930
1490 925
1470 920
1446 912
1419 900
1388 888
1355 874
1318 857
1280 838
1239 818
1193 797
1142 771
1091 744
1031 717
973 686
915 655
855 623
790 587
724 551
659 514
589 474
519 435
449 394
376 347
302 305
219 261
145 217
70 172
-5 128
-81 82
-156 36
-231 -10
-304 -55
-378 -101
-451 -145
-521 -191
-591 -236
-668 -279
-736 -323
-801 -365
-864 -406
-924 -448
-983 -487
-1041 -526
-1093 -562
-1144 -603
-1195 -637
-1241 -670
-1289 -700
-1328 -729
-1364 -756
-1394 -784
-1424 -807
-1451 -830
-1472 -847
-1492 -866
-1508 -883
-1520 -895
-1528 -907
-1533 -917
-1533 -924
-1528 -929
-1520 -932
-1511 -932
-1496 -929
-1480 -927
-1456 -919
-1432 -910
-1402 -900
-1371 -885
-1335 -871
-1296 -852
-1251 -833
-1204 -811
-1156 -787
-1108 -763
-1055 -736
-997 -707
-939 -678
-881 -645
-816 -611
-753 -576
-686 -540
-609 -502
-540 -463
-468 -422
-396 -381
-323 -333
-249 -290
-174 -246
-99 -202
-24 -157
51 -113
126 -67
201 -21
284 25
358 70
430 116
502 161
572 205
642 250
709 293
775 336
838 379
900 420
961 471
1017 510
1073 549
1130 587
1180 628
1225 661
1270 693
1311 724
1347 754
1381 782
1411 807
1438 831
1461 852
1482 871
1502 891
1514 905
1522 917
1531 930
1531 937
1526 945
1522 947
1514 950
1502 950
1482 947
1461 942
1438 932
1411 925
1377 912
1344 898
1304 881
1266 862
1222 841
1174 818
1123 794
1073 768
1017 741
961 709
900 677
830 645
767 609
700 572
633 534
563 495
493 456
421 413
348 370
275 322
201 278
126 233
51 188
-34 142
-109 95
-184 49
-258 2
-332 -45
-405 -91
-476 -137
-548 -184
-618 -229
-686 -274
-753 -319
-816 -362
-888 -405
-947 -447
-1005 -487
-1060 -526
-1113 -565
-1163 -603
-1211 -642
-1255 -675
-1296 -707
-1335 -738
-1371 -767
-1402 -794
-1436 -818
-1460 -840
-1480 -861
-1499 -881
-1511 -897
-1524 -912
-1528 -924
-1533 -934
-1533 -942
-1528 -947
-1520 -952
-1508 -952
-1492 -949
-1472 -947
-1448 -942
-1421 -932
-1390 -922
-1357 -910
-1320 -895
-1282 -876
-1241 -857
-1195 -836
-1144 -811
-1093 -787
-1033 -760
-975 -731
-917 -700
-857 -668
-792 -633
-726 -598
-661 -560
-591 -522
-521 -483
-451 -442
-378 -400
-295 -357
-221 -307
-147 -263
-72 -217
3 -172
79 -126
154 -80
229 -33
302 14
376 60
449 107
519 153
597 199
666 244
734 288
799 333
862 377
922 418
981 461
1039 501
1091 539
1142 577
1193 614
1243 654
1287 686
1326 717
1362 746
1392 775
1422 801
1449 825
1470 848
1490 866
1506 886
1518 900
1526 915
1531 927
1531 935
1526 942
1518 947
1509 950
1494 950
1478 947
1454 942
1430 937
1400 927
1369 915
1330 900
1290 886
1249 866
1202 848
1154 825
1106 801
1053 775
995 746
937 717
879 686
814 654
751 618
676 582
607 545
538 505
466 466
394 425
321 382
247 339
172 288
97 244
22 199
-53 153
-128 107
-212 60
-286 14
-360 -33
-432 -80
-504 -126
-574 -172
-644 -217
-711 -263
-777 -307
-840 -352
-902 -394
-970 -436
-1026 -478
-1081 -517
-1132 -556
-1182 -593
-1227 -630
-1272 -668
-1313 -700
-1349 -731
-1383 -760
-1413 -787
-1440 -811
-1467 -836
-1487 -857
-1504 -876
-1516 -895
-1524 -910
-1533 -922
-1533 -932
-1528 -939
-1524 -947
-1516 -949
-1504 -952
-1484 -952
-1463 -949
-1440 -942
-1409 -934
-1379 -924
-1346 -912
-1306 -897
-1268 -881
-1224 -861
-1176 -840
-1125 -818
-1075 -794
-1019 -767
-954 -738
-895 -707
-832 -675
-769 -642
-702 -606
-635 -570
-565 -533
-495 -492
-423 -451
-350 -410
-277 -367
-203 -324
-118 -274
-43 -229
32 -184
107 -137
182 -91
256 -45
330 2
403 49
474 95
546 142
616 188
684 233
758 278
823 322
886 365
945 408
1003 449
1058 490
1111 542
1161 580
1209 618
1253 654
1294 691
1333 724
1373 756
1403 785
1434 812
1458 836
1478 859
1497 881
1509 900
1522 917
1526 932
1531 945
1531 952
1526 961
1514 968
1502 971
1490 971
1470 968
1446 966
1419 958
1388 950
1355 937
1318 925
1280 910
1239 891
1193 871
1136 850
1085 825
1031 799
973 771
915 741
855 709
790 676
724 642
659 604
589 566
519 526
449 486
367 444
293 401
219 357
145 312
70 261
-5 215
-81 169
-156 121
-231 73
-304 26
-378 -22
-451 -70
-531 -117
-599 -164
-668 -210
-736 -258
-801 -302
-864 -348
-924 -393
-983 -436
-1041 -478
-1093 -518
-1144 -559
-1195 -596
-1245 -633
-1289 -670
-1328 -707
-1364 -738
-1394 -769
-1424 -796
-1451 -823
-1472 -847
-1492 -871
-1508 -890
-1520 -910
-1528 -924
-1533 -939
-1533 -949
-1528 -960
-1520 -965
-1511 -970
-1496 -973
-1480 -973
-1456 -970
-1432 -965
-1402 -958
-1368 -949
-1332 -934
-1292 -922
-1251 -905
-1204 -885
-1156 -866
-1108 -843
-1055 -818
-997 -790
-939 -760
-881 -731
-816 -700
-744 -664
-678 -630
-609 -591
-540 -553
-468 -514
-396 -473
-323 -430
-249 -387
-174 -343
-99 -297
-24 -246
60 -200
135 -152
210 -105
284 -58
358 -10
430 38
502 85
572 133
642 179
709 227
775 273
838 319
908 363
968 406
1024 449
1079 491
1130 532
1180 570
1225 609
1270 645
1311 681
1347 717
1381 748
1411 777
1442 805
1465 831
1485 855
1502 876
1514 895
1522 912
1531 927
1531 940
1526 952
1522 961
1514 966
1497 968
1482 971
1461 971
1438 966
1407 961
1377 952
1344 942
1304 927
1266 912
1222 895
1174 876
1123 855
1065 831
1011 805
952 777
893 748
830 717
767 684
700 650
633 614
563 575
493 536
421 495
348 454
266 412
191 367
116 324
41 278
-34 227
-109 179
-184 133
-258 85
-332 38
-405 -10
-476 -58
-556 -105
-626 -152
-693 -200
-760 -246
-825 -292
-888 -337
-947 -381
-1005 -424
-1060 -468
-1113 -509
-1163 -548
-1211 -587
-1255 -625
-1303 -661
-1342 -693
-1375 -731
-1405 -760
-1436 -790
-1460 -818
-1480 -843
-1499 -866
-1511 -885
-1524 -905
-1528 -922
-1533 -934
-1533 -947
-1528 -958
-1516 -965
-1504 -970
-1492 -973
-1472 -973
-1448 -970
-1421 -968
-1390 -960
-1357 -952
-1320 -939
-1282 -924
-1234 -910
-1188 -890
-1138 -871
-1087 -847
-1033 -823
-975 -796
-917 -769
-857 -738
-792 -707
-726 -673
-661 -638
-591 -601
-512 -563
-441 -524
-369 -483
-295 -441
-221 -398
-147 -353
-72 -309
3 -263
79 -210
154 -164
229 -117
302 -70
385 -22
457 26
529 73
597 121
666 169
734 215
799 261
862 307
922 351
981 396
1039 439
1099 481
1149 522
1196 561
1243 612
1287 650
1326 686
1362 720
1392 756
1422 788
1449 816
1470 843
1490 869
1506 891
1518 910
1526 930
1531 945
1531 958
1526 971
1518 978
1509 987
1494 990
1478 992
1454 992
1430 990
1396 984
1366 976
1330 966
1290 952
1249 937
1202 920
1154 900
1106 879
1053 855
995 830
937 803
879 773
807 741
742 707
676 673
607 636
538 597
466 558
394 517
321 476
247 432
172 387
97 343
22 295
-62 249
-137 196
-212 148
-286 99
-360 51
-432 2
-504 -46
-574 -96
-644 -144
-711 -192
-777 -239
-847 -286
-910 -333
-970 -378
-1026 -423
-1081 -466
-1132 -509
-1182 -550
-1227 -589
-1272 -630
-1313 -666
-1349 -705
-1386 -738
-1417 -770
-1444 -801
-1467 -830
-1487 -854
-1504 -878
-1516 -900
-1524 -919
-1533 -937
-1533 -952
-1528 -965
-1524 -975
-1511 -983
-1499 -992
-1484 -994
-1463 -994
-1440 -992
-1409 -989
-1379 -980
-1346 -973
-1306 -963
-1268 -949
-1224 -934
-1176 -914
-1120 -895
-1067 -871
-1013 -845
-954 -818
-895 -790
-832 -758
-769 -726
-702 -692
-635 -657
-565 -620
-495 -580
-414 -540
-341 -499
-268 -456
-193 -406
-118 -361
-43 -316
32 -268
107 -222
182 -174
256 -125
330 -77
403 -29
483 20
554 70
624 118
691 166
758 220
823 266
886 314
945 359
1003 404
1058 449
1111 491
1161 533
1215 574
1260 612
1301 650
1340 686
1373 724
1403 756
1434 788
1458 816
1478 843
1497 869
1509 891
1522 910
1526 930
1531 945
1531 958
1526 971
1514 978
1502 987
1490 990
1470 992
1446 992
1419 990
1388 981
1352 973
1315 966
1277 952
1232 937
1186 920
1136 900
1085 879
1031 852
973 828
915 799
855 768
790 736
717 703
650 668
580 631
510 592
439 554
367 512
293 469
219 427
145 376
70 331
-5 284
-81 237
-165 190
-239 142
-314 94
-387 44
-459 -4
-531 -53
-599 -101
-668 -150
-736 -198
-801 -251
-864 -297
-924 -345
-992 -389
-1047 -434
-1101 -478
-1151 -519
-1198 -560
-1245 -599
-1289 -638
-1328 -675
-1364 -709
-1394 -746
-1424 -777
-1451 -807
-1475 -836
-1496 -861
-1508 -885
-1520 -905
-1528 -924
-1533 -942
-1533 -954
-1528 -968
-1520 -978
-1511 -986
-1496 -992
-1480 -994
-1451 -994
-1429 -992
-1398 -986
-1368 -980
-1332 -970
-1292 -960
-1251 -944
-1204 -929
-1156 -910
-1108 -890
-1055 -866
-997 -838
-932 -811
-871 -782
-809 -750
-744 -719
-678 -685
-609 -647
-540 -609
-468 -571
-396 -529
-323 -488
-249 -446
-174 -401
-90 -350
-15 -304
60 -256
135 -210
210 -162
284 -113
358 -65
430 -16
502 32
572 82
642 130
709 178
782 225
845 278
908 326
968 370
1024 415
1079 459
1130 502
1180 543
1225 583
1270 623
1311 659
1347 710
1384 744
1415 782
1442 812
1465 841
1485 869
1502 893
1514 915
1522 935
1531 952
1531 968
1526 981
1522 995
1509 1003
1497 1009
1482 1014
1461 1014
1438 1011
1407 1009
1377 1003
1344 995
1304 981
1266 968
1222 952
1167 935
1118 915
1065 893
1011 869
952 838
893 809
830 777
767 744
700 710
633 673
563 636
483 596
412 555
339 514
266 469
191 425
116 379
41 326
-34 278
-109 230
-184 182
-258 133
-332 83
-414 34
-485 -17
-556 -67
-626 -116
-693 -166
-760 -214
-825 -263
-888 -316
-947 -364
-1005 -410
-1060 -456
-1120 -499
-1169 -541
-1217 -584
-1262 -623
-1303 -661
-1342 -700
-1375 -734
-1405 -767
-1436 -803
-1460 -832
-1480 -859
-1499 -885
-1511 -910
-1524 -929
-1528 -949
-1533 -965
-1533 -980
-1528 -992
-1516 -1002
-1504 -1007
-1492 -1013
-1472 -1016
-1448 -1016
-1421 -1013
-1386 -1007
-1354 -999
-1317 -989
-1279 -975
-1234 -963
-1188 -944
-1138 -924
-1087 -905
-1033 -881
-975 -854
-917 -823
-847 -792
-784 -758
-719 -724
-652 -690
-582 -652
-512 -613
-441 -572
-369 -531
-295 -488
-221 -443
-147 -398
-72 -352
13 -299
88 -251
163 -202
237 -153
312 -104
385 -53
457 -4
529 46
597 95
666 145
734 194
799 242
869 290
930 343
990 391
1045 437
1099 480
1149 524
1196 566
1243 606
1287 645
1326 683
1362 719
1392 753
1427 785
1449 821
1473 848
1494 874
1506 898
1518 920
1526 940
1531 958
1531 973
1526 987
1518 995
1509 1003
1494 1011
1473 1014
1449 1014
1427 1011
1396 1009
1366 1000
1330 992
1290 978
1249 966
1202 950
1154 930
1106 910
1045 888
990 862
930 834
869 801
807 768
742 736
676 701
607 664
538 626
466 587
394 545
321 502
237 458
163 413
88 367
13 321
-62 266
-137 218
-212 169
-286 120
-360 70
-432 21
-504 -29
-574 -79
-652 -128
-719 -178
-784 -226
-847 -275
-910 -323
-970 -374
-1026 -420
-1081 -465
-1132 -510
-1182 -551
-1227 -593
-1272 -633
-1317 -671
-1354 -707
-1386 -743
-1417 -775
-1444 -807
-1467 -840
-1487 -866
-1504 -893
-1516 -914
-1524 -934
-1533 -954
-1533 -970
-1528 -983
-1524 -994
-1511 -1002
-1499 -1011
-1484 -1013
-1463 -1016
-1440 -1016
-1409 -1011
-1379 -1005
-1346 -997
-1306 -986
-1262 -973
-1217 -958
-1169 -939
-1120 -919
-1067 -897
-1013 -873
-954 -847
-895 -818
-832 -784
-769 -750
-702 -717
-635 -681
-556 -644
-485 -603
-414 -562
-341 -519
-268 -476
-193 -432
-118 -386
-43 -340
32 -292
107 -239
182 -190
256 -140
339 -91
412 -41
483 8
554 58
624 108
691 157
758 206
823 254
886 302
945 350
1003 402
1058 447
1118 491
1167 534
1215 575
1260 616
1301 655
1340 691
1373 729
1403 761
1434 809
1458 841
1478 874
1497 900
1509 925
1522 945
1526 966
1531 981
1531 997
1526 1011
1514 1019
1502 1028
1490 1033
1470 1036
1442 1036
1415 1033
1384 1028
1352 1019
1315 1011
1277 997
1232 981
1186 966
1136 945
1085 925
1031 900
973 874
908 845
845 814
782 777
717 744
650 707
580 669
510 630
439 587
367 546
293 502
219 457
145 411
60 364
-15 315
-90 266
-165 210
-239 160
-314 111
-387 60
-459 8
-531 -43
-599 -93
-668 -144
-744 -194
-809 -244
-871 -293
-932 -342
-992 -389
-1047 -442
-1101 -487
-1151 -531
-1198 -574
-1245 -616
-1289 -657
-1328 -695
-1368 -732
-1398 -767
-1429 -801
-1451 -832
-1475 -861
-1496 -893
-1508 -917
-1520 -939
-1528 -960
-1533 -978
-1533 -994
-1528 -1007
-1520 -1019
-1508 -1026
-1496 -1033
-1475 -1038
-1451 -1038
-1429 -1035
-1398 -1033
-1368 -1024
-1332 -1016
-1292 -1005
-1251 -992
-1198 -975
-1151 -954
-1101 -934
-1047 -912
-992 -885
-932 -859
-871 -830
-809 -796
-744 -758
-678 -722
-609 -686
-540 -647
-459 -606
-387 -563
-314 -521
-239 -475
-165 -430
-90 -383
-15 -335
60 -287
135 -237
210 -181
284 -131
358 -80
439 -29
510 22
580 72
650 123
717 173
782 223
845 273
908 321
968 370
1024 416
1079 468
1130 514
1186 557
1232 599
1277 640
1315 679
1352 717
1384 753
1415 785
1442 818
1465 848
1485 876
1502 908
1514 930
1526 950
1531 971
1531 987
1526 1000
1522 1014
1509 1022
1497 1031
1482 1033
1461 1036
1438 1036
1407 1033
1377 1024
1340 1017
1301 1009
1260 995
1215 978
1167 961
1118 940
1065 917
1011 893
952 866
893 838
830 807
767 773
691 734
624 698
554 659
483 619
412 578
339 534
266 490
191 446
116 399
41 351
-34 303
-109 254
-193 205
-268 148
-341 97
-414 46
-485 -4
-556 -55
-626 -106
-693 -157
-760 -207
-825 -256
-888 -305
-947 -353
-1013 -401
-1067 -448
-1120 -499
-1169 -543
-1217 -585
-1262 -626
-1303 -666
-1342 -705
-1375 -741
-1405 -775
-1436 -809
-1460 -840
-1484 -868
-1499 -895
-1511 -924
-1524 -944
-1528 -965
-1533 -983
-1533 -997
-1528 -1011
-1516 -1021
-1504 -1030
-1492 -1035
-1472 -1038
-1444 -1038
-1417 -1035
-1386 -1033
-1354 -1024
-1317 -1013
-1279 -1002
-1234 -986
-1188 -970
-1138 -949
-1087 -929
-1033 -905
-970 -878
-910 -850
-847 -820
-784 -787
-719 -755
-652 -715
-582 -675
-512 -637
-441 -596
-369 -553
-295 -510
-221 -465
-137 -418
-62 -372
13 -323
88 -275
163 -225
237 -175
312 -118
385 -68
457 -17
529 34
597 85
676 135
742 186
807 235
869 285
930 333
990 381
1045 428
1099 473
1149 524
1196 568
1243 609
1287 650
1330 688
1366 727
1396 761
1427 794
1449 828
1473 857
1494 903
1506 930
1518 956
1526 976
1531 995
1531 1011
1526 1024
1518 1039
1506 1048
1494 1053
1473 1056
1449 1058
1427 1058
1396 1053
1366 1048
1330 1039
1290 1024
1243 1011
1196 995
1149 976
1099 956
1045 932
990 908
930 879
869 848
807 816
742 782
676 746
607 703
529 664
457 623
385 580
312 536
237 490
163 444
88 396
13 347
-62 297
-137 247
-212 196
-295 145
-369 87
-441 34
-512 -17
-582 -69
-652 -121
-719 -173
-784 -224
-847 -274
-910 -324
-970 -374
-1026 -422
-1087 -469
-1138 -516
-1188 -565
-1234 -609
-1279 -650
-1317 -690
-1354 -731
-1386 -767
-1417 -801
-1444 -833
-1467 -866
-1487 -895
-1504 -922
-1516 -947
-1528 -970
-1533 -992
-1533 -1007
-1528 -1024
-1524 -1035
-1511 -1047
-1499 -1052
-1484 -1058
-1463 -1060
-1440 -1060
-1405 -1058
-1375 -1052
-1342 -1043
-1303 -1033
-1262 -1019
-1217 -1005
-1169 -986
-1120 -965
-1067 -944
-1013 -919
-954 -893
-895 -861
-825 -830
-760 -796
-693 -763
-626 -724
-556 -681
-485 -640
-414 -598
-341 -555
-268 -510
-193 -463
-118 -415
-43 -367
41 -318
116 -268
191 -217
266 -166
339 -115
412 -56
483 -4
554 48
624 100
691 151
758 203
823 254
893 303
952 353
1011 401
1065 449
1118 495
1167 541
1215 591
1260 633
1301 673
1340 713
1373 751
1403 785
1438 821
1461 852
1482 883
1497 910
1509 935
1522 958
1526 981
1531 1000
1531 1017
1526 1031
1514 1039
1502 1048
1485 1056
1465 1058
1442 1058
1415 1056
1384 1053
1352 1045
1315 1036
1277 1022
1232 1009
1186 992
1136 971
1085 950
1024 927
968 900
908 871
845 841
782 807
717 773
650 736
580 700
510 654
439 612
367 569
293 524
210 478
135 432
60 383
-15 334
-90 285
-165 234
-239 183
-314 132
-387 80
-459 22
-531 -31
-609 -82
-678 -134
-744 -185
-809 -236
-871 -287
-932 -336
-992 -385
-1047 -434
-1101 -480
-1151 -526
-1198 -571
-1245 -620
-1292 -661
-1332 -702
-1368 -738
-1398 -775
-1429 -809
-1451 -843
-1475 -873
-1496 -902
-1508 -929
-1520 -952
-1528 -973
-1533 -997
-1533 -1013
-1528 -1026
-1520 -1038
-1508 -1047
-1496 -1055
-1475 -1058
-1451 -1060
-1429 -1060
-1398 -1058
-1368 -1050
-1332 -1041
-1289 -1033
-1245 -1016
-1198 -999
-1151 -980
-1101 -960
-1047 -937
-992 -912
-932 -885
-871 -854
-809 -823
-744 -787
-668 -753
-599 -715
-531 -675
-459 -630
-387 -587
-314 -543
-239 -497
-165 -451
-90 -403
-15 -355
60 -305
135 -256
219 -205
293 -153
367 -102
439 -50
510 9
580 61
650 113
717 164
782 215
845 266
908 316
968 365
1031 413
1085 461
1136 508
1186 553
1232 596
1277 643
1315 684
1352 722
1384 761
1415 794
1442 828
1470 859
1490 891
1502 917
1514 942
1526 984
1531 1005
1531 1024
1526 1041
1522 1056
1509 1065
1497 1073
1482 1079
1458 1082
1434 1082
1403 1079
1373 1073
1340 1067
1301 1056
1260 1045
1215 1024
1167 1009
1118 987
1065 966
1011 940
945 912
886 883
823 850
758 816
691 782
624 744
554 703
483 662
412 614
339 570
266 524
182 478
107 429
32 380
-43 329
-118 278
-193 227
-268 174
-341 121
-414 68
-485 15
-556 -44
-626 -97
-702 -150
-769 -203
-832 -255
-895 -306
-954 -357
-1013 -406
-1067 -456
-1120 -503
-1169 -550
-1217 -594
-1262 -638
-1303 -686
-1346 -726
-1379 -765
-1409 -801
-1440 -836
-1463 -868
-1484 -900
-1499 -929
-1511 -954
-1524 -978
-1528 -999
-1533 -1019
-1533 -1038
-1528 -1052
-1484 -1041
-1472 -1050
-1456 -1055
-1436 -1060
-1413 -1060
-1386 -1058
-1357 -1055
-1325 -1047
-1289 -1038
-1251 -1026
-1207 -1013
-1156 -997
-1108 -975
-1058 -954
-1005 -932
-949 -905
-890 -873
-830 -843
-767 -809
-703 -775
-638 -738
-570 -702
-502 -661
-423 -620
-352 -576
-280 -526
-207 -480
-135 -434
-61 -385
13 -336
87 -287
160 -236
232 -185
305 -134
377 -75
456 -24
526 29
594 80
661 132
727 183
790 234
850 285
910 334
968 383
1022 437
1076 483
1123 531
1176 574
1222 618
1263 659
1301 700
1337 736
1366 773
1396 812
1419 845
1442 876
1461 903
1473 930
1485 952
1494 973
1497 995
1497 1011
1494 1024
1485 1039
1473 1048
1461 1053
1442 1056
1419 1058
1396 1058
1366 1053
1337 1048
1297 1039
1260 1024
1215 1011
1171 995
1123 976
1076 956
1022 932
968 908
910 879
850 845
790 812
727 777
652 742
585 703
517 664
447 623
377 580
305 536
232 483
160 437
87 389
13 341
-61 291
-144 241
-216 190
-289 138
-361 87
-431 29
-502 -24
-570 -75
-638 -128
-703 -179
-767 -230
-830 -280
-890 -330
-954 -379
-1011 -427
-1064 -480
-1113 -526
-1163 -571
-1207 -614
-1251 -656
-1289 -695
-1325 -734
-1357 -770
-1386 -805
-1417 -843
-1440 -873
-1460 -902
-1472 -929
-1484 -952
-1496 -973
-1499 -994
-1499 -1011
-1496 -1024
-1492 -1038
-1480 -1047
-1467 -1055
-1448 -1058
-1429 -1060
-1405 -1060
-1375 -1058
-1346 -1050
-1313 -1041
-1275 -1030
-1234 -1016
-1192 -999
-1144 -980
-1096 -960
-1038 -937
-983 -912
-927 -885
-868 -854
-807 -818
-744 -784
-679 -748
-613 -711
-544 -671
-475 -630
-405 -587
-333 -543
-253 -497
-180 -446
-106 -398
-33 -349
41 -299
114 -249
187 -198
259 -147
331 -96
403 -43
473 15
542 67
619 119
684 171
751 222
812 272
874 322
932 372
990 420
1041 467
1094 519
1142 563
1190 607
1239 648
1277 688
1315 729
1347 765
1377 799
1407 831
1430 866
1449 895
1465 922
1478 947
1490 968
1494 990
1497 1005
1497 1045
1490 1056
1482 1067
1470 1076
1454 1079
1434 1082
1411 1082
1384 1079
1355 1073
1323 1065
1287 1053
1243 1039
1200 1022
1154 1003
1106 981
1056 958
1003 932
947 905
888 876
828 843
765 803
701 767
636 729
560 688
491 647
421 604
350 558
278 512
205 466
133 410
59 360
-15 310
-89 259
-162 207
-234 155
-316 102
-387 49
-458 -4
-528 -64
-596 -117
-663 -169
-729 -222
-792 -274
-852 -325
-912 -376
-970 -424
-1024 -473
-1084 -521
-1132 -572
-1178 -616
-1224 -659
-1265 -702
-1303 -741
-1339 -779
-1368 -814
-1398 -847
-1421 -881
-1444 -914
-1463 -942
-1480 -968
-1487 -989
-1496 -1011
-1499 -1026
-1499 -1043
-1496 -1058
-1487 -1067
-1475 -1075
-1463 -1081
-1444 -1084
-1421 -1084
-1398 -1081
-1364 -1075
-1335 -1067
-1299 -1058
-1262 -1043
-1217 -1026
-1173 -1007
-1125 -986
-1078 -965
-1024 -939
-970 -912
-912 -881
-852 -847
-784 -814
-721 -773
-654 -736
-587 -695
-519 -654
-449 -611
-379 -567
-307 -521
-234 -473
-162 -424
-89 -369
-15 -319
68 -268
142 -215
214 -164
287 -111
359 -58
429 -4
500 49
568 109
636 162
701 213
765 266
828 317
895 367
952 416
1009 466
1062 512
1111 558
1161 609
1205 652
1249 693
1287 734
1323 771
1355 807
1386 843
1415 876
1438 905
1458 937
1470 963
1482 984
1494 1005
1497 1024
1497 1039
1494 1053
1490 1065
1478 1073
1465 1079
1446 1082
1427 1082
1403 1079
1373 1073
1344 1067
1311 1056
1273 1045
1232 1028
1190 1009
1142 987
1087 966
1036 940
981 912
925 883
866 850
805 816
742 782
677 739
611 700
542 657
473 614
403 570
323 524
251 478
178 429
104 380
31 323
-43 272
-116 220
-189 167
-261 115
-333 62
-405 9
-485 -44
-553 -97
-621 -157
-686 -209
-753 -261
-814 -312
-876 -362
-934 -412
-992 -461
-1043 -509
-1096 -555
-1144 -599
-1198 -649
-1241 -690
-1279 -731
-1317 -769
-1349 -805
-1379 -840
-1409 -873
-1432 -905
-1451 -932
-1467 -960
-1480 -983
-1492 -1005
-1496 -1024
-1499 -1041
-1499 -1055
-1492 -1064
-1484 -1072
-1472 -1081
-1456 -1084
-1436 -1084
-1413 -1081
-1386 -1078
-1357 -1069
-1320 -1060
-1286 -1047
-1245 -1033
-1202 -1016
-1156 -992
-1108 -970
-1058 -944
-1005 -917
-949 -888
-890 -857
-830 -823
-767 -787
-695 -750
-630 -705
-562 -664
-493 -623
-423 -577
-352 -533
-280 -485
-207 -437
-135 -388
-61 -337
13 -280
87 -229
169 -176
242 -123
314 -70
385 -17
456 36
526 89
594 142
661 201
727 253
790 304
850 355
917 404
973 454
1031 501
1082 548
1130 592
1176 636
1222 684
1263 724
1301 763
1337 799
1366 834
1396 866
1422 898
1446 927
1461 952
1478 978
1485 1000
1494 1019
1497 1036
1497 1050
1494 1062
1485 1070
1473 1099
1461 1106
1442 1106
1419 1103
1392 1099
1362 1091
1333 1082
1297 1070
1260 1056
1215 1039
1171 1017
1123 992
1076 968
1022 940
968 910
903 879
843 843
782 807
719 768
652 730
585 683
517 640
447 594
377 548
305 500
232 451
160 400
77 350
3 297
-70 239
-144 184
-216 131
-289 77
-361 22
-431 -31
-502 -86
-570 -140
-638 -193
-711 -253
-775 -306
-838 -358
-897 -408
-954 -459
-1011 -507
-1064 -556
-1113 -601
-1163 -647
-1207 -690
-1251 -736
-1289 -777
-1328 -814
-1361 -850
-1390 -885
-1417 -917
-1440 -944
-1460 -973
-1472 -997
-1484 -1021
-1496 -1041
-1499 -1058
-1499 -1072
-1496 -1087
-1492 -1096
-1480 -1101
-1467 -1105
-1448 -1108
-1429 -1105
-1405 -1101
-1375 -1096
-1346 -1087
-1313 -1072
-1275 -1058
-1234 -1041
-1192 -1021
-1138 -999
-1089 -973
-1038 -944
-983 -917
-927 -885
-868 -850
-807 -814
-744 -777
-679 -736
-613 -695
-544 -647
-475 -601
-396 -556
-325 -507
-253 -459
-180 -408
-106 -358
-33 -306
41 -253
114 -193
187 -140
259 -86
331 -31
403 22
483 77
551 131
619 184
684 239
751 297
812 350
874 400
932 451
990 500
1041 548
1094 594
1149 640
1196 683
1239 724
1277 768
1315 807
1347 843
1377 879
1407 910
1430 940
1449 968
1465 992
1478 1014
1490 1039
1494 1056
1497 1070
1497 1082
1490 1091
1482 1099
1470 1103
1454 1106
1434 1106
1411 1099
1384 1094
1352 1085
1318 1073
1284 1058
1243 1041
1200 1022
1154 1000
1106 976
1056 947
1003 917
947 886
888 852
828 816
758 780
693 741
628 700
560 655
491 606
421 560
350 512
278 463
205 413
133 363
59 311
-24 258
-97 205
-171 145
-244 90
-316 36
-387 -18
-458 -72
-528 -126
-596 -181
-663 -234
-729 -286
-792 -345
-861 -396
-919 -447
-975 -497
-1033 -544
-1084 -589
-1132 -637
-1178 -679
-1224 -721
-1265 -763
-1303 -805
-1339 -840
-1368 -876
-1402 -907
-1424 -937
-1448 -965
-1463 -992
-1480 -1013
-1487 -1035
-1496 -1055
-1499 -1069
-1499 -1084
-1496 -1093
-1487 -1101
-1475 -1105
-1460 -1108
-1440 -1108
-1421 -1105
-1394 -1096
-1364 -1087
-1335 -1078
-1299 -1064
-1262 -1047
-1217 -1026
-1173 -1005
-1125 -980
-1069 -954
-1019 -924
-963 -893
-905 -859
-845 -823
-784 -786
-721 -746
-654 -705
-587 -663
-519 -620
-449 -567
-379 -519
-297 -471
-226 -420
-152 -371
-79 -319
-5 -267
68 -214
142 -160
214 -99
287 -45
359 9
429 63
500 118
577 171
645 225
709 278
773 330
836 388
895 439
952 488
1009 536
1062 583
1111 628
1161 671
1205 715
1253 754
1290 794
1326 834
1359 869
1388 903
1415 932
1438 961
1458 987
1470 1009
1482 1031
1494 1048
1497 1067
1497 1079
1494 1091
1490 1097
1478 1103
1465 1106
1446 1106
1427 1127
1403 1121
1373 1111
1344 1099
1311 1085
1273 1070
1225 1050
1183 1028
1136 1005
1087 978
1036 950
981 915
925 881
866 843
805 805
742 767
677 724
611 681
534 636
464 589
394 534
323 486
251 435
178 383
104 331
31 277
-43 223
-116 169
-189 114
-261 51
-343 -5
-414 -60
-485 -116
-553 -171
-621 -225
-686 -279
-753 -333
-814 -385
-876 -443
-934 -493
-992 -544
-1043 -591
-1101 -638
-1151 -683
-1198 -726
-1241 -769
-1279 -807
-1317 -845
-1349 -885
-1379 -919
-1409 -952
-1432 -980
-1451 -1007
-1467 -1030
-1484 -1052
-1492 -1072
-1496 -1087
-1499 -1105
-1499 -1113
-1492 -1123
-1484 -1129
-1472 -1132
-1456 -1132
-1436 -1129
-1413 -1123
-1386 -1117
-1354 -1105
-1320 -1089
-1286 -1072
-1245 -1055
-1202 -1033
-1156 -1011
-1108 -983
-1058 -954
-1005 -924
-949 -885
-890 -850
-823 -814
-760 -773
-695 -732
-630 -688
-562 -644
-493 -598
-423 -550
-352 -493
-280 -443
-207 -393
-135 -340
-51 -286
22 -232
95 -177
169 -122
242 -67
314 -5
385 51
456 106
526 162
594 217
661 271
727 324
797 377
859 428
917 486
973 534
1031 583
1082 631
1130 676
1176 719
1222 761
1263 801
1301 838
1340 876
1369 915
1400 945
1422 973
1446 1000
1461 1024
1478 1048
1485 1067
1494 1085
1497 1099
1497 1111
1494 1121
1485 1127
1473 1130
1458 1130
1438 1127
1419 1123
1392 1115
1362 1106
1333 1091
1297 1073
1260 1056
1215 1033
1171 1011
1118 984
1067 956
1017 925
961 893
903 852
843 816
782 777
719 734
652 691
585 648
517 601
439 554
367 505
295 449
224 396
150 343
77 290
3 237
-70 182
-144 128
-216 72
-289 17
-361 -46
-441 -101
-510 -157
-579 -212
-647 -266
-711 -319
-775 -372
-838 -424
-897 -475
-954 -531
-1011 -579
-1064 -626
-1113 -671
-1169 -717
-1214 -758
-1255 -799
-1292 -836
-1328 -873
-1361 -907
-1390 -944
-1417 -973
-1440 -999
-1460 -1024
-1472 -1047
-1487 -1067
-1496 -1084
-1499 -1099
-1499 -1111
-1496 -1120
-1492 -1129
-1480 -1132
-1467 -1132
-1448 -1129
-1429 -1125
-1405 -1117
-1375 -1108
-1346 -1096
-1306 -1078
-1268 -1060
-1227 -1038
-1185 -1016
-1138 -992
-1089 -963
-1038 -932
-983 -900
-927 -864
-868 -823
-807 -784
-744 -743
-671 -700
-604 -656
-536 -609
-466 -562
-396 -512
-325 -463
-253 -405
-180 -352
-106 -299
-33 -246
41 -191
114 -136
196 -81
269 -26
341 30
412 92
483 148
551 203
619 257
684 311
751 364
812 415
874 467
932 516
995 572
1050 619
1099 664
1149 709
1196 751
1239 792
1277 830
1315 866
1347 903
1377 935
1407 968
1430 995
1449 1019
1470 1041
1482 1062
1490 1079
1494 1094
1497 1109
1497 1118
1490 1123
1482 1130
1470 1130
1454 1127
1430 1123
1407 1118
1381 1109
1352 1118
1318 1103
1284 1085
1243 1062
1200 1039
1154 1014
1106 984
1056 956
1003 922
940 886
881 848
821 803
758 763
693 719
628 673
560 626
491 578
421 527
350 478
278 425
205 365
123 311
49 256
-24 200
-97 143
-171 87
-244 31
-316 -26
-387 -82
-458 -145
-528 -202
-596 -258
-663 -313
-736 -367
-799 -420
-861 -473
-919 -524
-975 -574
-1033 -628
-1084 -675
-1132 -721
-1178 -765
-1224 -805
-1265 -845
-1303 -883
-1342 -919
-1371 -952
-1402 -983
-1424 -1016
-1448 -1041
-1463 -1064
-1480 -1087
-1487 -1105
-1496 -1120
-1499 -1132
-1499 -1141
-1496 -1151
-1487 -1154
-1475 -1156
-1460 -1156
-1440 -1151
-1421 -1144
-1394 -1135
-1364 -1123
-1335 -1108
-1299 -1089
-1262 -1067
-1214 -1043
-1144 -997
-1096 -970
-1047 -939
-997 -907
-942 -873
-885 -832
-827 -794
-767 -753
-705 -711
-640 -666
-574 -621
-499 -574
-431 -518
-362 -469
-292 -417
-221 -366
-149 -313
-77 -259
-5 -205
66 -143
138 -87
210 -32
281 24
360 79
429 134
497 189
565 250
631 304
693 357
756 408
818 461
876 510
932 560
987 612
1045 659
1094 703
1142 746
1186 785
1225 825
1263 862
1297 903
1330 935
1359 963
1384 992
1407 1017
1427 1039
1442 1062
1454 1079
1461 1094
1465 1109
1465 1118
1461 1123
1458 1127
1446 1130
1434 1127
1415 1123
1396 1118
1373 1109
1340 1094
1311 1079
1277 1062
1239 1041
1200 1017
1157 992
1111 963
1065 935
1014 903
961 866
905 830
841 785
780 746
719 703
655 659
589 612
524 566
454 516
386 461
316 408
245 357
174 304
102 250
22 196
-50 141
-123 79
-194 24
-265 -32
-335 -87
-405 -143
-474 -198
-541 -252
-608 -313
-671 -366
-736 -417
-805 -469
-864 -518
-922 -568
-975 -614
-1030 -666
-1078 -711
-1125 -753
-1173 -794
-1214 -832
-1251 -868
-1289 -905
-1320 -939
-1354 -970
-1379 -997
-1402 -1021
-1421 -1043
-1440 -1064
-1451 -1081
-1460 -1099
-1463 -1111
-1467 -1120
-1467 -1125
-1460 -1132
-1451 -1132
-1440 -1129
-1421 -1125
-1402 -1117
-1379 -1108
-1354 -1096
-1325 -1081
-1292 -1064
-1258 -1041
-1217 -1019
-1176 -992
-1132 -963
-1084 -932
-1030 -900
-975 -864
-922 -827
-864 -787
-805 -743
-744 -700
-681 -656
-616 -609
-550 -562
-483 -512
-414 -463
-345 -405
-265 -352
-194 -299
-123 -246
-50 -191
22 -136
94 -81
165 -19
237 37
307 92
377 148
446 203
515 257
589 311
655 370
719 422
780 473
841 524
898 572
952 619
1009 664
1058 715
1106 756
1152 797
1196 834
1239 871
1277 905
1311 937
1340 971
1369 997
1392 1022
1415 1045
1430 1065
1446 1082
1454 1097
1461 1109
1465 1118
1465 1127
1461 1130
1454 1130
1442 1127
1427 1123
1407 1115
1388 1106
1362 1091
1333 1076
1304 1058
1270 1036
1232 1036
1186 1011
1142 976
1094 945
1045 912
995 876
940 838
883 799
825 756
765 707
703 662
638 614
565 566
497 516
429 464
360 412
290 351
219 297
147 242
75 186
3 130
-68 73
-140 17
-212 -47
-292 -104
-362 -160
-431 -216
-499 -272
-567 -326
-633 -381
-695 -439
-758 -492
-820 -543
-878 -591
-934 -640
-997 -686
-1047 -732
-1096 -779
-1144 -820
-1188 -859
-1227 -897
-1265 -932
-1299 -965
-1332 -994
-1361 -1024
-1386 -1050
-1409 -1072
-1429 -1093
-1444 -1111
-1456 -1125
-1463 -1135
-1467 -1147
-1467 -1154
-1463 -1156
-1460 -1156
-1448 -1154
-1436 -1151
-1417 -1141
-1394 -1129
-1371 -1117
-1342 -1099
-1313 -1081
-1279 -1058
-1241 -1035
-1202 -1007
-1159 -978
-1113 -944
-1067 -910
-1016 -873
-963 -836
-900 -796
-843 -753
-782 -709
-721 -657
-657 -611
-591 -562
-526 -511
-456 -460
-388 -408
-318 -353
-247 -292
-176 -237
-96 -181
-24 -125
48 -68
121 -12
192 45
263 109
333 165
403 222
472 276
539 331
606 385
679 437
742 497
803 546
862 596
920 645
973 690
1028 734
1076 777
1123 823
1171 862
1212 900
1249 935
1290 966
1323 995
1352 1022
1377 1050
1400 1073
1419 1094
1438 1109
1449 1123
1458 1136
1461 1145
1465 1152
1465 1154
1458 1154
1449 1152
1438 1145
1419 1139
1400 1127
1377 1111
1352 1094
1323 1076
1290 1053
1256 1031
1215 1003
1174 973
1123 942
1076 903
1028 866
973 830
920 788
862 746
803 701
742 655
679 602
614 554
548 502
481 451
403 399
333 345
263 290
192 228
121 172
48 116
-24 59
-96 3
-167 -55
-239 -111
-309 -174
-379 -230
-456 -285
-526 -340
-591 -393
-657 -447
-721 -499
-782 -556
-843 -604
-900 -652
-954 -697
-1011 -743
-1060 -786
-1108 -825
-1159 -868
-1202 -905
-1241 -939
-1279 -973
-1313 -1002
-1342 -1030
-1371 -1052
-1394 -1078
-1417 -1096
-1432 -1113
-1448 -1129
-1456 -1138
-1463 -1147
-1467 -1154
-1467 -1156
-1463 -1156
-1456 -1154
-1444 -1147
-1429 -1138
-1409 -1129
-1390 -1113
-1364 -1096
-1335 -1075
-1306 -1052
-1265 -1030
-1227 -1002
-1188 -973
-1144 -939
-1096 -905
-1047 -864
-997 -825
-942 -786
-885 -743
-827 -697
-767 -652
-701 -604
-633 -548
-567 -499
-499 -447
-431 -393
-362 -340
-292 -285
-221 -230
-149 -167
-77 -111
-5 -55
66 3
147 59
219 116
290 172
360 235
429 290
497 345
565 399
631 451
693 502
756 554
818 609
876 655
940 701
995 746
1045 788
1094 830
1142 866
1186 908
1225 942
1263 973
1297 1003
1330 1031
1359 1053
1384 1076
1407 1097
1427 1115
1442 1127
1454 1139
1461 1145
1465 1152
1465 1154
1461 1154
1458 1152
1446 1145
1434 1136
1415 1123
1392 1109
1369 1094
1340 1070
1311 1048
1277 1022
1239 995
1200 966
1157 935
1111 920
1065 881
1014 836
952 794
898 751
841 705
780 659
719 609
655 558
589 501
524 447
454 394
386 338
316 283
237 227
165 169
94 104
22 46
-50 -12
-123 -70
-194 -128
-265 -185
-335 -242
-405 -305
-474 -361
-541 -417
-616 -470
-681 -522
-744 -574
-805 -625
-864 -679
-922 -724
-975 -769
-1030 -814
-1078 -854
-1125 -893
-1173 -929
-1214 -968
-1258 -999
-1292 -1030
-1325 -1058
-1354 -1081
-1379 -1105
-1402 -1123
-1421 -1141
-1440 -1156
-1451 -1166
-1460 -1176
-1463 -1178
-1467 -1182
-1463 -1182
-1460 -1178
-1451 -1169
-1440 -1159
-1421 -1151
-1402 -1135
-1379 -1117
-1354 -1096
-1325 -1069
-1292 -1043
-1258 -1016
-1214 -986
-1173 -952
-1125 -917
-1078 -878
-1030 -838
-975 -792
-922 -748
-864 -702
-805 -654
-744 -604
-681 -555
-616 -503
-541 -443
-474 -389
-405 -333
-335 -278
-265 -221
-194 -164
-123 -106
-50 -41
22 17
94 75
165 133
245 191
316 247
386 303
454 365
524 421
589 474
655 527
719 578
780 628
841 677
898 729
952 773
1014 816
1065 857
1111 895
1157 932
1200 966
1239 1003
1277 1033
1311 1058
1340 1082
1369 1106
1392 1123
1415 1139
1434 1154
1446 1164
1458 1174
1461 1176
1465 1180
1465 1180
1461 1176
1454 1167
1442 1157
1427 1145
1407 1130
1388 1111
1359 1091
1330 1067
1297 1039
1263 1011
1225 978
1186 945
1142 910
1094 871
1045 831
995 790
940 741
883 693
818 647
756 597
693 546
631 495
565 441
497 380
429 324
360 268
290 212
219 155
147 97
75 39
-5 -26
-77 -84
-149 -142
-221 -200
-292 -256
-362 -313
-431 -367
-499 -429
-567 -483
-633 -535
-695 -587
-758 -637
-827 -685
-885 -731
-942 -782
-997 -823
-1047 -864
-1096 -902
-1144 -939
-1188 -973
-1227 -1005
-1265 -1038
-1299 -1064
-1332 -1087
-1364 -1111
-1390 -1129
-1409 -1144
-1429 -1156
-1444 -1169
-1456 -1176
-1463 -1178
-1467 -1182
-1467 -1182
-1463 -1176
-1460 -1169
-1448 -1159
-1432 -1144
-1417 -1129
-1394 -1111
-1371 -1089
-1342 -1067
-1313 -1041
-1279 -1007
-1241 -978
-1202 -944
-1159 -907
-1113 -868
-1067 -830
-1011 -786
-954 -743
-900 -690
-843 -642
-782 -593
-721 -541
-657 -490
-591 -436
-526 -382
-456 -319
-388 -263
-318 -207
-239 -149
-167 -91
-96 -34
-24 24
48 89
121 147
192 205
263 261
333 317
403 372
472 427
548 488
614 539
679 591
742 640
803 688
862 734
920 780
973 828
1028 866
1076 905
1123 942
1171 976
1215 1005
1256 1036
1290 1065
1323 1087
1352 1109
1377 1127
1400 1142
1419 1157
1438 1167
1449 1174
1458 1180
1465 1180
1465 1176
1461 1174
1458 1167
1449 1157
1438 1142
1419 1127
1400 1109
1377 1085
1352 1062
1323 1036
1290 1005
1249 971
1212 937
1171 900
1123 862
1076 821
1028 780
973 751
920 703
862 648
803 597
742 545
669 491
606 437
539 381
472 324
403 259
333 201
263 143
192 84
121 25
48 -34
-24 -94
-96 -160
-176 -219
-247 -276
-318 -333
-388 -390
-456 -446
-526 -500
-591 -560
-657 -613
-721 -663
-782 -711
-843 -758
-900 -803
-963 -847
-1016 -893
-1067 -932
-1113 -968
-1159 -1002
-1202 -1035
-1241 -1064
-1279 -1089
-1313 -1117
-1342 -1138
-1371 -1156
-1398 -1173
-1417 -1185
-1436 -1195
-1448 -1202
-1460 -1207
-1463 -1207
-1467 -1204
-1467 -1202
-1463 -1192
-1456 -1182
-1444 -1169
-1429 -1151
-1409 -1132
-1386 -1108
-1361 -1084
-1332 -1058
-1299 -1026
-1265 -994
-1227 -954
-1188 -917
-1144 -878
-1096 -836
-1047 -792
-997 -746
-934 -700
-878 -650
-820 -593
-758 -541
-695 -487
-633 -432
-567 -376
-499 -319
-431 -261
-362 -197
-292 -138
-221 -79
-140 -19
-68 39
3 99
75 158
147 224
219 282
290 339
360 396
429 451
497 505
565 558
631 616
703 666
765 715
825 763
883 807
940 850
995 891
1045 935
1094 971
1142 1005
1186 1036
1225 1065
1263 1091
1304 1115
1333 1139
1362 1157
1388 1174
1407 1183
1427 1193
1442 1202
1454 1205
1461 1205
1465 1202
1465 1200
1461 1190
1454 1180
1446 1164
1430 1149
1415 1127
1392 1103
1369 1079
1340 1050
1311 1019
1277 987
1239 952
1200 910
1157 871
1106 830
1058 784
1009 739
952 691
898 642
841 591
780 532
719 478
655 423
589 367
524 310
454 253
377 195
307 128
237 70
165 10
94 -49
22 -108
-50 -167
-123 -226
-194 -290
-265 -347
-335 -404
-405 -459
-483 -514
-550 -567
-616 -618
-681 -675
-744 -722
-805 -769
-864 -814
-922 -857
-975 -897
-1030 -937
-1078 -978
-1125 -1011
-1176 -1041
-1217 -1069
-1258 -1096
-1292 -1120
-1325 -1141
-1354 -1159
-1379 -1176
-1402 -1188
-1421 -1198
-1440 -1204
-1451 -1207
-1460 -1207
-1467 -1204
-1467 -1198
-1463 -1192
-1460 -1178
-1451 -1166
-1440 -1147
-1421 -1129
-1402 -1101
-1379 -1078
-1354 -1050
-1325 -1019
-1289 -986
-1251 -949
-1214 -912
-1173 -868
-1125 -825
-1078 -782
-1030 -734
-975 -686
-922 -638
-864 -587
-805 -534
-741 -473
-671 -418
-608 -362
-541 -305
-474 -247
-405 -189
-335 -130
-265 -64
-194 -5
-123 55
-50 114
22 172
102 231
174 288
245 353
316 408
386 464
454 519
524 570
589 623
655 673
719 727
780 773
848 818
905 859
961 900
1014 940
1065 976
1111 1014
1157 1045
1200 1073
1239 1097
1277 1121
1311 1142
1340 1157
1373 1176
1396 1186
1415 1196
1434 1202
1446 1205
1458 1205
1461 1202
1465 1196
1465 1186
1461 1176
1454 1161
1442 1142
1427 1123
1407 1099
1384 1073
1359 1045
1330 1014
1297 978
1263 942
1225 905
1186 866
1142 818
1094 773
1039 727
987 679
932 630
876 578
818 536
756 481
693 418
631 360
565 302
497 244
429 184
360 124
281 63
210 -5
138 -65
66 -126
-5 -186
-77 -246
-149 -304
-221 -362
-292 -427
-362 -483
-431 -538
-499 -593
-574 -645
-640 -695
-705 -744
-767 -799
-827 -843
-885 -888
-942 -927
-997 -965
-1047 -1002
-1096 -1038
-1144 -1072
-1192 -1101
-1234 -1125
-1272 -1151
-1306 -1169
-1335 -1188
-1364 -1204
-1390 -1217
-1409 -1224
-1429 -1231
-1444 -1234
-1456 -1234
-1463 -1231
-1467 -1224
-1467 -1214
-1463 -1202
-1456 -1185
-1448 -1169
-1432 -1147
-1417 -1123
-1394 -1099
-1371 -1064
-1342 -1033
-1313 -999
-1279 -963
-1238 -922
-1198 -881
-1154 -838
-1108 -786
-1060 -738
-1011 -690
-954 -638
-900 -585
-843 -533
-782 -476
-721 -420
-657 -355
-591 -297
-506 -233
-439 -174
-371 -116
-302 -57
-234 3
-164 62
-94 121
-23 187
48 245
118 303
188 360
266 416
335 471
403 524
471 578
536 630
601 684
664 732
727 780
785 823
843 866
900 905
952 942
1011 978
1058 1014
1106 1048
1149 1076
1190 1099
1229 1123
1263 1142
1294 1161
1323 1176
1347 1186
1369 1196
1388 1202
1407 1205
1419 1205
1427 1202
1434 1196
1434 1186
1430 1176
1427 1161
1419 1142
1407 1123
1388 1097
1369 1073
1347 1045
1318 1014
1290 978
1260 942
1222 905
1186 866
1145 823
1099 773
1053 727
1005 679
952 630
900 578
843 524
777 471
719 416
655 360
592 295
527 239
462 179
394 121
326 62
258 3
188 -57
118 -116
48 -174
-32 -241
-102 -297
-172 -355
-242 -410
-311 -466
-379 -521
-447 -572
-514 -625
-579 -675
-644 -729
-705 -775
-765 -820
-832 -861
-888 -902
-942 -942
-994 -978
-1043 -1011
-1089 -1041
-1135 -1075
-1176 -1099
-1214 -1123
-1251 -1144
-1286 -1159
-1317 -1176
-1346 -1188
-1368 -1198
-1386 -1204
-1405 -1207
-1417 -1207
-1429 -1204
-1432 -1198
-1436 -1192
-1436 -1178
-1432 -1166
-1424 -1147
-1409 -1129
-1398 -1105
-1379 -1078
-1357 -1050
-1332 -1019
-1303 -986
-1272 -949
-1238 -912
-1202 -873
-1163 -832
-1120 -786
-1067 -734
-1019 -686
-968 -638
-914 -587
-859 -534
-803 -480
-743 -425
-681 -369
-620 -312
-555 -247
-488 -189
-422 -130
-345 -72
-277 -12
-207 47
-137 106
-67 165
3 224
73 288
145 345
214 402
283 457
352 512
428 565
495 616
560 666
624 715
688 767
748 812
807 855
864 895
920 935
973 971
1022 1005
1070 1036
1121 1065
1164 1094
1205 1118
1243 1139
1277 1157
1304 1174
1333 1183
1359 1193
1377 1202
1396 1205
1411 1205
1422 1202
1430 1200
1434 1190
1434 1180
1430 1164
1422 1149
1415 1130
1400 1106
1384 1082
1362 1050
1340 1019
1311 987
1280 952
1246 915
1209 876
1171 834
1127 790
1082 744
1036 691
987 642
932 591
879 539
823 485
763 430
695 374
633 324
569 266
504 199
437 138
369 78
300 18
232 -43
162 -103
92 -164
21 -224
-50 -282
-128 -348
-198 -406
-268 -463
-337 -518
-405 -572
-473 -626
-538 -678
-603 -726
-666 -775
-729 -827
-787 -871
-845 -912
-910 -952
-963 -989
-1013 -1024
-1060 -1058
-1108 -1087
-1151 -1113
-1192 -1141
-1231 -1163
-1265 -1182
-1296 -1198
-1325 -1211
-1349 -1221
-1375 -1227
-1394 -1234
-1409 -1234
-1421 -1231
-1429 -1227
-1436 -1217
-1436 -1207
-1432 -1195
-1429 -1178
-1421 -1159
-1409 -1135
-1390 -1111
-1371 -1084
-1349 -1050
-1320 -1016
-1292 -980
-1262 -942
-1224 -902
-1188 -859
-1147 -816
-1101 -769
-1055 -721
-1007 -664
-954 -613
-895 -559
-838 -504
-779 -448
-721 -391
-657 -333
-594 -275
-529 -215
-464 -148
-396 -88
-328 -27
-260 33
-190 94
-111 154
-41 213
30 273
100 331
170 396
240 454
309 509
377 563
445 618
512 668
577 719
642 767
710 814
771 864
830 905
886 945
940 984
992 1019
1041 1050
1087 1082
1133 1109
1174 1133
1212 1157
1249 1176
1287 1193
1315 1209
1344 1219
1366 1225
1384 1229
1403 1232
1415 1232
1427 1225
1430 1219
1434 1209
1434 1193
1430 1176
1419 1157
1407 1136
1396 1111
1377 1085
1355 1056
1330 1019
1301 984
1270 945
1236 905
1200 864
1161 818
1114 773
1065 724
1017 676
966 618
912 563
857 509
801 454
741 396
679 339
618 280
553 222
486 162
411 94
343 33
275 -27
205 -88
135 -148
65 -208
-5 -268
-75 -326
-147 -384
-216 -448
-285 -504
-362 -559
-430 -613
-497 -664
-562 -715
-626 -763
-690 -809
-750 -854
-809 -902
-866 -942
-922 -980
-975 -1016
-1024 -1050
-1078 -1081
-1123 -1108
-1166 -1132
-1207 -1156
-1245 -1178
-1279 -1195
-1306 -1207
-1335 -1217
-1361 -1227
-1379 -1231
-1398 -1234
-1413 -1234
-1424 -1231
-1432 -1221
-1436 -1211
-1436 -1198
-1432 -1182
-1424 -1163
-1417 -1141
-1402 -1117
-1386 -1089
-1364 -1060
-1342 -1030
-1310 -989
-1282 -952
-1248 -912
-1211 -871
-1173 -827
-1129 -782
-1084 -732
-1038 -683
-989 -632
-934 -572
-881 -518
-825 -463
-758 -406
-697 -348
-635 -290
-571 -231
-506 -171
-439 -111
-371 -43
-302 18
-234 78
-164 138
-94 199
-14 258
56 317
126 375
196 432
266 495
335 551
403 604
471 655
536 707
601 754
664 801
727 848
792 891
850 935
908 973
961 1009
1011 1041
1058 1073
1106 1103
1149 1127
1190 1152
1229 1171
1263 1190
1294 1205
1326 1215
1352 1225
1373 1229
1392 1232
1407 1232
1419 1229
1427 1222
1434 1209
1434 1200
1430 1183
1427 1164
1415 1142
1403 1118
1388 1091
1369 1062
1347 1031
1318 997
1290 956
1260 915
1222 874
1186 830
1145 784
1099 736
1048 688
997 636
947 583
893 524
836 467
777 411
719 353
655 295
592 236
527 176
462 119
394 57
326 -12
249 -75
179 -136
109 -197
39 -258
-32 -319
-102 -378
-172 -437
-242 -493
-311 -557
-379 -613
-447 -666
-514 -717
-587 -767
-650 -816
-712 -861
-773 -907
-832 -947
-888 -992
-942 -1030
-994 -1064
-1043 -1096
-1089 -1125
-1135 -1151
-1176 -1176
-1221 -1195
-1258 -1214
-1289 -1231
-1317 -1245
-1346 -1251
-1368 -1258
-1386 -1262
-1405 -1262
-1417 -1258
-1429 -1251
-1432 -1241
-1436 -1227
-1436 -1211
-1432 -1195
-1421 -1173
-1409 -1147
-1398 -1123
-1379 -1093
-1357 -1060
-1332 -1024
-1303 -986
-1272 -942
-1238 -900
-1198 -857
-1156 -809
-1113 -760
-1067 -711
-1019 -659
-968 -606
-914 -550
-859 -487
-803 -429
-743 -371
-681 -311
-620 -251
-545 -190
-480 -128
-413 -67
-345 -5
-277 65
-207 126
-137 188
-67 249
3 309
73 369
145 427
214 485
292 542
360 604
428 657
495 709
560 758
624 807
688 855
748 898
807 940
864 981
920 1022
973 1058
1031 1091
1076 1121
1121 1145
1164 1171
1205 1193
1243 1209
1277 1225
1304 1239
1333 1249
1359 1256
1377 1260
1396 1260
1411 1256
1422 1249
1430 1243
1434 1229
1434 1212
1430 1193
1422 1174
1415 1149
1400 1123
1384 1094
1362 1062
1337 1028
1308 990
1280 950
1246 905
1209 859
1171 814
1127 765
1082 715
1036 664
987 611
932 555
879 500
814 435
756 376
695 317
633 256
569 195
504 134
437 73
369 10
300 -51
232 -121
162 -181
82 -243
12 -304
-58 -362
-128 -422
-198 -480
-268 -536
-337 -591
-405 -652
-473 -705
-538 -755
-603 -803
-666 -850
-734 -895
-794 -937
-852 -978
-910 -1016
-963 -1055
-1013 -1087
-1060 -1117
-1108 -1144
-1151 -1169
-1192 -1192
-1231 -1211
-1268 -1227
-1299 -1238
-1328 -1251
-1354 -1258
-1375 -1262
-1394 -1262
-1409 -1258
-1421 -1255
-1429 -1245
-1436 -1234
-1436 -1217
-1432 -1198
-1429 -1178
-1417 -1154
-1405 -1129
-1390 -1099
-1371 -1067
-1349 -1033
-1320 -997
-1292 -958
-1262 -917
-1224 -868
-1188 -820
-1147 -773
-1096 -724
-1050 -671
-999 -620
-949 -565
-895 -509
-838 -451
-779 -385
-721 -326
-657 -266
-594 -205
-529 -144
-456 -82
-388 -21
-319 41
-251 104
-181 172
-111 234
-41 294
30 354
100 413
170 471
240 527
309 583
386 638
454 695
519 746
585 797
648 843
710 888
771 930
830 971
886 1009
940 1045
992 1082
1041 1111
1094 1139
1139 1164
1180 1186
1219 1205
1256 1222
1287 1236
1315 1246
1344 1256
1366 1260
1384 1260
1403 1256
1415 1253
1427 1243
1430 1232
1434 1219
1434 1202
1430 1180
1419 1154
1407 1130
1396 1103
1377 1070
1355 1036
1330 1000
1301 961
1266 920
1232 876
1196 825
1154 777
1111 729
1065 677
1017 624
966 569
912 514
857 456
801 398
741 331
671 271
609 210
543 150
478 88
411 26
343 -36
275 -99
205 -162
135 -233
65 -295
-5 -356
-75 -417
-155 -475
-224 -534
-294 -589
-362 -647
-430 -700
-497 -758
-562 -809
-626 -857
-690 -905
-750 -947
-809 -989
-866 -1030
-929 -1067
-980 -1099
-1033 -1135
-1078 -1163
-1123 -1188
-1166 -1211
-1207 -1231
-1245 -1248
-1279 -1265
-1306 -1275
-1335 -1282
-1361 -1289
-1383 -1289
-1402 -1286
