0 0
0 0
0 0
5 90
90 176
176 261
261 345
345 428
428 510
510 591
591 671
671 751
751 825
825 900
900 973
973 1050
1050 1118
1118 1183
1183 1243
1243 1301
1301 1359
1359 1411
1411 1458
1458 1502
1502 1543
1543 1581
1581 1615
1615 1647
1647 1673
1673 1697
1697 1715
1715 1729
1729 1738
1738 1743
1743 1743
1743 1738
1738 1733
1733 1719
1719 1705
1705 1683
1683 1660
1660 1629
1629 1594
1594 1560
1560 1518
1518 1473
1473 1427
1427 1377
1377 1323
1323 1266
1266 1205
1205 1142
1142 1076
1076 1009
1009 927
927 855
855 780
780 701
701 623
623 541
541 459
459 376
376 292
292 207
207 122
122 36
36 -60
-60 -145
-145 -231
-231 -316
-316 -398
-398 -482
-482 -563
-563 -644
-644 -722
-722 -799
-799 -876
-876 -947
-947 -1019
-1019 -1096
-1096 -1159
-1159 -1224
-1224 -1282
-1282 -1339
-1339 -1394
-1394 -1444
-1444 -1487
-1487 -1533
-1533 -1571
-1571 -1605
-1605 -1639
-1639 -1666
-1666 -1689
-1689 -1712
-1712 -1726
-1726 -1735
-1735 -1740
-1740 -1745
-1745 -1745
-1745 -1735
-1735 -1726
-1726 -1712
-1712 -1694
-1694 -1671
-1671 -1644
-1644 -1609
-1609 -1574
-1574 -1537
-1537 -1496
-1496 -1448
-1448 -1398
-1398 -1346
-1346 -1289
-1289 -1231
-1231 -1169
-1169 -1105
-1105 -1035
-1035 -965
-965 -885
-885 -809
-809 -732
-732 -654
-654 -574
-574 -492
-492 -410
-410 -326
-326 -241
-241 -156
-156 -70
-70 15
15 111
111 196
196 282
282 365
365 449
449 531
531 612
612 691
691 768
768 845
845 920
920 990
990 1058
1058 1133
1133 1200
1200 1260
1260 1315
1315 1369
1369 1422
1422 1470
1470 1514
1514 1555
1555 1589
1589 1625
1625 1651
1651 1678
1678 1700
1700 1719
1719 1729
1729 1738
1738 1743
1743 1743
1743 1738
1738 1729
1729 1715
1715 1700
1700 1678
1678 1651
1651 1625
1625 1586
1586 1552
1552 1509
1509 1465
1465 1415
1415 1362
1362 1308
1308 1253
1253 1190
1190 1127
1127 1058
1058 990
990 920
920 836
836 758
758 681
681 602
602 520
520 439
439 355
355 271
271 186
186 101
101 15
15 -70
-70 -167
-167 -251
-251 -336
-336 -420
-420 -502
-502 -584
-584 -663
-663 -743
-743 -818
-818 -893
-893 -965
-965 -1035
-1035 -1105
-1105 -1176
-1176 -1238
-1238 -1296
-1296 -1354
-1354 -1405
-1405 -1456
-1456 -1499
-1499 -1540
-1540 -1579
-1579 -1613
-1613 -1644
-1644 -1671
-1671 -1694
-1694 -1712
-1712 -1726
-1726 -1740
-1740 -1745
-1745 -1745
-1745 -1740
-1740 -1735
-1735 -1721
-1721 -1707
-1707 -1689
-1689 -1666
-1666 -1639
-1639 -1605
-1605 -1566
-1566 -1528
-1528 -1484
-1484 -1436
-1436 -1386
-1386 -1332
-1332 -1275
-1275 -1214
-1214 -1154
-1154 -1087
-1087 -1019
-1019 -947
-947 -876
-876 -790
-790 -712
-712 -633
-633 -553
-553 -471
-471 -388
-388 -304
-304 -220
-220 -135
-135 -49
-49 36
36 119
122 213
218 295
302 377
386 459
469 539
551 618
631 695
710 771
788 845
864 917
937 987
1009 1053
1076 1118
1142 1186
1212 1246
1273 1301
1330 1355
1384 1403
1434 1449
1482 1494
1526 1531
1564 1564
1598 1598
1633 1625
1660 1647
1683 1669
1705 1683
1719 1697
1733 1700
1738 1705
1743 1705
1743 1700
1738 1687
1724 1673
1710 1660
1697 1637
1673 1611
1647 1581
1615 1547
1581 1506
1538 1465
1497 1422
1454 1373
1403 1323
1352 1266
1294 1209
1236 1149
1174 1085
1109 1019
1041 952
973 881
900 807
825 724
741 647
661 569
582 488
500 408
418 327
334 244
249 162
165 78
80 -7
-7 -90
-92 -174
-178 -267
-273 -349
-357 -431
-441 -511
-522 -591
-604 -668
-683 -744
-760 -820
-838 -893
-912 -963
-983 -1030
-1052 -1096
-1120 -1159
-1185 -1227
-1255 -1282
-1310 -1335
-1364 -1386
-1417 -1436
-1467 -1480
-1511 -1520
-1554 -1554
-1588 -1588
-1622 -1617
-1653 -1639
-1675 -1662
-1699 -1680
-1717 -1694
-1731 -1702
-1740 -1707
-1745 -1707
-1745 -1702
-1740 -1694
-1731 -1685
-1721 -1666
-1702 -1649
-1685 -1622
-1658 -1596
-1631 -1562
-1596 -1528
-1562 -1484
-1516 -1440
-1472 -1394
-1424 -1342
-1371 -1289
-1317 -1234
-1262 -1176
-1202 -1111
-1135 -1047
-1069 -980
-1002 -910
-929 -838
-857 -765
-782 -679
-693 -601
-614 -521
-533 -441
-451 -360
-367 -278
-284 -195
-198 -111
-113 -27
-28 56
58 140
143 224
229 317
324 399
408 480
490 560
572 638
652 715
730 790
807 864
883 935
956 1003
1024 1070
1094 1133
1157 1196
1222 1260
1287 1315
1344 1366
1396 1415
1446 1461
1494 1502
1535 1538
1572 1572
1607 1603
1637 1629
1664 1651
1687 1673
1710 1687
1724 1697
1733 1705
1743 1705
1743 1700
1738 1697
1733 1687
1724 1673
1710 1651
1687 1629
1664 1603
1637 1572
1607 1538
1572 1502
1535 1454
1485 1411
1442 1362
1392 1308
1337 1253
1280 1196
1222 1133
1157 1070
1094 1003
1024 935
956 864
883 790
807 715
730 628
642 549
561 469
480 388
396 307
314 224
229 140
143 56
58 -27
-28 -111
-113 -195
-198 -278
-284 -369
-378 -451
-461 -531
-543 -611
-625 -688
-703 -765
-782 -838
-857 -910
-929 -980
-1002 -1047
-1069 -1111
-1135 -1176
-1202 -1234
-1262 -1296
-1325 -1349
-1379 -1398
-1429 -1444
-1475 -1487
-1520 -1528
-1562 -1562
-1596 -1596
-1631 -1622
-1658 -1649
-1685 -1666
-1702 -1685
-1721 -1694
-1731 -1702
-1740 -1707
-1745 -1707
-1745 -1702
-1740 -1694
-1731 -1680
-1717 -1662
-1699 -1639
-1675 -1617
-1653 -1588
-1622 -1554
-1588 -1520
-1554 -1480
-1511 -1429
-1460 -1383
-1413 -1332
-1361 -1275
-1303 -1217
-1245 -1159
-1185 -1096
-1120 -1030
-1052 -963
-983 -893
-912 -820
-838 -744
-760 -668
-683 -580
-593 -502
-512 -420
-430 -340
-347 -256
-263 -174
-178 -90
-92 -7
-7 78
80 162
165 239
249 321
334 410
428 488
510 566
591 643
671 719
751 790
825 862
900 932
973 997
1041 1062
1109 1123
1174 1183
1236 1239
1294 1301
1359 1352
1411 1396
1458 1438
1502 1478
1543 1514
1581 1547
1615 1577
1647 1603
1673 1625
1697 1637
1710 1651
1724 1664
1738 1669
1743 1669
1743 1664
1738 1660
1733 1647
1719 1633
1705 1611
1683 1589
1660 1564
1633 1531
1598 1497
1564 1461
1526 1419
1482 1366
1427 1318
1377 1266
1323 1212
1266 1154
1205 1094
1142 1031
1076 966
1009 898
937 828
864 754
788 681
710 604
631 517
541 440
459 360
376 280
292 198
207 117
122 34
36 -47
-49 -128
-135 -210
-220 -292
-304 -372
-388 -461
-482 -540
-563 -616
-644 -692
-722 -765
-799 -838
-876 -907
-947 -975
-1019 -1041
-1087 -1105
-1154 -1163
-1214 -1221
-1275 -1275
-1332 -1335
-1394 -1383
-1444 -1424
-1487 -1467
-1533 -1504
-1571 -1537
-1605 -1571
-1639 -1596
-1666 -1617
-1689 -1635
-1707 -1649
-1721 -1662
-1735 -1666
-1740 -1671
-1745 -1671
-1745 -1662
-1735 -1653
-1726 -1639
-1712 -1622
-1694 -1600
-1671 -1574
-1644 -1545
-1613 -1511
-1579 -1475
-1540 -1436
-1499 -1394
-1456 -1339
-1398 -1289
-1346 -1234
-1289 -1178
-1231 -1120
-1169 -1058
-1105 -992
-1035 -924
-965 -854
-893 -784
-818 -711
-743 -635
-663 -559
-584 -471
-492 -393
-410 -312
-326 -231
-241 -149
-156 -68
-70 15
15 96
101 178
186 259
271 340
355 420
439 508
531 587
612 662
691 736
768 809
845 881
920 947
990 1014
1058 1079
1127 1139
1190 1200
1253 1253
1308 1304
1362 1362
1422 1407
1470 1449
1514 1490
1555 1522
1589 1555
1625 1581
1651 1607
1678 1629
1700 1642
1715 1656
1729 1664
1738 1669
1743 1669
1743 1664
1738 1656
1729 1642
1715 1629
1700 1607
1678 1581
1651 1555
1625 1522
1589 1490
1555 1449
1514 1407
1470 1362
1422 1304
1362 1253
1308 1200
1253 1139
1190 1079
1127 1014
1058 947
990 881
920 809
845 736
768 662
691 587
612 508
531 420
439 340
355 259
271 178
186 96
101 15
15 -68
-70 -149
-156 -231
-241 -312
-326 -393
-410 -471
-492 -559
-584 -635
-663 -711
-743 -784
-818 -854
-893 -924
-965 -992
-1035 -1058
-1105 -1120
-1169 -1178
-1231 -1234
-1289 -1289
-1346 -1339
-1398 -1394
-1456 -1436
-1499 -1475
-1540 -1511
-1579 -1545
-1613 -1574
-1644 -1600
-1671 -1622
-1694 -1639
-1712 -1653
-1726 -1662
-1735 -1671
-1745 -1671
-1745 -1666
-1740 -1662
-1735 -1649
-1721 -1635
-1707 -1617
-1689 -1596
-1666 -1571
-1639 -1537
-1605 -1504
-1571 -1467
-1533 -1424
-1487 -1383
-1444 -1335
-1394 -1275
-1332 -1221
-1275 -1163
-1214 -1105
-1154 -1041
-1087 -975
-1019 -907
-947 -838
-876 -765
-799 -692
-722 -616
-644 -540
-563 -461
-482 -372
-388 -292
-304 -210
-220 -128
-135 -47
-49 34
36 117
122 198
207 280
292 360
376 430
459 507
541 591
631 666
710 739
788 809
864 879
937 945
1009 1009
1076 1070
1142 1130
1205 1186
1266 1239
1323 1290
1377 1337
1427 1388
1482 1430
1526 1465
1564 1497
1598 1531
1633 1555
1660 1577
1683 1598
1705 1611
1719 1625
1733 1629
1738 1633
1743 1633
1743 1629
1738 1615
1724 1603
1710 1589
1697 1569
1673 1543
1647 1514
1615 1482
1581 1446
1543 1407
1502 1366
1458 1323
1411 1273
1359 1212
1294 1157
1236 1099
1174 1039
1109 976
1041 912
973 843
900 773
825 703
751 630
671 554
591 478
510 401
428 314
334 234
249 155
165 75
80 -6
-7 -86
-92 -166
-178 -246
-263 -325
-347 -403
-430 -480
-512 -556
-593 -640
-683 -712
-760 -786
-838 -854
-912 -922
-983 -986
-1052 -1050
-1120 -1111
-1185 -1166
-1245 -1221
-1303 -1275
-1361 -1325
-1413 -1368
-1460 -1417
-1511 -1456
-1554 -1487
-1588 -1520
-1622 -1549
-1653 -1571
-1675 -1591
-1699 -1609
-1717 -1622
-1731 -1631
-1740 -1635
-1745 -1635
-1745 -1631
-1740 -1622
-1731 -1613
-1721 -1596
-1702 -1579
-1685 -1554
-1658 -1528
-1631 -1496
-1596 -1463
-1562 -1424
-1520 -1383
-1475 -1339
-1429 -1292
-1379 -1241
-1325 -1182
-1262 -1125
-1202 -1064
-1135 -1002
-1069 -939
-1002 -871
-929 -803
-857 -732
-782 -659
-703 -585
-625 -509
-543 -432
-461 -354
-378 -266
-284 -186
-198 -106
-113 -26
-28 54
58 135
143 214
229 293
314 372
396 449
480 526
561 601
642 684
730 756
807 828
883 895
956 961
1024 1024
1094 1085
1157 1145
1222 1200
1280 1253
1337 1304
1392 1352
1442 1392
1485 1438
1535 1473
1572 1506
1607 1535
1637 1560
1664 1581
1687 1603
1710 1615
1724 1625
1733 1629
1738 1633
1743 1633
1743 1625
1733 1615
1724 1603
1710 1581
1687 1560
1664 1535
1637 1506
1607 1473
1572 1438
1535 1400
1494 1355
1446 1308
1396 1260
1344 1205
1287 1145
1222 1085
1157 1024
1094 961
1024 895
956 828
883 756
807 684
730 611
652 536
572 459
490 382
408 303
324 214
229 135
143 54
58 -26
-28 -106
-113 -186
-198 -266
-284 -345
-367 -422
-451 -499
-533 -576
-614 -650
-693 -732
-782 -803
-857 -871
-929 -939
-1002 -1002
-1069 -1064
-1135 -1125
-1202 -1182
-1262 -1234
-1317 -1286
-1371 -1335
-1424 -1379
-1472 -1421
-1516 -1463
-1562 -1496
-1596 -1528
-1631 -1554
-1658 -1579
-1685 -1596
-1702 -1613
-1721 -1622
-1731 -1631
-1740 -1635
-1745 -1635
-1745 -1631
-1740 -1622
-1731 -1609
-1717 -1591
-1699 -1571
-1675 -1549
-1653 -1520
-1622 -1487
-1588 -1456
-1554 -1417
-1511 -1375
-1467 -1328
-1417 -1279
-1364 -1227
-1310 -1176
-1255 -1111
-1185 -1050
-1120 -986
-1052 -922
-983 -854
-912 -786
-838 -712
-760 -640
-683 -567
-604 -490
-522 -413
-441 -335
-357 -256
-273 -166
-178 -86
-92 -6
-7 75
80 155
165 234
249 314
334 391
418 468
500 545
582 606
661 679
741 756
825 825
900 893
973 956
1041 1017
1109 1076
1174 1133
1236 1186
1294 1239
1352 1287
1403 1333
1454 1373
1497 1411
1538 1449
1581 1482
1615 1509
1647 1535
1673 1555
1697 1569
1710 1581
1724 1594
1738 1598
1743 1598
1743 1594
1738 1589
1733 1577
1719 1564
1705 1543
1683 1522
1660 1497
1633 1465
1598 1434
1564 1400
1526 1359
1482 1315
1434 1270
1384 1219
1330 1167
1273 1111
1212 1048
1142 987
1076 925
1009 859
937 792
864 722
788 652
710 578
631 505
551 430
469 354
386 277
302 200
218 112
122 34
36 -45
-49 -123
-135 -202
-220 -279
-304 -356
-388 -432
-471 -507
-553 -580
-633 -654
-712 -724
-790 -803
-876 -868
-947 -934
-1019 -997
-1087 -1058
-1154 -1113
-1214 -1169
-1275 -1221
-1332 -1272
-1386 -1317
-1436 -1361
-1484 -1402
-1528 -1436
-1566 -1472
-1605 -1504
-1639 -1528
-1666 -1549
-1689 -1566
-1707 -1579
-1721 -1591
-1735 -1596
-1740 -1600
-1745 -1600
-1745 -1596
-1740 -1583
-1726 -1571
-1712 -1554
-1694 -1533
-1671 -1508
-1644 -1480
-1613 -1448
-1579 -1413
-1540 -1375
-1499 -1335
-1456 -1289
-1405 -1241
-1354 -1188
-1296 -1135
-1238 -1078
-1176 -1013
-1105 -949
-1035 -885
-965 -818
-893 -750
-818 -681
-743 -608
-663 -535
-584 -460
-502 -385
-420 -309
-336 -231
-251 -153
-167 -65
-70 14
15 92
101 170
186 248
271 326
355 402
439 478
520 553
602 624
681 695
758 767
836 843
920 908
990 971
1058 1033
1127 1091
1190 1149
1253 1200
1308 1249
1362 1297
1415 1344
1465 1384
1509 1422
1552 1454
1586 1490
1625 1514
1651 1538
1678 1560
1700 1572
1715 1586
1729 1594
1738 1598
1743 1598
1743 1594
1738 1586
1729 1577
1719 1560
1700 1538
1678 1514
1651 1490
1625 1458
1589 1427
1555 1388
1514 1347
1470 1304
1422 1256
1369 1205
1315 1154
1260 1099
1200 1039
1133 971
1058 908
990 843
920 775
845 705
768 635
691 561
612 486
531 411
449 335
365 258
282 181
196 102
111 14
15 -65
-70 -143
-156 -222
-241 -299
-326 -376
-410 -451
-492 -526
-574 -599
-654 -671
-732 -743
-809 -811
-885 -885
-965 -949
-1035 -1013
-1105 -1072
-1169 -1129
-1231 -1182
-1289 -1234
-1346 -1282
-1398 -1328
-1448 -1371
-1496 -1409
-1537 -1444
-1574 -1475
-1609 -1508
-1644 -1533
-1671 -1554
-1694 -1571
-1712 -1583
-1726 -1591
-1735 -1600
-1745 -1600
-1745 -1596
-1740 -1591
-1735 -1583
-1726 -1571
-1712 -1549
-1689 -1528
-1666 -1504
-1639 -1472
-1605 -1440
-1571 -1405
-1533 -1364
-1487 -1325
-1444 -1279
-1394 -1227
-1339 -1176
-1282 -1123
-1224 -1064
-1159 -1005
-1096 -934
-1019 -868
-947 -803
-876 -732
-799 -663
-722 -589
-644 -517
-563 -442
-482 -366
-398 -289
-316 -212
-231 -133
-145 -55
-60 34
36 112
122 190
207 268
292 345
376 421
459 495
541 570
623 643
701 715
780 767
855 831
927 905
1009 966
1076 1024
1142 1082
1205 1136
1266 1186
1323 1236
1377 1280
1427 1323
1473 1362
1518 1400
1560 1430
1594 1461
1629 1490
1660 1509
1683 1531
1705 1543
1719 1555
1733 1560
1738 1564
1743 1564
1743 1560
1738 1552
1729 1538
1715 1522
1697 1502
1673 1478
1647 1449
1615 1419
1581 1384
1543 1347
1502 1308
1458 1266
1411 1219
1359 1167
1301 1115
1243 1062
1183 1003
1118 942
1050 874
973 807
900 741
825 673
751 602
671 531
591 458
510 384
428 309
345 234
261 157
176 80
90 3
5 -82
-92 -159
-178 -236
-263 -311
-347 -386
-430 -460
-512 -533
-593 -604
-673 -675
-753 -743
-827 -809
-902 -876
-975 -944
-1052 -1005
-1120 -1064
-1185 -1117
-1245 -1169
-1303 -1221
-1361 -1268
-1413 -1310
-1460 -1349
-1504 -1386
-1545 -1421
-1583 -1451
-1617 -1480
-1649 -1504
-1675 -1524
-1699 -1540
-1717 -1554
-1731 -1562
-1740 -1566
-1745 -1566
-1745 -1562
-1740 -1557
-1735 -1545
-1721 -1533
-1707 -1511
-1685 -1492
-1662 -1463
-1631 -1432
-1596 -1402
-1562 -1364
-1520 -1325
-1475 -1282
-1429 -1238
-1379 -1188
-1325 -1138
-1268 -1084
-1207 -1026
-1144 -968
-1078 -907
-1011 -833
-929 -769
-857 -702
-782 -632
-703 -560
-625 -487
-543 -414
-461 -340
-378 -263
-294 -188
-209 -111
-124 -34
-38 42
47 128
143 205
229 281
314 356
396 430
480 504
561 575
642 647
720 715
797 784
874 848
945 912
1017 981
1094 1039
1157 1097
1222 1149
1280 1200
1337 1249
1392 1294
1442 1333
1485 1373
1531 1407
1569 1438
1603 1470
1637 1494
1664 1514
1687 1535
1710 1547
1724 1555
1733 1560
1738 1564
1743 1564
1743 1555
1733 1547
1724 1535
1710 1518
1692 1497
1669 1473
1642 1442
1607 1411
1572 1377
1535 1340
1494 1297
1446 1253
1396 1205
1344 1154
1287 1103
1229 1048
1167 990
1103 927
1033 864
963 792
883 724
807 655
730 585
652 514
572 440
490 365
408 290
324 215
239 138
154 61
68 -15
-17 -92
-103 -178
-198 -255
-284 -330
-367 -404
-451 -478
-533 -551
-614 -623
-693 -692
-770 -760
-847 -827
-922 -890
-992 -952
-1060 -1019
-1135 -1078
-1202 -1132
-1262 -1182
-1317 -1231
-1371 -1279
-1424 -1320
-1472 -1361
-1516 -1398
-1557 -1429
-1591 -1460
-1627 -1484
-1653 -1508
-1680 -1528
-1702 -1545
-1721 -1554
-1731 -1562
-1740 -1566
-1745 -1566
-1745 -1562
-1740 -1554
-1731 -1540
-1717 -1528
-1702 -1508
-1680 -1484
-1653 -1460
-1627 -1424
-1588 -1394
-1554 -1357
-1511 -1317
-1467 -1272
-1417 -1224
-1364 -1176
-1310 -1125
-1255 -1069
-1192 -1013
-1129 -952
-1060 -890
-992 -827
-922 -753
-838 -683
-760 -613
-683 -543
-604 -469
-522 -396
-441 -321
-357 -244
-273 -169
-188 -92
-103 -15
-17 61
68 138
154 224
249 300
334 375
418 449
500 522
582 592
661 664
741 732
816 799
891 864
963 908
1033 968
1103 1031
1174 1085
1236 1136
1294 1186
1352 1232
1403 1277
1454 1315
1497 1352
1538 1384
1577 1415
1611 1442
1642 1465
1669 1485
1692 1502
1710 1514
1724 1526
1738 1531
1743 1531
1743 1526
1738 1522
1733 1509
1719 1497
1705 1482
1687 1461
1664 1438
1637 1407
1603 1373
1564 1340
1526 1301
1482 1260
1434 1215
1384 1167
1330 1118
1273 1065
1212 1011
1152 952
1085 893
1017 830
945 767
874 691
788 624
710 554
631 483
551 412
469 339
386 266
302 191
218 116
133 41
47 -34
-38 -109
-124 -184
-209 -268
-304 -341
-388 -414
-471 -485
-553 -556
-633 -626
-712 -693
-790 -760
-866 -825
-939 -888
-1011 -947
-1078 -1005
-1144 -1067
-1214 -1120
-1275 -1169
-1332 -1217
-1386 -1262
-1436 -1303
-1484 -1342
-1528 -1375
-1566 -1405
-1600 -1436
-1635 -1460
-1662 -1480
-1685 -1499
-1707 -1511
-1721 -1524
-1735 -1528
-1740 -1533
-1745 -1533
-1745 -1528
-1740 -1516
-1726 -1504
-1712 -1492
-1699 -1472
-1675 -1448
-1649 -1421
-1617 -1390
-1583 -1354
-1540 -1317
-1499 -1279
-1456 -1234
-1405 -1188
-1354 -1138
-1296 -1087
-1238 -1033
-1176 -975
-1111 -917
-1043 -857
-975 -792
-902 -726
-827 -652
-743 -582
-663 -512
-584 -441
-502 -369
-420 -295
-336 -221
-251 -147
-167 -72
-82 3
5 79
90 154
176 229
261 312
355 385
439 457
520 529
602 597
681 666
758 734
836 799
910 862
981 922
1050 981
1118 1039
1183 1099
1253 1149
1308 1196
1362 1243
1415 1287
1465 1326
1509 1362
1552 1392
1586 1422
1620 1449
1651 1470
1673 1490
1697 1506
1715 1518
1729 1526
1738 1531
1743 1531
1743 1526
1738 1518
1729 1509
1719 1494
1700 1478
1683 1454
1656 1430
1629 1400
1594 1369
1560 1330
1514 1290
1470 1249
1422 1202
1369 1154
1315 1106
1260 1053
1200 995
1133 937
1067 879
1000 814
927 751
855 684
780 607
691 538
612 466
531 394
449 321
365 247
282 172
196 97
111 22
26 -53
-60 -128
-145 -203
-231 -277
-316 -360
-410 -432
-492 -504
-574 -574
-654 -644
-732 -711
-809 -777
-885 -840
-958 -902
-1026 -963
-1096 -1019
-1159 -1075
-1224 -1132
-1289 -1182
-1346 -1227
-1398 -1272
-1448 -1313
-1496 -1349
-1537 -1383
-1574 -1413
-1609 -1440
-1639 -1463
-1666 -1484
-1689 -1504
-1712 -1516
-1726 -1524
-1735 -1533
-1745 -1533
-1745 -1528
-1740 -1524
-1735 -1516
-1726 -1504
-1712 -1484
-1689 -1463
-1666 -1440
-1639 -1413
-1609 -1383
-1574 -1349
-1537 -1306
-1487 -1268
-1444 -1224
-1394 -1176
-1339 -1125
-1282 -1075
-1224 -1019
-1159 -963
-1096 -902
-1026 -840
-958 -777
-885 -711
-809 -644
-732 -565
-644 -495
-563 -423
-482 -350
-398 -277
-316 -203
-231 -128
-145 -53
-60 22
26 97
111 172
196 247
282 321
365 403
459 474
541 546
623 616
701 684
780 751
855 814
927 879
1000 937
1067 995
1133 1031
1200 1082
1260 1136
1323 1183
1377 1225
1427 1266
1473 1304
1518 1340
1560 1369
1594 1400
1629 1422
1656 1446
1683 1461
1700 1478
1719 1485
1729 1494
1738 1497
1743 1497
1743 1494
1738 1485
1729 1473
1715 1458
1697 1438
1673 1419
1651 1392
1620 1362
1586 1333
1552 1297
1509 1253
1458 1212
1411 1167
1359 1118
1301 1067
1243 1017
1183 961
1118 903
1050 843
981 782
910 719
836 652
758 585
681 508
591 439
510 367
428 295
345 224
261 150
176 77
90 3
5 -70
-82 -144
-167 -216
-251 -289
-336 -361
-420 -441
-512 -510
-593 -579
-673 -647
-753 -711
-827 -775
-902 -838
-975 -897
-1043 -954
-1111 -1011
-1176 -1064
-1238 -1113
-1296 -1169
-1361 -1214
-1413 -1255
-1460 -1292
-1504 -1328
-1545 -1361
-1583 -1390
-1617 -1417
-1649 -1440
-1675 -1460
-1699 -1472
-1712 -1484
-1726 -1496
-1740 -1499
-1745 -1499
-1745 -1496
-1740 -1492
-1735 -1480
-1721 -1467
-1707 -1448
-1685 -1429
-1662 -1405
-1635 -1375
-1600 -1346
-1566 -1313
-1528 -1275
-1484 -1227
-1429 -1185
-1379 -1138
-1325 -1089
-1268 -1038
-1207 -983
-1144 -927
-1078 -868
-1011 -807
-939 -744
-866 -679
-790 -613
-712 -544
-633 -466
-543 -396
-461 -325
-378 -253
-294 -180
-209 -106
-124 -33
-38 41
47 114
133 187
218 259
302 331
386 403
469 483
561 551
642 619
720 684
797 751
874 812
945 874
1017 932
1085 990
1152 1041
1212 1094
1273 1142
1330 1196
1392 1239
1442 1277
1485 1315
1531 1347
1569 1377
1603 1407
1637 1430
1664 1449
1687 1465
1705 1478
1719 1490
1733 1494
1738 1497
1743 1497
1743 1490
1733 1482
1724 1470
1710 1454
1692 1434
1669 1411
1642 1384
1611 1355
1577 1323
1538 1287
1497 1249
1454 1200
1396 1154
1344 1106
1287 1056
1229 1003
1167 947
1103 888
1033 828
963 765
891 701
816 636
741 568
661 500
582 421
490 350
408 278
324 205
239 133
154 59
68 -15
-17 -89
-103 -162
-188 -234
-273 -307
-357 -379
-441 -449
-522 -528
-614 -596
-693 -663
-770 -729
-847 -792
-922 -852
-992 -912
-1060 -970
-1129 -1024
-1192 -1078
-1255 -1125
-1310 -1173
-1364 -1224
-1424 -1265
-1472 -1303
-1516 -1339
-1557 -1368
-1591 -1398
-1627 -1421
-1653 -1444
-1680 -1463
-1702 -1475
-1717 -1487
-1731 -1496
-1740 -1499
-1745 -1499
-1745 -1496
-1740 -1487
-1731 -1475
-1717 -1463
-1702 -1444
-1680 -1421
-1653 -1398
-1627 -1368
-1591 -1339
-1557 -1303
-1516 -1265
-1472 -1224
-1424 -1173
-1364 -1125
-1310 -1078
-1255 -1024
-1192 -970
-1129 -912
-1060 -852
-992 -792
-922 -729
-847 -663
-770 -596
-693 -528
-614 -458
-533 -379
-441 -307
-357 -234
-273 -162
-188 -89
-103 -15
-17 59
68 133
154 205
239 278
324 350
408 421
490 491
572 568
661 636
741 701
816 765
891 828
963 888
1033 947
1103 1003
1167 1056
1229 1106
1287 1130
1344 1174
1396 1222
1454 1260
1497 1294
1538 1326
1577 1355
1611 1381
1642 1403
1669 1422
1692 1438
1710 1449
1724 1458
1733 1465
1743 1465
1743 1461
1738 1458
1733 1446
1719 1434
1705 1419
1687 1400
1664 1377
1637 1347
1603 1318
1569 1287
1531 1249
1485 1212
1442 1171
1392 1118
1330 1070
1273 1019
1212 968
1152 912
1085 855
1017 794
945 734
874 669
797 606
720 539
642 472
561 403
480 324
386 254
302 183
218 111
133 39
47 -33
-38 -104
-124 -176
-209 -247
-294 -318
-378 -388
-461 -456
-543 -526
-625 -599
-712 -664
-790 -729
-866 -790
-939 -850
-1011 -907
-1078 -963
-1144 -1016
-1207 -1067
-1268 -1113
-1325 -1159
-1379 -1202
-1429 -1248
-1484 -1286
-1528 -1317
-1566 -1346
-1600 -1375
-1635 -1398
-1662 -1417
-1685 -1436
-1707 -1448
-1721 -1460
-1735 -1463
-1740 -1467
-1745 -1467
-1745 -1463
-1740 -1451
-1726 -1440
-1712 -1429
-1699 -1409
-1675 -1386
-1649 -1361
-1617 -1332
-1583 -1299
-1545 -1265
-1504 -1227
-1460 -1188
-1413 -1144
-1361 -1089
-1296 -1041
-1238 -989
-1176 -934
-1111 -878
-1043 -820
-975 -758
-902 -695
-827 -633
-753 -567
-673 -499
-593 -431
-512 -362
-430 -283
-336 -212
-251 -140
-167 -68
-82 3
5 75
90 147
176 219
261 290
345 360
428 429
510 497
591 565
671 638
758 703
836 765
910 825
981 883
1050 940
1118 995
1183 1045
1243 1094
1301 1142
1359 1186
1411 1225
1458 1270
1509 1304
1552 1333
1586 1362
1620 1388
1651 1407
1673 1427
1697 1442
1715 1454
1729 1461
1738 1465
1743 1465
1743 1461
1738 1454
1729 1446
1719 1430
1700 1415
1683 1392
1656 1369
1629 1340
1594 1311
1560 1277
1518 1239
1473 1200
1427 1157
1377 1111
1323 1058
1260 1009
1200 952
1133 898
1067 841
1000 780
927 719
855 655
780 589
701 524
623 454
541 386
459 316
376 237
282 165
196 94
111 22
26 -50
-60 -123
-145 -194
-231 -265
-316 -335
-398 -405
-482 -474
-563 -541
-644 -608
-722 -681
-809 -744
-885 -805
-958 -864
-1026 -922
-1096 -975
-1159 -1030
-1224 -1078
-1282 -1125
-1339 -1173
-1394 -1214
-1444 -1251
-1487 -1292
-1537 -1325
-1574 -1354
-1609 -1379
-1639 -1402
-1666 -1421
-1689 -1440
-1712 -1451
-1726 -1460
-1735 -1463
-1740 -1467
-1745 -1467
-1745 -1460
-1735 -1451
-1726 -1440
-1712 -1421
-1689 -1402
-1666 -1379
-1639 -1354
-1609 -1325
-1574 -1292
-1537 -1258
-1496 -1217
-1448 -1176
-1398 -1132
-1346 -1084
-1289 -1030
-1224 -975
-1159 -922
-1096 -864
-1026 -805
-958 -744
-885 -681
-809 -616
-732 -550
-654 -483
-574 -414
-492 -345
-410 -274
-326 -194
-231 -123
-145 -50
-60 22
26 94
111 165
196 237
282 307
365 377
449 446
531 515
612 582
691 647
768 719
855 780
927 841
1000 898
1067 952
1133 1009
1200 1058
1260 1106
1315 1152
1369 1196
1422 1209
1470 1246
1514 1284
1560 1311
1594 1340
1629 1362
1656 1384
1683 1400
1700 1415
1719 1422
1729 1430
1738 1434
1743 1434
1743 1430
1738 1422
1729 1411
1715 1396
1697 1377
1673 1359
1651 1333
1620 1304
1586 1277
1552 1243
1509 1205
1465 1164
1415 1121
1362 1076
1308 1031
1253 973
1183 920
1118 864
1050 807
981 748
910 688
836 624
758 560
681 495
602 428
520 360
439 292
355 222
271 145
176 73
90 3
5 -67
-82 -137
-167 -207
-251 -277
-336 -345
-420 -413
-502 -480
-584 -545
-663 -611
-743 -673
-818 -743
-902 -803
-975 -859
-1043 -914
-1111 -968
-1176 -1019
-1238 -1067
-1296 -1113
-1354 -1156
-1405 -1198
-1456 -1234
-1499 -1268
-1540 -1303
-1583 -1332
-1617 -1357
-1649 -1379
-1675 -1398
-1699 -1409
-1712 -1421
-1726 -1432
-1740 -1436
-1745 -1436
-1745 -1432
-1740 -1429
-1735 -1417
-1721 -1405
-1707 -1386
-1685 -1368
-1662 -1346
-1635 -1317
-1600 -1289
-1566 -1258
-1528 -1221
-1484 -1182
-1436 -1141
-1386 -1096
-1332 -1050
-1275 -999
-1214 -942
-1144 -888
-1078 -832
-1011 -773
-939 -712
-866 -650
-790 -587
-712 -521
-633 -456
-553 -388
-471 -319
-388 -251
-304 -181
-220 -102
-124 -32
-38 39
47 109
133 179
218 249
302 317
386 386
469 454
551 519
631 585
710 648
788 710
864 777
945 836
1017 893
1085 947
1152 997
1212 1048
1273 1094
1330 1139
1384 1180
1434 1219
1482 1256
1526 1287
1564 1318
1603 1347
1637 1369
1664 1388
1687 1403
1705 1415
1719 1427
1733 1430
1738 1434
1743 1434
1743 1430
1738 1419
1724 1407
1710 1392
1692 1373
1669 1352
1642 1326
1611 1297
1577 1266
1538 1232
1497 1196
1454 1154
1403 1111
1352 1065
1294 1017
1236 966
1174 908
1103 850
1033 792
963 732
891 671
816 609
741 543
661 478
582 411
500 343
418 275
334 205
249 135
165 56
68 -14
-17 -84
-103 -155
-188 -224
-273 -294
-357 -362
-441 -430
-522 -497
-604 -562
-683 -626
-760 -690
-838 -750
-912 -816
-992 -873
-1060 -929
-1129 -980
-1192 -1033
-1255 -1078
-1310 -1123
-1364 -1166
-1417 -1207
-1467 -1245
-1511 -1279
-1554 -1306
-1588 -1339
-1627 -1361
-1653 -1383
-1680 -1402
-1702 -1413
-1717 -1424
-1731 -1432
-1740 -1436
-1745 -1436
-1745 -1432
-1740 -1424
-1731 -1417
-1721 -1402
-1702 -1383
-1680 -1361
-1653 -1339
-1627 -1310
-1591 -1282
-1557 -1248
-1516 -1211
-1472 -1173
-1424 -1129
-1371 -1084
-1317 -1038
-1262 -989
-1202 -934
-1135 -873
-1060 -816
-992 -758
-922 -697
-847 -635
-770 -571
-693 -506
-614 -439
-533 -371
-451 -302
-367 -234
-284 -164
-198 -94
-113 -14
-17 56
68 126
154 196
239 266
324 335
408 403
490 471
572 536
652 601
730 664
807 727
883 785
956 850
1033 908
1103 961
1167 1011
1229 1058
1287 1106
1344 1149
1396 1190
1446 1229
1494 1263
1535 1266
1572 1294
1607 1323
1642 1344
1669 1362
1692 1377
1710 1388
1724 1396
1733 1403
1743 1403
1743 1400
1738 1396
1733 1388
1724 1377
1710 1359
1687 1340
1664 1318
1637 1290
1603 1263
1569 1232
1531 1196
1485 1161
1442 1121
1392 1076
1337 1031
1280 984
1222 932
1157 881
1094 818
1017 761
945 703
874 642
797 580
720 516
642 452
561 386
480 319
396 252
314 184
229 116
143 46
58 -31
-38 -101
-124 -169
-209 -237
-294 -304
-378 -372
-461 -437
-543 -503
-625 -567
-703 -630
-782 -690
-857 -748
-929 -807
-1002 -868
-1078 -922
-1144 -973
-1207 -1021
-1268 -1067
-1325 -1111
-1379 -1151
-1429 -1188
-1475 -1224
-1520 -1258
-1562 -1286
-1596 -1313
-1631 -1339
-1662 -1357
-1685 -1375
-1707 -1386
-1721 -1398
-1735 -1402
-1740 -1405
-1745 -1405
-1745 -1402
-1740 -1394
-1731 -1383
-1717 -1368
-1699 -1349
-1675 -1328
-1649 -1303
-1617 -1275
-1583 -1245
-1545 -1211
-1504 -1176
-1460 -1138
-1413 -1096
-1361 -1050
-1303 -1002
-1245 -954
-1185 -902
-1120 -847
-1052 -786
-975 -726
-902 -666
-827 -606
-753 -543
-673 -478
-593 -413
-512 -347
-430 -279
-347 -212
-263 -143
-178 -74
-92 -5
-7 72
90 141
176 210
261 277
345 345
428 411
510 476
591 541
671 604
751 664
825 724
900 784
973 838
1041 900
1118 952
1183 1000
1243 1048
1301 1094
1359 1136
1411 1174
1458 1209
1502 1243
1543 1273
1581 1301
1615 1326
1647 1347
1673 1366
1697 1381
1715 1392
1729 1400
1738 1403
1743 1403
1743 1400
1738 1396
1733 1384
1719 1373
1705 1355
1683 1337
1660 1311
1629 1284
1594 1256
1560 1222
1518 1186
1473 1149
1427 1109
1377 1065
1323 1019
1266 971
1205 920
1142 866
1076 812
1009 746
927 688
855 628
780 565
701 501
623 435
541 370
459 302
376 235
292 167
207 99
122 29
36 -40
-49 -118
-145 -186
-231 -254
-316 -321
-398 -388
-482 -454
-563 -518
-644 -582
-722 -644
-799 -705
-876 -763
-947 -820
-1019 -876
-1087 -934
-1159 -986
-1224 -1033
-1282 -1078
-1339 -1123
-1394 -1163
-1444 -1198
-1487 -1234
-1533 -1265
-1571 -1292
-1605 -1320
-1639 -1342
-1666 -1361
-1689 -1379
-1712 -1390
-1726 -1398
-1735 -1402
-1740 -1405
-1745 -1405
-1745 -1398
-1735 -1390
-1726 -1379
-1712 -1364
-1694 -1346
-1671 -1325
-1644 -1296
-1609 -1268
-1574 -1238
-1537 -1204
-1496 -1166
-1448 -1125
-1398 -1084
-1346 -1038
-1289 -992
-1231 -942
-1169 -890
-1105 -833
-1035 -777
-965 -712
-885 -652
-809 -589
-732 -526
-654 -463
-574 -396
-492 -330
-410 -263
-326 -195
-241 -126
-156 -57
-70 12
15 80
101 158
196 227
282 294
365 360
449 427
531 493
612 557
691 619
768 681
845 741
920 797
990 852
1058 908
1127 966
1200 1014
1260 1058
1315 1103
1369 1145
1422 1183
1470 1219
1514 1253
1555 1280
1589 1308
1625 1301
1651 1323
1678 1340
1700 1355
1719 1362
1729 1369
1738 1373
1743 1373
1743 1369
1738 1362
1729 1352
1715 1340
1700 1323
1678 1301
1651 1280
1625 1249
1586 1222
1552 1190
1509 1154
1465 1115
1415 1073
1362 1031
1308 987
1253 937
1190 888
1127 834
1058 780
990 724
920 659
836 597
758 536
681 474
602 410
520 345
439 280
355 213
271 146
186 79
101 12
15 -56
-70 -123
-156 -198
-251 -265
-336 -331
-420 -396
-502 -460
-584 -522
-663 -585
-743 -645
-818 -703
-893 -760
-965 -816
-1035 -871
-1105 -922
-1169 -975
-1238 -1021
-1296 -1067
-1354 -1108
-1405 -1147
-1456 -1182
-1499 -1214
-1540 -1245
-1579 -1272
-1613 -1296
-1644 -1317
-1671 -1335
-1694 -1349
-1712 -1361
-1726 -1371
-1740 -1375
-1745 -1375
-1745 -1371
-1740 -1368
-1735 -1357
-1721 -1346
-1707 -1332
-1689 -1313
-1666 -1292
-1639 -1265
-1605 -1234
-1566 -1204
-1528 -1169
-1484 -1132
-1436 -1093
-1386 -1050
-1332 -1005
-1275 -958
-1214 -910
-1154 -857
-1087 -803
-1019 -746
-947 -690
-876 -623
-790 -562
-712 -499
-633 -436
-553 -372
-471 -306
-388 -241
-304 -173
-220 -106
-135 -39
-49 29
36 96
122 163
207 239
302 304
386 370
469 434
551 497
631 560
710 621
788 681
864 739
937 794
1009 848
1076 900
1142 950
1205 1003
1273 1048
1330 1091
1384 1130
1434 1167
1482 1202
1526 1232
1564 1260
1598 1287
1633 1308
1660 1326
1683 1344
1705 1355
1719 1366
1733 1369
1738 1373
1743 1373
1743 1369
1738 1359
1724 1347
1710 1337
1697 1318
1673 1297
1647 1273
1615 1246
1581 1212
1538 1180
1497 1145
1454 1106
1403 1065
1352 1019
1294 973
1236 925
1174 874
1109 821
1041 767
973 709
900 650
825 583
741 520
661 458
582 394
500 329
418 263
334 196
249 130
165 63
80 -5
-7 -72
-92 -140
-178 -207
-263 -282
-357 -347
-441 -412
-522 -476
-604 -538
-683 -599
-760 -661
-838 -719
-912 -775
-983 -830
-1052 -883
-1120 -934
-1185 -980
-1245 -1033
-1310 -1075
-1364 -1117
-1417 -1156
-1467 -1192
-1511 -1224
-1554 -1251
-1588 -1279
-1622 -1303
-1653 -1320
-1675 -1339
-1699 -1354
-1717 -1364
-1731 -1371
-1740 -1375
-1745 -1375
-1745 -1371
-1740 -1364
-1731 -1357
-1721 -1342
-1702 -1328
-1685 -1306
-1658 -1286
-1631 -1258
-1596 -1231
-1562 -1195
-1516 -1159
-1472 -1123
-1424 -1081
-1371 -1038
-1317 -994
-1262 -947
-1202 -895
-1135 -843
-1069 -790
-1002 -732
-929 -675
-857 -616
-782 -547
-693 -485
-614 -420
-533 -355
-451 -290
-367 -224
-284 -157
-198 -89
-113 -22
-28 46
58 113
143 179
229 247
314 321
408 386
490 451
572 514
652 575
730 636
807 695
883 753
956 807
1024 862
1094 912
1157 963
1222 1009
1280 1058
1344 1099
1396 1139
1446 1176
1494 1209
1535 1239
1572 1266
1607 1290
1637 1311
1664 1330
1687 1318
1710 1330
1724 1337
1733 1344
1743 1344
1743 1340
1738 1337
1733 1330
1724 1318
1710 1301
1687 1284
1664 1263
1637 1239
1607 1212
1572 1183
1535 1145
1485 1111
1442 1073
1392 1031
1337 987
1280 942
1222 893
1157 843
1094 790
1024 736
956 681
883 623
807 563
730 495
642 432
561 370
480 305
396 241
314 176
229 111
143 44
58 -22
-28 -87
-113 -154
-198 -219
-284 -284
-367 -356
-461 -418
-543 -482
-625 -543
-703 -603
-782 -661
-857 -717
-929 -773
-1002 -825
-1069 -876
-1135 -927
-1202 -973
-1262 -1016
-1317 -1064
-1379 -1101
-1429 -1138
-1475 -1173
-1520 -1204
-1562 -1231
-1596 -1258
-1631 -1279
-1658 -1299
-1685 -1313
-1702 -1328
-1721 -1335
-1731 -1342
-1740 -1346
-1745 -1346
-1745 -1342
-1740 -1335
-1731 -1325
-1717 -1310
-1699 -1292
-1675 -1275
-1653 -1251
-1622 -1224
-1588 -1198
-1554 -1166
-1511 -1125
-1460 -1089
-1413 -1050
-1361 -1005
-1303 -960
-1245 -914
-1185 -864
-1120 -811
-1052 -758
-983 -703
-912 -647
-838 -587
-760 -526
-683 -458
-593 -396
-512 -332
-430 -268
-347 -203
-263 -137
-178 -72
-92 -5
-7 61
80 126
165 192
249 258
334 322
418 394
510 456
591 517
671 578
751 636
825 693
900 751
973 803
1041 855
1109 905
1174 952
1236 997
1294 1041
1352 1087
1411 1123
1458 1157
1502 1190
1543 1219
1581 1246
1615 1270
1647 1290
1673 1308
1697 1318
1710 1330
1724 1340
1738 1344
1743 1344
1743 1340
1738 1337
1733 1326
1719 1315
1705 1297
1683 1280
1660 1260
1633 1232
1598 1205
1564 1176
1526 1142
1482 1099
1427 1062
1377 1019
1323 976
1266 930
1205 881
1142 830
1076 777
1009 722
937 666
864 607
788 548
710 486
631 416
541 354
459 290
376 225
292 160
207 94
122 27
36 -38
-49 -104
-135 -169
-220 -235
-304 -299
-388 -364
-471 -434
-563 -497
-644 -557
-722 -616
-799 -675
-876 -731
-947 -786
-1019 -838
-1087 -890
-1154 -937
-1214 -983
-1275 -1026
-1332 -1069
-1386 -1113
-1444 -1147
-1487 -1182
-1533 -1211
-1571 -1238
-1605 -1265
-1639 -1286
-1666 -1303
-1689 -1317
-1707 -1328
-1721 -1339
-1735 -1342
-1740 -1346
-1745 -1346
-1745 -1339
-1735 -1332
-1726 -1320
-1712 -1306
-1694 -1289
-1671 -1268
-1644 -1245
-1613 -1217
-1579 -1188
-1540 -1156
-1499 -1123
-1456 -1078
-1398 -1038
-1346 -994
-1289 -949
-1231 -902
-1169 -852
-1105 -799
-1035 -744
-965 -688
-893 -632
-818 -572
-743 -511
-663 -451
-584 -379
-492 -316
-410 -251
-326 -186
-241 -121
-156 -55
-70 12
15 77
101 143
186 208
271 273
355 338
439 401
520 472
612 533
691 592
768 652
845 709
920 763
990 816
1058 869
1127 917
1190 966
1253 1009
1308 1050
1362 1091
1415 1133
1470 1167
1514 1200
1555 1225
1589 1253
1625 1273
1651 1294
1678 1311
1700 1323
1715 1333
1729 1311
1738 1315
1743 1315
1743 1311
1738 1304
1729 1294
1715 1284
1700 1266
1678 1246
1651 1225
1625 1200
1589 1174
1555 1142
1514 1109
1470 1073
1422 1028
1362 987
1308 945
1253 898
1190 850
1127 799
1058 746
990 693
920 638
845 580
768 522
691 462
612 400
531 331
439 268
355 203
271 140
186 75
101 12
15 -53
-70 -118
-156 -183
-241 -246
-326 -309
-410 -372
-492 -434
-574 -500
-663 -560
-743 -618
-818 -673
-893 -729
-965 -782
-1035 -833
-1105 -883
-1169 -929
-1231 -973
-1289 -1016
-1346 -1055
-1398 -1093
-1448 -1132
-1499 -1163
-1540 -1192
-1579 -1217
-1613 -1241
-1644 -1262
-1671 -1279
-1694 -1292
-1712 -1303
-1726 -1310
-1735 -1317
-1745 -1317
-1745 -1313
-1740 -1310
-1735 -1299
-1721 -1289
-1707 -1275
-1689 -1258
-1666 -1238
-1639 -1211
-1605 -1185
-1571 -1156
-1533 -1123
-1487 -1089
-1444 -1052
-1394 -1005
-1332 -963
-1275 -917
-1214 -871
-1154 -820
-1087 -769
-1019 -715
-947 -661
-876 -603
-799 -545
-722 -485
-644 -425
-563 -364
-482 -293
-388 -230
-304 -166
-220 -102
-135 -38
-49 27
36 92
122 157
207 220
292 283
376 346
459 408
541 469
623 536
710 594
788 652
864 707
937 761
1009 812
1076 862
1142 910
1205 956
1266 997
1323 1039
1377 1076
1427 1111
1473 1152
1526 1180
1564 1205
1598 1232
1633 1253
1660 1270
1683 1287
1705 1297
1719 1308
1733 1311
1738 1315
1743 1315
1743 1311
1738 1301
1724 1290
1710 1280
1697 1263
1673 1243
1647 1219
1615 1193
1581 1164
1543 1133
1502 1099
1458 1065
1411 1024
1359 976
1294 932
1236 886
1174 836
1109 785
1041 734
973 679
900 623
825 566
751 507
671 446
591 385
510 323
428 252
334 188
249 124
165 60
80 -5
-7 -70
-92 -135
-178 -198
-263 -261
-347 -325
-430 -387
-512 -448
-593 -509
-673 -574
-760 -633
-838 -688
-912 -743
-983 -794
-1052 -845
-1120 -895
-1185 -939
-1245 -983
-1303 -1026
-1361 -1067
-1413 -1101
-1460 -1135
-1504 -1173
-1554 -1198
-1588 -1224
-1622 -1248
-1653 -1265
-1675 -1282
-1699 -1296
-1717 -1306
-1731 -1313
-1740 -1317
-1745 -1317
-1745 -1313
-1740 -1306
-1731 -1299
-1721 -1286
-1702 -1272
-1685 -1251
-1658 -1231
-1631 -1204
-1596 -1178
-1562 -1147
-1520 -1113
-1475 -1078
-1429 -1041
-1379 -999
-1325 -952
-1262 -907
-1202 -857
-1135 -807
-1069 -756
-1002 -702
-929 -647
-857 -589
-782 -531
-703 -471
-625 -410
-543 -348
-461 -285
-378 -214
-284 -150
-198 -86
-113 -21
-28 43
58 108
143 172
229 236
314 299
396 362
480 423
561 483
642 543
720 609
807 666
883 720
956 773
1024 825
1094 874
1157 922
1222 966
1280 1009
1337 1050
1392 1087
1442 1121
1485 1154
1531 1186
1572 1212
1607 1236
1637 1256
1664 1273
1687 1290
1710 1301
1724 1308
1733 1311
1738 1315
1743 1287
1743 1280
1733 1273
1724 1263
1710 1246
1687 1229
1664 1209
1637 1186
1607 1161
1572 1133
1535 1103
1494 1067
1446 1031
1396 992
1344 950
1287 903
1222 855
1157 807
1094 756
1024 705
956 652
883 596
807 539
730 481
652 422
572 362
490 300
408 239
324 169
229 106
143 42
58 -21
-28 -84
-113 -147
-198 -210
-284 -272
-367 -333
-451 -393
-533 -454
-614 -512
-693 -570
-770 -633
-857 -686
-929 -741
-1002 -790
-1069 -838
-1135 -888
-1202 -932
-1262 -973
-1317 -1013
-1371 -1052
-1424 -1087
-1472 -1120
-1516 -1151
-1557 -1178
-1596 -1204
-1631 -1224
-1658 -1245
-1685 -1258
-1702 -1272
-1721 -1279
-1731 -1286
-1740 -1289
-1745 -1289
-1745 -1286
-1740 -1279
-1731 -1268
-1717 -1255
-1699 -1238
-1675 -1221
-1653 -1198
-1622 -1173
-1588 -1147
-1554 -1117
-1511 -1084
-1467 -1047
-1417 -1007
-1364 -968
-1310 -927
-1255 -876
-1185 -827
-1120 -777
-1052 -726
-983 -673
-912 -620
-838 -562
-760 -504
-683 -447
-604 -386
-522 -326
-441 -263
-357 -202
-273 -131
-178 -68
-92 -5
-7 58
80 121
165 184
249 247
334 309
418 369
500 429
582 488
661 546
741 602
816 664
900 719
973 768
1041 818
1109 866
1174 912
1236 956
1294 997
1352 1036
1403 1073
1454 1106
1497 1136
1538 1164
1577 1193
1615 1215
1647 1236
1673 1253
1697 1263
1710 1273
1724 1284
1738 1287
1743 1287
1743 1284
1738 1280
1733 1270
1719 1260
1705 1243
1683 1225
1660 1205
1633 1180
1598 1154
1564 1127
1526 1094
1482 1058
1434 1022
1384 981
1330 940
1273 895
1212 843
1142 794
1076 744
1009 691
937 638
864 582
788 524
710 466
631 406
551 346
469 285
386 223
302 160
218 90
122 27
36 -36
-49 -99
-135 -162
-220 -225
-304 -287
-388 -348
-471 -408
-553 -468
-633 -526
-712 -584
-790 -640
-866 -700
-947 -753
-1019 -803
-1087 -852
-1154 -897
-1214 -942
-1275 -983
-1332 -1024
-1386 -1060
-1436 -1096
-1484 -1129
-1528 -1156
-1566 -1182
-1600 -1211
-1639 -1231
-1666 -1248
-1689 -1262
-1707 -1272
-1721 -1282
-1735 -1286
-1740 -1289
-1745 -1289
-1745 -1286
-1740 -1275
-1726 -1265
-1712 -1251
-1694 -1234
-1671 -1214
-1644 -1192
-1613 -1166
-1579 -1138
-1540 -1108
-1499 -1075
-1456 -1038
-1405 -999
-1354 -958
-1296 -914
-1238 -868
-1176 -816
-1105 -765
-1035 -712
-965 -659
-893 -604
-818 -548
-743 -490
-663 -431
-584 -371
-502 -311
-420 -249
-336 -186
-251 -123
-167 -53
-70 10
15 74
101 137
186 200
271 261
355 324
439 384
520 445
602 502
681 560
758 618
836 671
910 730
990 782
1058 831
1127 879
1190 925
1253 966
1308 1005
1362 1045
1415 1082
1465 1115
1509 1145
1552 1171
1586 1196
1620 1219
1651 1239
1678 1256
1700 1266
1715 1277
1729 1284
1738 1287
1743 1287
1743 1284
1738 1277
1729 1243
1719 1229
1700 1212
1678 1193
1651 1174
1625 1149
1589 1123
1555 1094
1514 1062
1470 1028
1422 990
1369 950
1315 910
1260 866
1200 818
1133 765
1058 715
990 664
920 611
845 555
768 500
691 442
612 383
531 324
449 264
365 203
282 142
196 80
111 10
15 -51
-70 -113
-156 -174
-241 -236
-326 -296
-410 -356
-492 -415
-574 -473
-654 -529
-732 -585
-809 -640
-885 -692
-958 -748
-1035 -799
-1105 -845
-1169 -890
-1231 -932
-1289 -973
-1346 -1011
-1398 -1047
-1448 -1081
-1496 -1111
-1537 -1138
-1574 -1163
-1609 -1185
-1639 -1207
-1671 -1224
-1694 -1238
-1712 -1248
-1726 -1255
-1735 -1262
-1745 -1262
-1745 -1258
-1740 -1255
-1735 -1248
-1726 -1238
-1712 -1221
-1689 -1204
-1666 -1185
-1639 -1159
-1605 -1135
-1571 -1108
-1533 -1075
-1487 -1043
-1444 -1007
-1394 -968
-1339 -927
-1282 -885
-1224 -838
-1159 -792
-1096 -736
-1019 -685
-947 -633
-876 -577
-799 -522
-722 -465
-644 -408
-563 -348
-482 -289
-398 -229
-316 -167
-231 -106
-145 -43
-60 26
36 88
122 150
207 210
292 271
376 331
459 391
541 449
623 507
701 563
780 618
855 669
927 722
1000 777
1076 825
1142 871
1205 915
1266 956
1323 995
1377 1031
1427 1065
1473 1097
1518 1127
1560 1152
1594 1176
1629 1196
1656 1215
1683 1232
1705 1243
1719 1253
1733 1256
1738 1260
1743 1260
1743 1256
1738 1249
1729 1239
1715 1225
1697 1209
1673 1190
1647 1167
1615 1142
1581 1115
1543 1085
1502 1053
1458 1019
1411 981
1359 940
1301 898
1243 855
1183 807
1118 758
1050 703
973 650
900 596
825 542
751 485
671 427
591 369
510 309
428 249
345 188
261 126
176 65
90 3
5 -67
-92 -128
-178 -190
-263 -251
-347 -311
-430 -371
-512 -429
-593 -487
-673 -544
-753 -598
-827 -652
-902 -705
-975 -755
-1043 -809
-1120 -857
-1185 -900
-1245 -942
-1303 -983
-1361 -1021
-1413 -1055
-1460 -1087
-1504 -1117
-1545 -1144
-1583 -1169
-1617 -1192
-1649 -1211
-1675 -1227
-1699 -1241
-1717 -1251
-1731 -1258
-1740 -1262
-1745 -1262
-1745 -1258
-1740 -1255
-1735 -1245
-1721 -1234
-1707 -1217
-1685 -1202
-1662 -1178
-1631 -1154
-1596 -1129
-1562 -1099
-1520 -1067
-1475 -1033
-1429 -997
-1379 -958
-1325 -917
-1268 -873
-1207 -827
-1144 -779
-1078 -731
-1011 -671
-929 -620
-857 -565
-782 -509
-703 -451
-625 -393
-543 -333
-461 -273
-378 -212
-294 -152
-209 -90
-124 -28
-38 34
47 104
143 165
229 227
314 287
396 346
480 406
561 463
642 520
720 575
797 631
874 683
945 734
1017 784
1085 836
1157 883
1222 925
1280 966
1337 1005
1392 1041
1442 1073
1485 1106
1531 1133
1569 1157
1603 1183
1637 1202
1664 1219
1687 1236
1710 1246
1724 1253
1733 1256
1738 1260
1743 1260
1743 1253
1733 1246
1724 1236
1710 1222
1692 1180
1669 1161
1642 1136
1607 1111
1572 1085
1535 1056
1494 1022
1446 987
1396 950
1344 910
1287 869
1229 825
1167 780
1103 730
1033 681
963 624
883 570
807 516
730 461
652 404
572 346
490 288
408 229
324 169
239 109
154 48
68 -12
-17 -73
-103 -140
-198 -201
-284 -260
-367 -319
-451 -377
-533 -434
-614 -490
-693 -545
-770 -599
-847 -652
-922 -702
-992 -750
-1060 -799
-1129 -850
-1202 -893
-1262 -932
-1317 -970
-1371 -1007
-1424 -1041
-1472 -1072
-1516 -1101
-1557 -1125
-1591 -1151
-1627 -1169
-1653 -1188
-1680 -1204
-1702 -1217
-1721 -1224
-1731 -1231
-1740 -1234
-1745 -1234
-1745 -1231
-1740 -1224
-1731 -1214
-1717 -1204
-1702 -1188
-1680 -1169
-1653 -1151
-1627 -1123
-1588 -1099
-1554 -1069
-1511 -1038
-1467 -1002
-1417 -965
-1364 -927
-1310 -888
-1255 -843
-1192 -799
-1129 -750
-1060 -702
-992 -652
-922 -593
-838 -538
-760 -483
-683 -427
-604 -369
-522 -312
-441 -253
-357 -193
-273 -133
-188 -73
-103 -12
-17 48
68 109
154 176
249 236
334 295
418 353
500 411
582 467
661 524
741 577
816 630
891 681
963 730
1033 780
1103 825
1167 874
1236 915
1294 956
1352 992
1403 1028
1454 1058
1497 1087
1538 1115
1577 1139
1611 1161
1642 1180
1669 1196
1692 1209
1710 1219
1724 1229
1738 1232
1743 1232
1743 1229
1738 1225
1733 1215
1719 1205
1705 1193
1687 1176
1664 1157
1637 1133
1603 1106
1564 1079
1526 1048
1482 1014
1434 978
1384 940
1330 900
1273 857
1212 814
1152 767
1085 719
1017 668
945 618
874 557
788 502
710 446
631 389
551 331
469 273
386 213
302 154
218 94
133 33
47 -27
-38 -88
-124 -148
-209 -215
-304 -275
-388 -333
-471 -391
-553 -448
-633 -504
-712 -559
-790 -613
-866 -664
-939 -715
-1011 -763
-1078 -809
-1144 -854
-1207 -902
-1275 -942
-1332 -980
-1386 -1016
-1436 -1050
-1484 -1081
-1528 -1108
-1566 -1132
-1600 -1156
-1635 -1176
-1662 -1192
-1685 -1207
-1707 -1217
-1721 -1227
-1735 -1231
-1740 -1234
-1745 -1234
-1745 -1231
-1740 -1221
-1726 -1211
-1712 -1202
-1699 -1185
-1675 -1166
-1649 -1144
-1617 -1120
-1583 -1089
-1540 -1060
-1499 -1030
-1456 -994
-1405 -958
-1354 -917
-1296 -876
-1238 -832
-1176 -786
-1111 -738
-1043 -690
-975 -638
-902 -585
-827 -526
-743 -469
-663 -413
-584 -355
-502 -297
-420 -238
-336 -178
-251 -118
-167 -58
-82 3
5 63
90 124
176 184
261 251
355 310
439 367
520 425
602 481
681 536
758 591
836 643
910 693
981 742
1050 790
1118 836
1183 879
1243 925
1308 963
1362 1000
1415 1036
1465 1067
1509 1097
1552 1121
1586 1145
1620 1167
1651 1183
1673 1200
1697 1212
1715 1222
1729 1229
1738 1232
1743 1232
1743 1229
1738 1222
1729 1215
1719 1202
1700 1190
1683 1171
1656 1152
1629 1103
1594 1079
1560 1048
1514 1017
1470 984
1422 947
1369 910
1315 871
1260 830
1200 784
1133 739
1067 691
1000 642
927 591
855 539
780 478
691 423
612 367
531 310
449 253
365 195
282 136
196 77
111 17
26 -41
-60 -101
-145 -160
-231 -219
-316 -284
-410 -341
-492 -398
-574 -453
-654 -507
-732 -560
-809 -613
-885 -663
-958 -711
-1026 -758
-1096 -803
-1159 -847
-1224 -888
-1282 -932
-1346 -968
-1398 -1002
-1448 -1035
-1496 -1064
-1537 -1089
-1574 -1113
-1609 -1135
-1639 -1154
-1666 -1169
-1689 -1185
-1712 -1195
-1726 -1202
-1735 -1207
-1745 -1207
-1745 -1204
-1740 -1202
-1735 -1195
-1726 -1185
-1712 -1169
-1689 -1154
-1666 -1135
-1639 -1113
-1609 -1089
-1574 -1064
-1537 -1030
-1487 -999
-1444 -965
-1394 -927
-1339 -888
-1282 -847
-1224 -803
-1159 -758
-1096 -711
-1026 -663
-958 -613
-885 -560
-809 -507
-732 -446
-644 -390
-563 -333
-482 -276
-398 -219
-316 -160
-231 -101
-145 -41
-60 17
26 77
111 136
196 195
282 253
365 317
459 374
541 430
623 485
701 539
780 591
855 642
927 691
1000 739
1067 784
1133 830
1200 871
1260 910
1315 952
1377 987
1427 1019
1473 1050
1518 1079
1560 1103
1594 1127
1629 1145
1656 1164
1683 1176
1700 1190
1719 1196
1729 1202
1738 1205
1743 1205
1743 1202
1738 1196
1729 1186
1715 1174
1697 1157
1673 1142
1651 1121
1620 1097
1586 1073
1552 1045
1509 1009
1458 976
1411 940
1359 900
1301 859
1243 818
1183 773
1118 727
1050 679
981 630
910 578
836 524
758 471
681 408
591 353
510 295
428 239
345 179
261 121
176 62
90 3
5 -57
-82 -116
-167 -174
-251 -233
-336 -290
-420 -355
-512 -410
-593 -466
-673 -521
-753 -572
-827 -625
-902 -675
-975 -722
-1043 -769
-1111 -814
-1176 -857
-1238 -897
-1296 -937
-1354 -978
-1413 -1011
-1460 -1041
-1504 -1069
-1545 -1096
-1583 -1120
-1617 -1141
-1649 -1159
-1675 -1176
-1699 -1185
-1712 -1195
-1726 -1204
-1740 -1207
-1745 -1207
-1745 -1204
-1740 -1202
-1735 -1192
-1721 -1182
-1707 -1166
-1685 -1151
-1662 -1132
-1635 -1108
-1600 -1084
-1566 -1058
-1528 -1026
-1484 -989
-1429 -954
-1379 -917
-1325 -878
-1268 -836
-1207 -792
-1144 -746
-1078 -700
-1011 -650
-939 -599
-866 -547
-790 -493
-712 -439
-633 -376
-543 -319
-461 -261
-378 -203
-294 -145
-209 -86
-124 -27
-38 32
47 92
133 150
218 208
302 266
386 324
469 388
561 444
642 498
720 551
797 604
874 654
945 703
1017 751
1085 797
1152 838
1212 881
1273 920
1330 958
1384 997
1442 1028
1485 1058
1531 1085
1569 1109
1603 1133
1637 1152
1664 1167
1687 1180
1705 1190
1719 1200
1733 1202
1738 1205
1743 1205
1743 1200
1733 1193
1724 1183
1710 1171
1692 1154
1669 1136
1642 1115
1611 1091
1577 1065
1538 1014
1497 984
1454 945
1396 910
1344 871
1287 831
1229 790
1167 746
1103 700
1033 652
963 602
891 553
816 501
741 447
661 394
582 331
490 276
408 219
324 162
239 104
154 46
68 -12
-17 -70
-103 -128
-188 -185
-273 -242
-357 -299
-441 -354
-522 -417
-614 -470
-693 -522
-770 -574
-847 -625
-922 -671
-992 -719
-1060 -765
-1129 -807
-1192 -850
-1255 -888
-1310 -924
-1364 -960
-1417 -997
-1472 -1026
-1516 -1055
-1557 -1078
-1591 -1101
-1627 -1120
-1653 -1138
-1680 -1154
-1702 -1163
-1717 -1173
-1731 -1178
-1740 -1182
-1745 -1182
-1745 -1178
-1740 -1173
-1731 -1163
-1717 -1154
-1702 -1138
-1680 -1120
-1653 -1101
-1627 -1078
-1591 -1055
-1557 -1026
-1516 -997
-1472 -965
-1424 -924
-1364 -888
-1310 -850
-1255 -807
-1192 -765
-1129 -719
-1060 -671
-992 -625
-922 -574
-847 -522
-770 -470
-693 -417
-614 -361
-533 -299
-441 -242
-357 -185
-273 -128
-188 -70
-103 -12
-17 46
68 104
154 162
239 219
324 276
408 331
490 387
572 447
661 501
741 553
816 602
891 652
963 700
1033 746
1103 790
1167 831
1229 871
1287 910
1344 945
1396 978
1446 1014
1497 1041
1538 1067
1577 1091
1611 1111
1642 1130
1669 1145
1692 1157
1710 1167
1724 1174
1733 1180
1743 1180
1743 1176
1738 1174
1733 1164
1719 1154
1705 1142
1687 1127
1664 1109
1637 1085
1603 1062
1569 1036
1531 1005
1485 976
1442 942
1392 900
1330 862
1273 821
1212 780
1152 734
1085 688
1017 640
945 591
874 539
797 488
720 434
642 380
561 324
480 261
386 205
302 147
218 89
133 32
47 -26
-38 -84
-124 -142
-209 -200
-294 -256
-378 -313
-461 -367
-543 -423
-625 -483
-712 -535
-790 -587
-866 -637
-939 -685
-1011 -731
-1078 -775
-1144 -818
-1207 -859
-1268 -897
-1325 -934
-1379 -968
-1429 -999
-1475 -1035
-1528 -1060
-1566 -1084
-1600 -1108
-1635 -1125
-1662 -1141
-1685 -1156
-1707 -1166
-1721 -1176
-1735 -1178
-1740 -1182
-1745 -1182
-1745 -1178
-1740 -1169
-1726 -1159
-1712 -1151
-1699 -1135
-1675 -1117
-1649 -1096
-1617 -1072
-1583 -1047
-1545 -1019
-1504 -989
-1460 -958
-1413 -922
-1361 -878
-1296 -838
-1238 -796
-1176 -753
-1111 -707
-1043 -661
-975 -611
-902 -560
-827 -510
-753 -456
-673 -402
-593 -347
-512 -292
-430 -229
-336 -171
-251 -113
-167 -55
-82 3
5 61
90 119
176 176
261 233
345 290
428 345
510 400
591 454
671 514
758 566
836 616
910 664
981 710
1050 756
1118 801
1183 841
1243 881
1301 920
1359 956
1411 987
1458 1017
1502 1050
1552 1073
1586 1097
1620 1118
1651 1133
1673 1149
1697 1161
1715 1171
1729 1176
1738 1180
1743 1180
1743 1176
1738 1174
1733 1164
1719 1152
1700 1139
1683 1121
1656 1103
1629 1079
1594 1056
1560 1028
1518 997
1473 966
1427 912
1377 876
1323 834
1260 794
1200 751
1133 707
1067 662
1000 614
927 566
855 516
780 464
701 412
623 358
541 304
459 249
376 186
282 130
196 73
111 17
26 -40
-60 -97
-145 -153
-231 -209
-316 -265
-398 -319
-482 -374
-563 -427
-644 -480
-722 -536
-809 -587
-885 -635
-958 -681
-1026 -726
-1096 -769
-1159 -811
-1224 -850
-1282 -888
-1339 -924
-1394 -958
-1444 -986
-1487 -1016
-1533 -1043
-1574 -1067
-1609 -1087
-1639 -1105
-1666 -1120
-1689 -1135
-1712 -1144
-1726 -1151
-1735 -1154
-1740 -1156
-1745 -1156
-1745 -1151
-1735 -1144
-1726 -1135
-1712 -1120
-1689 -1105
-1666 -1087
-1639 -1067
-1609 -1043
-1574 -1019
-1537 -992
-1496 -960
-1448 -927
-1398 -893
-1346 -854
-1289 -811
-1224 -769
-1159 -726
-1096 -681
-1026 -635
-958 -587
-885 -536
-809 -485
-732 -434
-654 -381
-574 -326
-492 -272
-410 -216
-326 -153
-231 -97
-145 -40
-60 17
26 73
111 130
196 186
282 242
365 297
449 351
531 406
612 458
691 509
768 566
855 614
927 662
1000 707
1067 751
1133 794
1200 834
1260 871
1315 908
1369 942
1422 973
1470 1003
1514 1031
1555 1056
1594 1079
1629 1097
1656 1115
1683 1127
1700 1139
1719 1145
1729 1152
1738 1154
1743 1154
1743 1152
1738 1145
1729 1136
1715 1123
1697 1109
1673 1094
1651 1073
1620 1050
1586 1028
1552 1000
1509 971
1465 937
1415 903
1362 866
1308 830
1253 784
1183 741
1118 695
1050 650
981 602
910 554
836 502
758 451
681 399
602 345
520 290
439 235
355 179
271 116
176 59
90 3
5 -55
-82 -111
-167 -167
-251 -224
-336 -278
-420 -333
-502 -387
-584 -439
-663 -492
-743 -543
-818 -598
-902 -647
-975 -692
-1043 -736
-1111 -779
-1176 -820
-1238 -859
-1296 -897
-1354 -932
-1405 -965
-1456 -994
-1499 -1021
-1540 -1047
-1579 -1072
-1617 -1093
-1649 -1111
-1675 -1125
-1699 -1135
-1712 -1144
-1726 -1154
-1740 -1156
-1745 -1156
-1745 -1154
-1740 -1151
-1735 -1141
-1721 -1132
-1707 -1117
-1685 -1101
-1662 -1084
-1635 -1060
-1600 -1038
-1566 -1013
-1528 -983
-1484 -952
-1436 -919
-1386 -883
-1332 -845
-1275 -805
-1214 -758
-1144 -715
-1078 -670
-1011 -623
-939 -574
-866 -524
-790 -473
-712 -420
-633 -367
-553 -313
-471 -258
-388 -202
-304 -145
-220 -82
-124 -26
-38 31
47 87
133 143
218 200
302 256
386 311
469 365
551 418
631 471
710 522
788 572
864 626
945 673
1017 719
1085 763
1152 803
1212 843
1273 881
1330 917
1384 950
1434 981
1482 1011
1526 1036
1564 1058
1598 1085
1637 1103
1664 1118
1687 1130
1705 1139
1719 1149
1733 1152
1738 1154
1743 1154
1743 1152
1738 1142
1724 1133
1710 1123
1697 1106
1669 1087
1642 1067
1611 1045
1577 1019
1538 992
1497 963
1454 930
1403 895
1352 857
1294 801
1236 761
1174 715
1103 669
1033 624
963 577
891 529
816 480
741 428
661 377
582 324
500 271
418 217
334 162
249 106
165 44
68 -12
-17 -67
-103 -122
-188 -177
-273 -232
-357 -286
-441 -340
-522 -393
-604 -443
-683 -493
-760 -544
-838 -591
-912 -644
-992 -688
-1060 -732
-1129 -773
-1192 -814
-1255 -850
-1310 -885
-1364 -919
-1417 -952
-1467 -980
-1511 -1007
-1554 -1030
-1588 -1052
-1622 -1072
-1653 -1089
-1680 -1105
-1702 -1113
-1717 -1123
-1731 -1129
-1740 -1132
-1745 -1132
-1745 -1129
-1740 -1123
-1731 -1117
-1721 -1105
-1702 -1093
-1685 -1072
-1653 -1055
-1627 -1033
-1591 -1011
-1557 -983
-1516 -954
-1472 -924
-1424 -890
-1371 -854
-1317 -818
-1262 -779
-1202 -736
-1135 -688
-1060 -644
-992 -598
-922 -550
-847 -500
-770 -451
-693 -398
-614 -345
-533 -292
-451 -239
-367 -184
-284 -130
-198 -74
-113 -12
-17 44
68 99
154 155
239 210
324 264
408 317
490 370
572 422
652 473
730 524
807 572
883 619
956 669
1033 715
1103 756
1167 797
1229 834
1287 871
1344 905
1396 937
1446 968
1494 995
1535 1019
1572 1041
1607 1062
1637 1082
1669 1097
1692 1109
1710 1118
1724 1123
1733 1130
1743 1130
1743 1127
1738 1123
1733 1118
1724 1109
1710 1094
1687 1079
1664 1062
1637 1039
1603 1017
1569 992
1531 963
1485 935
1442 903
1392 866
1337 830
1280 792
1222 751
1157 709
1094 659
1017 612
945 566
874 516
797 467
720 415
642 364
561 311
480 257
396 203
314 148
229 92
143 37
58 -26
-38 -81
-124 -136
-209 -191
-294 -246
-378 -299
-461 -352
-543 -405
-625 -456
-703 -507
-782 -556
-857 -603
-929 -650
-1002 -700
-1078 -743
-1144 -784
-1207 -823
-1268 -859
-1325 -895
-1379 -927
-1429 -958
-1475 -986
-1520 -1013
-1562 -1035
-1596 -1058
-1631 -1075
-1658 -1093
-1685 -1108
-1707 -1117
-1721 -1125
-1735 -1129
-1740 -1132
-1745 -1132
-1745 -1129
-1740 -1123
-1731 -1113
-1717 -1101
-1699 -1087
-1675 -1072
-1653 -1050
-1617 -1026
-1583 -1002
-1545 -975
-1504 -947
-1460 -917
-1413 -883
-1361 -845
-1303 -807
-1245 -769
-1185 -726
-1120 -683
-1052 -633
-975 -585
-902 -536
-827 -488
-753 -437
-673 -385
-593 -333
-512 -279
-430 -225
-347 -171
-263 -116
-178 -60
-92 -5
-7 58
90 114
176 169
261 223
345 277
428 331
510 383
591 435
671 486
751 534
825 583
900 631
973 676
1041 724
1118 767
1183 805
1243 843
1301 881
1359 915
1411 945
1458 973
1502 1000
1543 1024
1581 1048
1615 1067
1647 1085
1673 1099
1697 1111
1715 1121
1729 1127
1738 1130
1743 1130
1743 1127
1738 1123
1733 1115
1719 1106
1705 1091
1683 1076
1660 1058
1633 1033
1594 1011
1560 984
1518 956
1473 925
1427 893
1377 857
1323 821
1266 782
1205 741
1142 683
1076 640
1009 587
927 542
855 495
780 445
701 394
623 343
541 291
459 239
376 184
292 131
207 77
122 22
36 -31
-49 -92
-145 -147
-231 -200
-316 -253
-398 -306
-482 -358
-563 -408
-644 -459
-722 -507
-799 -556
-876 -601
-947 -647
-1019 -690
-1087 -736
-1159 -777
-1224 -814
-1282 -850
-1339 -885
-1394 -917
-1444 -944
-1487 -973
-1533 -997
-1571 -1019
-1605 -1041
-1639 -1058
-1666 -1072
-1689 -1087
-1712 -1096
-1726 -1101
-1735 -1105
-1740 -1108
-1745 -1108
-1745 -1101
-1735 -1096
-1726 -1087
-1712 -1075
-1694 -1060
-1671 -1043
-1644 -1024
-1613 -999
-1574 -975
-1537 -949
-1496 -919
-1448 -888
-1398 -854
-1346 -818
-1289 -782
-1231 -743
-1169 -702
-1105 -657
-1035 -613
-965 -562
-885 -514
-809 -465
-732 -415
-654 -365
-574 -313
-492 -260
-410 -207
-326 -154
-241 -99
-156 -45
-70 9
15 63
101 124
196 179
282 232
365 284
449 336
531 388
612 439
691 488
768 536
845 583
920 628
990 671
1058 715
1127 761
1200 799
1260 834
1315 869
1369 903
1422 932
1470 961
1514 987
1555 1009
1589 1031
1625 1048
1651 1065
1678 1079
1700 1091
1719 1097
1729 1103
1738 1106
1743 1106
1743 1103
1738 1097
1729 1087
1715 1079
1700 1065
1678 1048
1651 1031
1625 1009
1589 984
1552 958
1509 930
1465 898
1415 864
1362 830
1308 794
1253 754
1190 715
1127 671
1058 628
990 583
920 531
836 481
758 432
681 382
602 330
520 278
439 225
355 171
271 118
186 63
101 9
15 -45
-70 -99
-156 -160
-251 -214
-336 -267
-420 -319
-502 -371
-584 -420
-663 -471
-743 -519
-818 -567
-893 -613
-965 -657
-1035 -702
-1105 -743
-1169 -786
-1238 -823
-1296 -859
-1354 -893
-1405 -924
-1456 -952
-1499 -978
-1540 -1002
-1579 -1024
-1613 -1043
-1644 -1060
-1671 -1075
-1694 -1087
-1712 -1096
-1726 -1105
-1740 -1108
-1745 -1108
-1745 -1105
-1740 -1101
-1735 -1093
-1721 -1084
-1707 -1072
-1689 -1058
-1666 -1041
-1639 -1019
-1605 -997
-1571 -970
-1528 -942
-1484 -912
-1436 -881
-1386 -845
-1332 -809
-1275 -770
-1214 -732
-1154 -690
-1087 -647
-1019 -601
-947 -556
-876 -502
-790 -453
-712 -402
-633 -352
-553 -299
-471 -246
-388 -193
-304 -140
-220 -86
-135 -31
-49 22
36 77
122 131
207 191
302 244
386 297
469 350
551 400
631 451
710 500
788 548
864 594
937 640
1009 683
1076 724
1142 765
1205 807
1273 843
1330 879
1384 910
1434 940
1482 968
1526 992
1564 1014
1598 1036
1633 1053
1660 1067
1683 1082
1705 1091
1719 1099
1733 1103
1738 1106
1743 1106
1743 1103
1738 1094
1724 1085
1710 1076
1697 1062
1673 1045
1647 1024
1615 1003
1581 978
1543 950
1497 922
1454 891
1403 857
1352 821
1294 784
1236 744
1174 703
1109 661
1041 618
973 558
900 512
825 459
741 410
661 360
582 310
500 259
418 207
334 155
249 102
165 49
80 -4
-7 -58
-92 -111
-178 -164
-263 -222
-357 -274
-441 -325
-522 -376
-604 -424
-683 -473
-760 -521
-838 -567
-912 -611
-983 -654
-1052 -695
-1120 -736
-1185 -773
-1245 -814
-1310 -847
-1364 -881
-1417 -912
-1467 -939
-1511 -965
-1554 -986
-1588 -1007
-1622 -1026
-1653 -1041
-1675 -1055
-1699 -1067
-1717 -1075
-1731 -1081
-1740 -1084
-1745 -1084
-1745 -1081
-1740 -1075
-1731 -1069
-1721 -1058
-1702 -1047
-1685 -1030
-1658 -1013
-1631 -992
-1596 -970
-1562 -944
-1520 -914
-1472 -885
-1424 -852
-1371 -818
-1317 -784
-1262 -746
-1202 -705
-1135 -664
-1069 -623
-1002 -577
-929 -533
-857 -485
-782 -431
-693 -382
-614 -331
-533 -280
-451 -229
-367 -176
-284 -123
-198 -70
-113 -17
-28 36
58 89
143 142
229 194
314 253
408 304
490 355
572 404
652 454
730 501
807 548
883 592
956 636
1024 679
1094 719
1157 758
1222 794
1280 834
1344 866
1396 898
1446 927
1494 952
1535 976
1572 997
1607 1017
1637 1033
1664 1048
1687 1062
1710 1070
1724 1076
1733 1082
1743 1082
1743 1079
1738 1076
1733 1070
1724 1062
1710 1048
1687 1033
1664 1017
1637 997
1607 976
1572 952
1535 927
1494 895
1442 864
1392 830
1337 794
1280 758
1222 719
1157 679
1094 636
1024 592
956 548
883 501
807 454
730 398
642 348
561 297
480 246
396 194
314 142
229 89
143 36
58 -17
-28 -70
-113 -123
-198 -176
-284 -229
-367 -287
-461 -337
-543 -388
-625 -437
-703 -485
-782 -533
-857 -577
-929 -623
-1002 -664
-1069 -705
-1135 -746
-1202 -784
-1262 -818
-1317 -857
-1379 -888
-1429 -917
-1475 -944
-1520 -970
-1562 -992
-1596 -1013
-1631 -1030
-1658 -1047
-1685 -1058
-1702 -1069
-1721 -1075
-1731 -1081
-1740 -1084
-1745 -1084
-1745 -1081
-1740 -1075
-1731 -1067
-1717 -1055
-1699 -1041
-1675 -1026
-1653 -1007
-1622 -986
-1588 -965
-1554 -939
-1511 -912
-1467 -878
-1413 -845
-1361 -809
-1303 -773
-1245 -736
-1185 -695
-1120 -654
-1052 -611
-983 -567
-912 -521
-838 -473
-760 -424
-683 -369
-593 -319
-512 -268
-430 -215
-347 -164
-263 -111
-178 -58
-92 -4
-7 49
80 102
165 155
249 207
334 259
418 317
510 367
591 416
671 466
751 512
825 558
900 604
973 647
1041 688
1109 729
1174 767
1236 803
1294 838
1352 876
1411 905
1458 932
1502 958
1543 981
1581 1003
1615 1022
1647 1039
1673 1053
1697 1062
1710 1070
1724 1079
1738 1082
1743 1082
1743 1079
1738 1076
1733 1067
1719 1058
1705 1045
1683 1031
1660 1014
1633 992
1598 971
1564 947
1526 920
1482 891
1434 855
1377 821
1323 785
1266 748
1205 709
1142 668
1076 626
1009 582
937 536
864 488
788 432
710 383
631 328
541 278
459 228
376 177
292 126
207 73
122 22
36 -31
-49 -82
-135 -134
-220 -185
-304 -236
-388 -287
-471 -343
-563 -391
-644 -439
-722 -485
-799 -533
-876 -576
-947 -620
-1019 -661
-1087 -702
-1154 -738
-1214 -775
-1275 -809
-1332 -843
-1386 -878
-1444 -905
-1487 -932
-1533 -954
-1571 -975
-1605 -997
-1639 -1013
-1666 -1026
-1689 -1038
-1707 -1047
-1721 -1055
-1735 -1058
-1740 -1060
-1745 -1060
-1745 -1055
-1735 -1050
-1726 -1041
-1712 -1030
-1694 -1016
-1671 -999
-1644 -980
-1613 -960
-1579 -937
-1540 -912
-1499 -885
-1456 -854
-1405 -818
-1346 -784
-1289 -748
-1231 -711
-1169 -671
-1105 -630
-1035 -587
-965 -543
-893 -497
-818 -451
-743 -403
-663 -355
-584 -299
-492 -249
-410 -198
-326 -147
-241 -96
-156 -43
-70 9
15 61
101 113
186 164
271 215
355 266
439 316
520 372
612 420
691 467
768 514
845 558
920 601
990 643
1058 684
1127 722
1190 761
1253 794
1308 828
1362 859
1415 893
1470 920
1514 945
1555 966
1589 987
1625 1003
1651 1019
1678 1033
1700 1041
1715 1050
1729 1056
1738 1058
1743 1058
1743 1056
1738 1050
1729 1041
1715 1033
1700 1019
1678 1003
1651 987
1625 966
1589 945
1555 920
1514 893
1470 864
1422 831
1369 794
1308 761
1253 722
1190 684
1127 643
1058 601
990 558
920 514
845 467
768 420
691 372
612 322
531 266
439 215
355 164
271 113
186 61
101 9
15 -43
-70 -96
-156 -147
-241 -198
-326 -249
-410 -299
-492 -349
-574 -403
-663 -451
-743 -497
-818 -543
-893 -587
-965 -630
-1035 -671
-1105 -711
-1169 -748
-1231 -784
-1289 -818
-1346 -850
-1398 -881
-1448 -912
-1499 -937
-1540 -960
-1579 -980
-1613 -999
-1644 -1016
-1671 -1030
-1694 -1041
-1712 -1050
-1726 -1055
-1735 -1060
-1745 -1060
-1745 -1058
-1740 -1055
-1735 -1047
-1721 -1038
-1707 -1026
-1689 -1013
-1666 -997
-1639 -975
-1605 -954
-1571 -932
-1533 -905
-1487 -878
-1444 -847
-1394 -814
-1339 -775
-1275 -738
-1214 -702
-1154 -661
-1087 -620
-1019 -576
-947 -533
-876 -485
-799 -439
-722 -391
-644 -343
-563 -293
-482 -236
-388 -185
-304 -134
-220 -82
-135 -31
-49 22
36 73
122 126
207 177
292 228
376 278
459 328
541 377
623 432
710 478
788 524
864 569
937 612
1009 654
1076 693
1142 732
1205 768
1266 803
1323 836
1377 866
1427 895
1473 927
1526 950
1564 971
1598 992
1633 1009
1660 1022
1683 1036
1705 1045
1719 1053
1733 1056
1738 1058
1743 1058
1743 1056
1738 1048
1724 1039
1710 1031
1697 1017
1673 1000
1647 981
1615 961
1581 937
1543 912
1502 886
1458 857
1411 825
1359 790
1301 751
1236 713
1174 673
1109 633
1041 591
973 546
900 501
825 456
751 408
671 359
591 303
510 254
428 198
334 148
249 97
165 46
80 -4
-7 -55
-92 -106
-178 -157
-263 -207
-347 -256
-430 -305
-512 -353
-593 -401
-673 -453
-760 -499
-838 -543
-912 -585
-983 -626
-1052 -666
-1120 -705
-1185 -741
-1245 -775
-1303 -809
-1361 -840
-1413 -868
-1460 -895
-1504 -924
-1554 -944
-1588 -965
-1622 -983
-1653 -997
-1675 -1011
-1699 -1021
-1717 -1030
-1731 -1035
-1740 -1038
-1745 -1038
-1745 -1035
-1740 -1033
-1735 -1024
-1721 -1013
-1702 -1002
-1685 -986
-1658 -970
-1631 -949
-1596 -929
-1562 -905
-1520 -878
-1475 -850
-1429 -820
-1379 -787
-1325 -755
-1268 -715
-1202 -675
-1135 -637
-1069 -596
-1002 -553
-929 -510
-857 -465
-782 -418
-703 -372
-625 -323
-543 -275
-461 -225
-378 -169
-284 -118
-198 -68
-113 -17
-28 34
58 85
143 135
229 186
314 235
396 285
480 333
561 381
642 428
720 480
807 524
883 568
956 609
1024 650
1094 688
1157 727
1222 761
1280 794
1337 828
1392 857
1442 883
1485 910
1531 935
1572 956
1607 973
1637 990
1664 1003
1687 1017
1710 1024
1724 1031
1733 1033
1738 1036
1743 1036
1743 1031
1733 1024
1724 1017
1710 1003
1687 990
1664 973
1637 956
1607 935
1572 912
1535 888
1494 859
1446 830
1396 799
1344 765
1287 730
1229 688
1157 650
1094 609
1024 568
956 524
883 480
807 434
730 387
652 340
572 291
490 242
408 192
324 135
229 85
143 34
58 -17
-28 -68
-113 -118
-198 -169
-284 -219
-367 -268
-451 -317
-533 -366
-614 -413
-693 -459
-770 -510
-857 -553
-929 -596
-1002 -637
-1069 -675
-1135 -715
-1202 -750
-1262 -784
-1317 -816
-1371 -847
-1424 -876
-1472 -902
-1516 -927
-1557 -949
-1596 -970
-1631 -986
-1658 -1002
-1685 -1013
-1702 -1024
-1721 -1030
-1731 -1035
-1740 -1038
-1745 -1038
-1745 -1035
-1740 -1030
-1731 -1021
-1717 -1011
-1699 -997
-1675 -983
-1653 -965
-1622 -944
-1588 -924
-1554 -900
-1511 -873
-1467 -843
-1417 -811
-1364 -779
-1310 -746
-1255 -709
-1192 -666
-1120 -626
-1052 -585
-983 -543
-912 -499
-838 -453
-760 -406
-683 -360
-604 -311
-522 -263
-441 -212
-357 -162
-273 -106
-178 -55
-92 -4
-7 46
80 97
165 148
249 198
334 248
418 297
500 345
582 392
661 440
741 485
816 534
900 578
973 619
1041 659
1109 698
1174 734
1236 768
1294 803
1352 834
1403 864
1454 891
1497 915
1538 937
1577 961
1615 978
1647 995
1673 1009
1697 1017
1710 1024
1724 1033
1738 1036
1743 1036
1743 1033
1738 1031
1733 1022
1719 1014
1705 1000
1683 987
1660 971
1633 950
1598 930
1564 908
1526 881
1482 852
1434 823
1384 790
1330 756
1273 720
1212 684
1152 640
1076 599
1009 557
937 514
864 468
788 422
710 375
631 327
551 278
469 229
386 176
302 126
218 70
122 21
36 -29
-49 -79
-135 -128
-220 -178
-304 -226
-388 -275
-471 -323
-553 -369
-633 -415
-712 -460
-790 -504
-866 -551
-947 -593
-1019 -633
-1087 -671
-1154 -707
-1214 -743
-1275 -775
-1332 -807
-1386 -836
-1436 -864
-1484 -890
-1528 -912
-1566 -932
-1600 -954
-1639 -970
-1666 -983
-1689 -994
-1707 -1002
-1721 -1011
-1735 -1013
-1740 -1016
-1745 -1016
-1745 -1013
-1740 -1005
-1726 -997
-1712 -989
-1699 -973
-1671 -958
-1644 -939
-1613 -919
-1579 -897
-1540 -873
-1499 -847
-1456 -818
-1405 -787
-1354 -755
-1296 -721
-1238 -685
-1176 -647
-1111 -603
-1035 -562
-965 -519
-893 -476
-818 -432
-743 -386
-663 -340
-584 -292
-502 -244
-420 -196
-336 -147
-251 -97
-167 -41
-70 8
15 58
101 108
186 157
271 206
355 254
439 302
520 350
602 396
681 441
758 486
836 529
910 575
990 616
1058 655
1127 691
1190 729
1253 761
1308 792
1362 823
1415 852
1465 879
1509 903
1552 922
1586 942
1620 961
1651 976
1678 990
1700 997
1715 1005
1729 1011
1738 1014
1743 1014
1743 1011
1738 1005
1729 1000
1719 990
1700 978
1683 961
1651 945
1625 925
1589 905
1555 881
1514 855
1470 828
1422 797
1369 765
1315 732
1260 698
1200 659
1133 621
1067 575
990 534
920 491
845 447
768 402
691 356
612 309
531 261
449 212
365 164
282 114
196 65
111 8
15 -41
-70 -91
-156 -140
-241 -190
-326 -239
-410 -287
-492 -335
-574 -381
-654 -427
-732 -471
-809 -516
-885 -557
-958 -603
-1035 -644
-1105 -681
-1169 -717
-1231 -750
-1289 -784
-1346 -814
-1398 -843
-1448 -871
-1496 -895
-1537 -917
-1574 -937
-1609 -954
-1639 -973
-1671 -986
-1694 -997
-1712 -1005
-1726 -1011
-1735 -1016
-1745 -1016
-1745 -1013
-1740 -1011
-1735 -1005
-1726 -997
-1712 -983
-1689 -970
-1666 -954
-1639 -934
-1605 -914
-1571 -893
-1533 -866
-1487 -840
-1444 -811
-1394 -779
-1339 -746
-1282 -712
-1224 -675
-1159 -638
-1096 -598
-1026 -551
-947 -510
-876 -465
-799 -420
-722 -374
-644 -328
-563 -280
-482 -232
-398 -184
-316 -135
-231 -85
-145 -36
-60 21
36 70
122 120
207 169
292 218
376 266
459 314
541 362
623 408
701 454
780 497
855 539
927 582
1000 626
1076 664
1142 701
1205 736
1266 768
1323 801
1377 830
1427 857
1473 883
1518 908
1560 927
1594 947
1629 963
1656 978
1683 992
1705 1000
1719 1009
1733 1011
1738 1014
1743 1014
1743 1011
1738 1005
1729 997
1715 987
1697 973
1673 961
1651 940
1615 920
1581 898
1543 874
1502 848
1458 821
1411 790
1359 756
1301 722
1243 688
1183 650
1118 611
1050 570
981 524
900 480
825 437
751 391
671 343
591 297
510 249
428 200
345 151
261 102
176 51
90 2
5 -53
-92 -101
-178 -150
-263 -198
-347 -246
-430 -292
-512 -338
-593 -384
-673 -429
-753 -471
-827 -514
-902 -556
-975 -594
-1043 -638
-1120 -675
-1185 -709
-1245 -743
-1303 -775
-1361 -805
-1413 -832
-1460 -857
-1504 -881
-1545 -902
-1583 -922
-1617 -939
-1649 -954
-1675 -968
-1699 -978
-1717 -986
-1731 -992
-1740 -994
-1745 -994
-1745 -992
-1740 -989
-1735 -980
-1721 -973
-1707 -960
-1685 -947
-1662 -932
-1635 -910
-1596 -890
-1562 -866
-1520 -840
-1475 -814
-1429 -786
-1379 -755
-1325 -722
-1268 -688
-1207 -652
-1144 -614
-1078 -576
-1011 -535
-939 -488
-857 -446
-782 -401
-703 -356
-625 -309
-543 -263
-461 -215
-378 -168
-294 -120
-209 -72
-124 -22
-38 27
47 82
143 130
229 178
314 225
396 273
480 319
561 365
642 410
720 454
797 497
874 538
945 578
1017 618
1085 659
1157 695
1222 729
1280 761
1337 792
1392 821
1442 845
1485 871
1531 893
1569 912
1603 932
1637 947
1664 961
1687 973
1710 981
1724 987
1733 990
1738 992
1743 992
1743 987
1733 981
1724 973
1710 963
1692 950
1669 935
1642 917
1611 895
1572 874
1535 850
1494 823
1446 794
1396 765
1344 732
1287 700
1229 664
1167 628
1103 587
1033 548
963 507
891 459
807 415
730 370
652 326
572 278
490 232
408 184
324 136
239 87
154 39
68 -10
-17 -58
-103 -113
-198 -162
-284 -210
-367 -256
-451 -304
-533 -350
-614 -396
-693 -439
-770 -483
-847 -526
-922 -565
-992 -604
-1060 -644
-1129 -685
-1202 -719
-1262 -750
-1317 -782
-1371 -811
-1424 -838
-1472 -864
-1516 -888
-1557 -907
-1591 -927
-1627 -942
-1653 -958
-1680 -970
-1702 -980
-1721 -986
-1731 -992
-1740 -994
-1745 -994
-1745 -992
-1740 -986
-1731 -978
-1717 -970
-1702 -958
-1680 -942
-1653 -927
-1627 -907
-1591 -885
-1554 -861
-1511 -836
-1467 -807
-1417 -777
-1364 -746
-1310 -715
-1255 -679
-1192 -644
-1129 -604
-1060 -565
-992 -526
-922 -483
-847 -434
-760 -389
-683 -345
-604 -297
-522 -251
-441 -203
-357 -156
-273 -108
-188 -58
-103 -10
-17 39
68 89
154 145
249 194
334 242
418 290
500 338
582 384
661 430
741 474
816 517
891 560
963 601
1033 642
1103 679
1167 719
1236 753
1294 785
1352 816
1403 845
1454 871
1497 895
1538 917
1577 937
1611 956
1642 971
1669 984
1692 995
1710 1003
1724 1011
1738 1014
1743 1014
1743 1011
1738 1009
1733 1000
1719 992
1705 981
1687 968
1664 952
1637 932
1603 912
1569 888
1526 862
1482 834
1434 805
1384 773
1330 741
1273 705
1212 669
1152 631
1085 591
1017 549
945 508
874 463
797 413
710 367
631 321
551 273
469 224
386 176
302 126
218 77
133 27
47 -23
-38 -72
-124 -122
-209 -178
-304 -226
-388 -275
-471 -323
-553 -369
-633 -415
-712 -460
-790 -504
-866 -547
-939 -589
-1011 -628
-1078 -666
-1144 -703
-1207 -743
-1275 -775
-1332 -807
-1386 -836
-1436 -864
-1484 -890
-1528 -912
-1566 -932
-1600 -952
-1635 -968
-1662 -980
-1685 -994
-1707 -1002
-1721 -1011
-1735 -1013
-1740 -1016
-1745 -1016
-1745 -1013
-1740 -1005
-1726 -997
-1712 -989
-1699 -975
-1675 -960
-1649 -942
-1617 -922
-1583 -900
-1545 -873
-1499 -847
-1456 -818
-1405 -787
-1354 -755
-1296 -721
-1238 -685
-1176 -647
-1111 -608
-1043 -568
-975 -526
-902 -482
-827 -439
-753 -386
-663 -340
-584 -292
-502 -244
-420 -196
-336 -147
-251 -97
-167 -48
-82 2
5 51
90 102
176 151
261 206
355 254
439 302
520 350
602 396
681 441
758 486
836 529
910 570
981 611
1050 650
1118 688
1183 722
1243 761
1308 792
1362 823
1415 852
1465 879
1509 903
1552 922
1586 942
1620 961
1651 973
1673 987
1697 997
1715 1005
1729 1011
1738 1014
1743 1014
1743 1011
1738 1005
1729 1000
1719 990
1700 978
1683 963
1656 947
1629 927
1594 908
1560 883
1518 855
1470 828
1422 797
1369 765
1315 732
1260 698
1200 659
1133 621
1067 582
1000 539
927 497
855 454
780 408
701 356
612 309
531 261
449 212
365 164
282 114
196 65
111 15
26 -36
-60 -85
-145 -135
-231 -184
-316 -239
-410 -287
-492 -335
-574 -381
-654 -427
-732 -471
-809 -516
-885 -557
-958 -598
-1026 -638
-1096 -675
-1159 -712
-1224 -746
-1282 -784
-1346 -814
-1398 -843
-1448 -871
-1496 -895
-1537 -917
-1574 -937
-1609 -954
-1639 -970
-1666 -983
-1689 -997
-1712 -1005
-1726 -1011
-1735 -1016
-1745 -1016
-1745 -1013
-1740 -1011
-1735 -1005
-1726 -997
-1712 -983
-1689 -970
-1666 -954
-1639 -937
-1609 -917
-1574 -895
-1537 -871
-1496 -840
-1444 -811
-1394 -779
-1339 -746
-1282 -712
-1224 -675
-1159 -638
-1096 -598
-1026 -557
-958 -516
-885 -471
-809 -427
-732 -381
-654 -328
-563 -280
-482 -232
-398 -184
-316 -135
-231 -85
-145 -36
-60 15
26 65
111 114
196 167
282 217
365 273
459 321
541 370
623 416
701 463
780 508
855 551
927 594
1000 635
1067 673
1133 713
1200 748
1260 782
1315 818
1377 848
1427 876
1473 903
1518 927
1560 947
1594 968
1629 984
1656 1000
1683 1011
1700 1022
1719 1028
1729 1033
1738 1036
1743 1036
1743 1033
1738 1028
1729 1019
1715 1009
1697 995
1673 981
1651 963
1620 942
1586 922
1552 898
1509 871
1465 838
1411 807
1359 773
1301 739
1243 703
1183 664
1118 624
1050 583
981 541
910 497
836 451
758 404
681 358
602 303
510 254
428 205
345 155
261 104
176 53
90 2
5 -48
-82 -99
-167 -150
-251 -200
-336 -250
-420 -305
-512 -353
-593 -401
-673 -448
-753 -492
-827 -536
-902 -580
-975 -621
-1043 -661
-1111 -700
-1176 -736
-1238 -770
-1296 -805
-1354 -840
-1413 -868
-1460 -895
-1504 -919
-1545 -942
-1583 -963
-1617 -980
-1649 -997
-1675 -1011
-1699 -1019
-1712 -1026
-1726 -1035
-1740 -1038
-1745 -1038
-1745 -1035
-1740 -1033
-1735 -1024
-1721 -1016
-1707 -1002
-1685 -989
-1662 -973
-1635 -952
-1600 -932
-1566 -910
-1528 -883
-1484 -854
-1436 -820
-1379 -787
-1325 -755
-1268 -719
-1207 -681
-1144 -642
-1078 -601
-1011 -559
-939 -516
-866 -470
-790 -424
-712 -377
-633 -329
-553 -275
-461 -225
-378 -175
-294 -125
-209 -74
-124 -24
-38 27
47 78
133 129
218 179
302 229
386 278
469 333
561 381
642 428
720 473
797 519
874 561
945 604
1017 645
1085 684
1152 720
1212 756
1273 790
1330 823
1384 857
1442 883
1485 910
1531 932
1569 952
1603 973
1637 990
1664 1003
1687 1014
1705 1022
1719 1031
1733 1033
1738 1036
1743 1036
1743 1031
1733 1024
1724 1017
1710 1005
1692 992
1669 976
1642 958
1611 937
1577 915
1538 891
1497 864
1454 834
1403 799
1344 765
1287 730
1229 693
1167 655
1103 614
1033 572
963 529
891 485
816 440
741 392
661 345
582 297
500 242
408 192
324 142
239 91
154 41
68 -10
-17 -62
-103 -113
-188 -162
-273 -212
-357 -263
-441 -311
-522 -366
-614 -413
-693 -459
-770 -504
-847 -548
-922 -589
-992 -632
-1060 -671
-1129 -709
-1192 -746
-1255 -779
-1310 -811
-1364 -843
-1417 -876
-1472 -902
-1516 -927
-1557 -947
-1591 -968
-1627 -983
-1653 -999
-1680 -1013
-1702 -1021
-1717 -1030
-1731 -1035
-1740 -1038
-1745 -1038
-1745 -1035
-1740 -1030
-1731 -1021
-1717 -1013
-1702 -999
-1680 -983
-1653 -968
-1627 -947
-1591 -927
-1557 -902
-1516 -876
-1472 -847
-1424 -816
-1371 -779
-1310 -746
-1255 -709
-1192 -671
-1129 -632
-1060 -589
-992 -548
-922 -504
-847 -459
-770 -413
-693 -366
-614 -317
-533 -268
-451 -212
-357 -162
-273 -113
-188 -62
-103 -10
-17 41
68 91
154 142
239 192
324 242
408 297
490 347
572 401
661 449
741 495
816 541
891 585
963 628
1033 669
1103 709
1167 746
1229 782
1287 816
1344 848
1396 879
1446 910
1497 935
1538 958
1577 978
1611 997
1642 1014
1669 1028
1692 1039
1710 1048
1724 1053
1733 1058
1743 1058
1743 1056
1738 1053
1733 1045
1719 1036
1705 1024
1687 1011
1664 995
1637 973
1603 952
1569 930
1531 903
1485 876
1442 845
1392 812
1337 773
1273 736
1212 700
1152 659
1085 618
1017 574
945 531
874 483
797 437
720 389
642 341
561 291
480 241
396 183
302 132
218 80
133 29
47 -24
-38 -75
-124 -128
-209 -179
-294 -230
-378 -280
-461 -330
-543 -379
-625 -434
-712 -480
-790 -526
-866 -571
-939 -614
-1011 -656
-1078 -695
-1144 -734
-1207 -770
-1268 -805
-1325 -838
-1379 -868
-1429 -897
-1475 -929
-1528 -952
-1566 -973
-1600 -994
-1635 -1011
-1662 -1024
-1685 -1038
-1707 -1047
-1721 -1055
-1735 -1058
-1740 -1060
-1745 -1060
-1745 -1058
-1740 -1050
-1726 -1041
-1712 -1033
-1699 -1019
-1675 -1002
-1649 -983
-1617 -963
-1583 -939
-1545 -914
-1504 -888
-1460 -859
-1413 -827
-1361 -792
-1303 -753
-1238 -715
-1176 -675
-1111 -635
-1043 -593
-975 -548
-902 -503
-827 -458
-753 -410
-673 -361
-593 -312
-512 -261
-430 -210
-347 -153
-251 -102
-167 -50
-82 2
5 54
90 106
176 158
261 208
345 259
428 310
510 359
591 408
671 461
758 508
836 553
910 596
981 638
1050 679
1118 719
1183 754
1243 790
1301 825
1359 857
1411 886
1458 912
1502 942
1552 963
1586 984
1620 1003
1651 1017
1673 1031
1697 1041
1715 1050
1729 1056
1738 1058
1743 1058
1743 1056
1738 1053
1733 1045
1719 1033
1700 1022
1683 1005
1656 990
1629 968
1594 947
1560 922
1518 895
1473 866
1427 836
1377 803
1323 768
1266 729
1200 688
1133 648
1067 607
1000 563
927 519
855 473
780 425
701 377
623 328
541 278
459 228
376 177
292 119
196 67
111 15
26 -36
-60 -89
-145 -140
-231 -192
-316 -243
-398 -293
-482 -343
-563 -391
-644 -439
-722 -492
-809 -538
-885 -582
-958 -625
-1026 -666
-1096 -705
-1159 -744
-1224 -779
-1282 -814
-1339 -847
-1394 -878
-1444 -905
-1487 -932
-1533 -958
-1574 -978
-1609 -997
-1639 -1013
-1666 -1026
-1689 -1041
-1712 -1050
-1726 -1055
-1735 -1058
-1740 -1060
-1745 -1060
-1745 -1055
-1735 -1050
-1726 -1041
-1712 -1026
-1689 -1013
-1666 -997
-1639 -978
-1609 -958
-1574 -934
-1537 -910
-1496 -881
-1448 -850
-1398 -818
-1346 -784
-1289 -748
-1231 -705
-1159 -666
-1096 -625
-1026 -582
-958 -538
-885 -492
-809 -446
-732 -398
-654 -349
-574 -299
-492 -249
-410 -198
-326 -147
-241 -89
-145 -36
-60 15
26 67
111 119
196 171
282 222
365 272
449 322
531 372
612 429
691 478
768 531
855 575
927 621
1000 662
1067 703
1133 744
1200 782
1260 816
1315 850
1369 883
1422 912
1470 940
1514 966
1555 990
1594 1011
1629 1028
1656 1045
1683 1056
1700 1067
1719 1073
1729 1079
1738 1082
1743 1082
1743 1079
1738 1073
1729 1065
1715 1053
1697 1039
1673 1024
1651 1005
1620 984
1586 963
1552 937
1509 910
1465 879
1415 845
1362 812
1308 777
1253 739
1190 693
1118 652
1050 609
981 565
910 519
836 471
758 422
681 374
602 323
520 272
439 220
355 167
271 115
186 56
90 2
5 -51
-82 -104
-167 -157
-251 -209
-336 -261
-420 -312
-502 -362
-584 -412
-663 -461
-743 -509
-818 -560
-902 -606
-975 -649
-1043 -690
-1111 -731
-1176 -769
-1238 -805
-1296 -840
-1354 -873
-1405 -905
-1456 -932
-1499 -958
-1540 -980
-1579 -1005
-1617 -1024
-1649 -1041
-1675 -1055
-1699 -1064
-1712 -1072
-1726 -1081
-1740 -1084
-1745 -1084
-1745 -1081
-1740 -1078
-1735 -1069
-1721 -1060
-1707 -1047
-1685 -1033
-1662 -1016
-1635 -994
-1600 -973
-1566 -949
-1528 -922
-1484 -893
-1436 -861
-1386 -827
-1332 -792
-1275 -755
-1214 -717
-1154 -670
-1078 -628
-1011 -584
-939 -538
-866 -490
-790 -443
-712 -393
-633 -343
-553 -293
-471 -241
-388 -190
-304 -137
-220 -84
-135 -24
-38 29
47 82
133 135
218 188
302 239
386 291
469 341
551 391
631 441
710 488
788 536
864 587
945 631
1017 673
1085 715
1152 753
1212 790
1273 825
1330 859
1384 891
1434 920
1482 947
1526 971
1564 992
1598 1017
1637 1033
1664 1048
1687 1058
1705 1067
1719 1076
1733 1079
1738 1082
1743 1082
1743 1079
1738 1070
1724 1062
1710 1053
1697 1036
1669 1019
1642 1000
1611 978
1577 956
1538 930
1497 903
1454 871
1403 838
1352 803
1294 767
1236 729
1174 688
1109 642
1033 597
963 553
891 507
816 459
741 410
661 360
582 310
500 259
418 207
334 155
249 102
165 49
80 -11
-17 -64
-103 -117
-188 -169
-273 -222
-357 -274
-441 -325
-522 -376
-604 -424
-683 -473
-760 -521
-838 -567
-912 -616
-992 -659
-1060 -702
-1129 -741
-1192 -779
-1255 -814
-1310 -847
-1364 -881
-1417 -912
-1467 -939
-1511 -965
-1554 -986
-1588 -1007
-1622 -1026
-1653 -1043
-1680 -1058
-1702 -1067
-1717 -1075
-1731 -1081
-1740 -1084
-1745 -1084
-1745 -1081
-1740 -1075
-1731 -1069
-1721 -1058
-1702 -1047
-1685 -1026
-1653 -1011
-1627 -989
-1591 -968
-1557 -942
-1516 -914
-1472 -885
-1424 -852
-1371 -818
-1317 -784
-1262 -746
-1202 -705
-1135 -664
-1069 -616
-992 -572
-922 -526
-847 -480
-770 -431
-693 -382
-614 -331
-533 -280
-451 -229
-367 -176
-284 -123
-198 -70
-113 -17
-28 42
68 95
154 148
239 201
324 253
408 304
490 355
572 404
652 454
730 501
807 560
883 606
956 655
1033 700
1103 741
1167 780
1229 816
1287 852
1344 886
1396 917
1446 947
1494 973
1535 997
1572 1019
1607 1039
1637 1058
1669 1073
1692 1085
1710 1094
1724 1099
1733 1106
1743 1106
1743 1103
1738 1099
1733 1094
1724 1085
1710 1070
1687 1056
1664 1039
1637 1017
1603 995
1569 971
1531 942
1485 915
1442 883
1392 848
1337 812
1280 775
1222 734
1157 693
1094 650
1024 599
945 554
874 505
797 457
720 406
642 356
561 304
480 251
396 198
314 145
229 90
143 36
58 -18
-28 -79
-124 -133
-209 -186
-294 -241
-378 -293
-461 -345
-543 -396
-625 -447
-703 -497
-782 -544
-857 -589
-929 -637
-1002 -685
-1078 -726
-1144 -767
-1207 -805
-1268 -840
-1325 -876
-1379 -907
-1429 -937
-1475 -965
-1520 -992
-1562 -1013
-1596 -1035
-1631 -1052
-1658 -1069
-1685 -1084
-1707 -1093
-1721 -1101
-1735 -1105
-1740 -1108
-1745 -1108
-1745 -1105
-1740 -1099
-1731 -1089
-1717 -1078
-1699 -1064
-1675 -1050
-1653 -1026
-1617 -1005
-1583 -980
-1545 -954
-1504 -927
-1460 -897
-1413 -864
-1361 -827
-1303 -790
-1245 -753
-1185 -711
-1120 -668
-1052 -625
-983 -572
-902 -526
-827 -478
-753 -427
-673 -377
-593 -326
-512 -273
-430 -220
-347 -167
-263 -113
-178 -58
-92 -4
-7 50
80 111
176 165
261 218
345 271
428 324
510 375
591 425
671 476
751 524
825 570
900 618
973 661
1041 709
1118 751
1183 788
1243 825
1301 862
1359 895
1411 925
1458 952
1502 978
1543 1003
1581 1024
1615 1045
1647 1062
1673 1076
1697 1087
1715 1097
1729 1103
1738 1106
1743 1106
1743 1103
1738 1099
1733 1091
1719 1082
1705 1067
1683 1053
1660 1036
1633 1011
1594 990
1560 963
1518 935
1473 905
1427 874
1377 838
1323 803
1266 765
1205 724
1142 683
1076 640
1009 594
937 542
855 495
780 445
701 394
623 343
541 291
459 239
376 184
292 131
207 77
122 22
36 -31
-49 -86
-135 -147
-231 -200
-316 -253
-398 -306
-482 -358
-563 -408
-644 -459
-722 -507
-799 -556
-876 -601
-947 -647
-1019 -690
-1087 -736
-1159 -777
-1224 -814
-1282 -850
-1339 -885
-1394 -917
-1444 -944
-1487 -973
-1533 -997
-1571 -1019
-1605 -1041
-1639 -1058
-1666 -1072
-1689 -1087
-1712 -1096
-1726 -1101
-1735 -1105
-1740 -1108
-1745 -1108
-1745 -1101
-1735 -1096
-1726 -1087
-1712 -1075
-1694 -1060
-1671 -1043
-1644 -1024
-1613 -999
-1574 -975
-1537 -949
-1496 -919
-1448 -888
-1398 -854
-1346 -818
-1289 -782
-1231 -743
-1169 -702
-1105 -657
-1035 -613
-965 -567
-893 -514
-809 -465
-732 -415
-654 -365
-574 -313
-492 -260
-410 -207
-326 -154
-241 -99
-156 -45
-70 9
15 63
101 118
186 179
282 232
365 284
449 336
531 388
612 439
691 488
768 536
845 583
920 628
990 686
1058 730
1127 777
1200 816
1260 852
1315 888
1369 922
1422 952
1470 981
1514 1009
1555 1031
1589 1053
1625 1070
1651 1087
1678 1103
1700 1115
1719 1121
1729 1127
1738 1130
1743 1130
1743 1127
1738 1121
1729 1111
1715 1103
1700 1087
1678 1070
1651 1053
1625 1031
1589 1005
1552 978
1509 950
1465 917
1415 883
1362 848
1308 812
1253 771
1190 730
1127 686
1058 642
990 596
920 548
845 491
758 441
681 391
602 338
520 284
439 230
355 175
271 120
186 65
101 10
15 -46
-70 -101
-156 -157
-241 -219
-336 -273
-420 -326
-502 -379
-584 -430
-663 -482
-743 -531
-818 -579
-893 -626
-965 -671
-1035 -717
-1105 -758
-1169 -803
-1238 -840
-1296 -878
-1354 -912
-1405 -944
-1456 -973
-1499 -999
-1540 -1024
-1579 -1047
-1613 -1067
-1644 -1084
-1671 -1099
-1694 -1111
-1712 -1120
-1726 -1129
-1740 -1132
-1745 -1132
-1745 -1129
-1740 -1125
-1735 -1117
-1721 -1108
-1707 -1096
-1689 -1081
-1666 -1064
-1639 -1041
-1605 -1019
-1571 -992
-1528 -963
-1484 -932
-1436 -900
-1386 -864
-1332 -827
-1275 -787
-1214 -748
-1154 -705
-1087 -661
-1019 -614
-947 -568
-876 -518
-799 -463
-712 -410
-633 -359
-553 -306
-471 -252
-388 -198
-304 -143
-220 -87
-135 -32
-49 24
36 79
122 134
207 189
292 250
386 304
469 357
551 408
631 461
710 510
788 560
864 607
937 654
1009 698
1076 741
1142 782
1205 825
1273 862
1330 898
1384 930
1434 961
1482 990
1526 1014
1564 1036
1598 1058
1633 1076
1660 1091
1683 1106
1705 1115
1719 1123
1733 1127
1738 1130
1743 1130
1743 1127
1738 1118
1724 1109
1710 1099
1697 1085
1673 1067
1647 1048
1615 1024
1581 1000
1543 971
1497 942
1454 910
1403 876
1352 838
1294 801
1236 761
1174 719
1109 676
1041 631
973 583
900 534
825 486
751 428
661 377
582 324
500 271
418 217
334 162
249 106
165 51
80 -5
-7 -60
-92 -116
-178 -171
-263 -225
-347 -286
-441 -340
-522 -393
-604 -443
-683 -493
-760 -544
-838 -591
-912 -638
-983 -683
-1052 -726
-1120 -769
-1185 -807
-1245 -850
-1310 -885
-1364 -919
-1417 -952
-1467 -980
-1511 -1007
-1554 -1030
-1588 -1052
-1622 -1072
-1653 -1087
-1675 -1101
-1699 -1113
-1717 -1123
-1731 -1129
-1740 -1132
-1745 -1132
-1745 -1129
-1740 -1123
-1731 -1117
-1721 -1105
-1702 -1093
-1685 -1075
-1658 -1058
-1631 -1035
-1596 -1013
-1562 -986
-1520 -954
-1472 -924
-1424 -890
-1371 -854
-1317 -818
-1262 -779
-1202 -736
-1135 -693
-1069 -650
-1002 -603
-929 -556
-857 -507
-782 -456
-703 -398
-614 -345
-533 -292
-451 -239
-367 -184
-284 -130
-198 -74
-113 -19
-28 37
58 92
143 148
229 203
314 257
396 317
490 370
572 422
652 473
730 524
807 572
883 619
956 664
1024 709
1094 751
1157 809
1222 848
1280 891
1344 925
1396 958
1446 990
1494 1017
1535 1041
1572 1065
1607 1085
1637 1103
1664 1118
1687 1133
1710 1142
1724 1149
1733 1154
1743 1154
1743 1152
1738 1149
1733 1142
1724 1133
1710 1118
1687 1103
1664 1085
1637 1065
1607 1041
1572 1017
1535 990
1494 956
1442 922
1392 886
1337 848
1280 809
1222 767
1157 724
1094 679
1024 633
956 585
883 534
807 483
730 432
652 372
561 317
480 263
396 207
314 151
229 95
143 38
58 -19
-28 -75
-113 -132
-198 -188
-284 -244
-367 -299
-451 -360
-543 -414
-625 -466
-703 -518
-782 -568
-857 -616
-929 -664
-1002 -709
-1069 -753
-1135 -796
-1202 -836
-1262 -873
-1317 -914
-1379 -947
-1429 -978
-1475 -1007
-1520 -1035
-1562 -1058
-1596 -1081
-1631 -1099
-1658 -1117
-1685 -1129
-1702 -1141
-1721 -1147
-1731 -1154
-1740 -1156
-1745 -1156
-1745 -1154
-1740 -1147
-1731 -1138
-1717 -1125
-1699 -1111
-1675 -1096
-1653 -1075
-1622 -1052
-1588 -1030
-1554 -1002
-1511 -973
-1467 -937
-1413 -902
-1361 -864
-1303 -825
-1245 -786
-1185 -743
-1120 -697
-1052 -652
-983 -604
-912 -556
-838 -504
-760 -453
-683 -401
-604 -340
-512 -285
-430 -230
-347 -174
-263 -118
-178 -61
-92 -5
-7 53
80 109
165 165
249 222
334 276
418 331
500 391
591 445
671 497
751 546
825 596
900 645
973 690
1041 734
1109 777
1174 818
1236 857
1294 895
1352 935
1411 966
1458 995
1502 1022
1543 1048
1581 1070
1615 1091
1647 1109
1673 1123
1697 1133
1710 1142
1724 1152
1738 1154
1743 1154
1743 1152
1738 1149
1733 1139
1719 1130
1705 1115
1683 1099
1660 1082
1633 1058
1598 1036
1564 1011
1526 981
1482 950
1434 912
1377 876
1323 838
1266 799
1205 756
1142 713
1076 668
1009 621
937 572
864 522
788 471
710 418
631 365
551 304
459 249
376 193
292 137
207 80
122 24
36 -33
-49 -89
-135 -145
-220 -202
-304 -258
-388 -313
-471 -367
-553 -427
-644 -480
-722 -529
-799 -580
-876 -628
-947 -675
-1019 -721
-1087 -765
-1154 -805
-1214 -845
-1275 -883
-1332 -919
-1386 -958
-1444 -986
-1487 -1016
-1533 -1041
-1571 -1064
-1605 -1087
-1639 -1105
-1666 -1120
-1689 -1132
-1707 -1141
-1721 -1151
-1735 -1154
-1740 -1156
-1745 -1156
-1745 -1151
-1735 -1144
-1726 -1135
-1712 -1123
-1694 -1108
-1671 -1089
-1644 -1069
-1613 -1047
-1579 -1021
-1540 -994
-1499 -965
-1456 -932
-1405 -893
-1346 -854
-1289 -816
-1231 -775
-1169 -732
-1105 -686
-1035 -640
-965 -591
-893 -543
-818 -492
-743 -439
-663 -387
-584 -333
-502 -272
-410 -216
-326 -160
-241 -104
-156 -47
-70 10
15 66
101 123
186 179
271 235
355 290
439 345
520 399
602 458
691 509
768 560
845 609
920 655
990 701
1058 746
1127 788
1190 830
1253 866
1308 922
1362 958
1415 995
1470 1024
1514 1053
1555 1076
1589 1099
1625 1118
1651 1136
1678 1152
1700 1161
1715 1171
1729 1176
1738 1180
1743 1180
1743 1176
1738 1171
1729 1161
1715 1152
1700 1136
1678 1118
1651 1099
1625 1076
1589 1053
1555 1024
1514 995
1470 963
1422 927
1369 886
1308 848
1253 805
1190 763
1127 717
1058 669
990 623
920 572
845 520
768 468
691 415
612 359
531 303
449 240
355 183
271 126
186 68
101 10
15 -48
-70 -106
-156 -164
-241 -221
-326 -278
-410 -333
-492 -389
-574 -443
-654 -503
-743 -555
-818 -604
-893 -654
-965 -702
-1035 -748
-1105 -792
-1169 -833
-1231 -873
-1289 -912
-1346 -947
-1398 -980
-1448 -1016
-1499 -1043
-1540 -1069
-1579 -1093
-1613 -1113
-1644 -1132
-1671 -1147
-1694 -1159
-1712 -1169
-1726 -1176
-1735 -1182
-1745 -1182
-1745 -1178
-1740 -1176
-1735 -1166
-1721 -1156
-1707 -1144
-1689 -1129
-1666 -1111
-1639 -1087
-1605 -1064
-1571 -1038
-1533 -1007
-1487 -978
-1444 -944
-1394 -907
-1339 -864
-1275 -823
-1214 -782
-1154 -736
-1087 -690
-1019 -642
-947 -593
-876 -541
-799 -490
-722 -436
-644 -382
-563 -326
-482 -270
-398 -207
-304 -149
-220 -91
-135 -34
-49 24
36 82
122 140
207 198
292 254
376 311
459 365
541 421
623 474
701 533
788 585
864 635
937 683
1009 729
1076 773
1142 816
1205 857
1266 895
1323 932
1377 966
1427 997
1473 1033
1526 1058
1564 1082
1598 1106
1633 1123
1660 1139
1683 1154
1705 1164
1719 1174
1733 1176
1738 1180
1743 1180
1743 1176
1738 1167
1724 1157
1710 1149
1697 1133
1673 1115
1647 1094
1615 1070
1581 1045
1543 1017
1502 987
1458 956
1411 920
1359 881
1301 836
1236 794
1174 751
1109 705
1041 659
973 609
900 558
825 508
751 454
671 400
591 345
510 290
428 233
345 169
249 111
165 53
80 -5
-7 -63
-92 -121
-178 -178
-263 -235
-347 -292
-430 -347
-512 -402
-593 -456
-673 -510
-753 -568
-838 -618
-912 -666
-983 -712
-1052 -758
-1120 -803
-1185 -843
-1245 -883
-1303 -922
-1361 -958
-1413 -989
-1460 -1019
-1504 -1052
-1554 -1075
-1588 -1099
-1622 -1120
-1653 -1135
-1675 -1151
-1699 -1163
-1717 -1173
-1731 -1178
-1740 -1182
-1745 -1182
-1745 -1178
-1740 -1176
-1735 -1166
-1721 -1154
-1702 -1141
-1685 -1123
-1658 -1105
-1631 -1081
-1596 -1058
-1562 -1030
-1520 -999
-1475 -968
-1429 -934
-1379 -897
-1325 -859
-1268 -814
-1202 -769
-1135 -724
-1069 -679
-1002 -630
-929 -580
-857 -529
-782 -476
-703 -423
-625 -367
-543 -313
-461 -256
-378 -200
-294 -135
-198 -77
-113 -19
-28 39
58 97
143 155
229 212
314 268
396 324
480 380
561 434
642 488
720 539
797 597
883 647
956 693
1024 741
1094 784
1157 828
1222 866
1280 905
1337 942
1392 976
1442 1028
1485 1058
1531 1087
1572 1111
1607 1133
1637 1152
1664 1167
1687 1183
1710 1193
1724 1200
1733 1202
1738 1205
1743 1205
1743 1200
1733 1193
1724 1183
1710 1167
1687 1152
1664 1133
1637 1111
1607 1087
1572 1062
1535 1033
1494 1000
1446 966
1396 930
1344 891
1287 850
1229 801
1157 756
1094 709
1024 661
956 611
883 558
807 505
730 451
652 396
572 339
490 282
408 224
324 165
239 99
143 39
58 -19
-28 -79
-113 -138
-198 -197
-284 -255
-367 -312
-451 -369
-533 -425
-614 -480
-693 -534
-770 -587
-847 -644
-929 -693
-1002 -741
-1069 -786
-1135 -832
-1202 -873
-1262 -912
-1317 -949
-1371 -986
-1424 -1019
-1472 -1050
-1516 -1078
-1557 -1105
-1596 -1129
-1631 -1147
-1658 -1166
-1685 -1178
-1702 -1192
-1721 -1198
-1731 -1204
-1740 -1207
-1745 -1207
-1745 -1204
-1740 -1198
-1731 -1188
-1717 -1176
-1699 -1159
-1675 -1144
-1653 -1123
-1622 -1099
-1588 -1075
-1554 -1047
-1511 -1016
-1467 -980
-1417 -944
-1364 -907
-1310 -868
-1255 -825
-1192 -775
-1120 -729
-1052 -681
-983 -632
-912 -580
-838 -526
-760 -473
-683 -418
-604 -362
-522 -305
-441 -247
-357 -189
-273 -130
-188 -64
-92 -5
-7 55
80 114
165 172
249 231
334 288
418 345
500 402
582 457
661 512
741 565
816 616
891 673
973 720
1041 767
1109 812
1174 855
1236 895
1294 935
1352 971
1403 1005
1454 1036
1497 1065
1538 1091
1577 1118
1615 1139
1647 1157
1673 1174
1697 1183
1710 1193
1724 1202
1738 1205
1743 1205
1743 1202
1738 1200
1733 1190
1719 1180
1705 1164
1683 1149
1660 1130
1633 1106
1598 1082
1564 1056
1526 1024
1482 992
1434 958
1384 920
1330 881
1273 838
1212 797
1152 744
1076 698
1009 648
937 597
864 545
788 491
710 437
631 381
551 324
469 266
386 208
302 150
218 92
133 25
36 -34
-49 -94
-135 -152
-220 -210
-304 -268
-388 -326
-471 -383
-553 -439
-633 -493
-712 -547
-790 -599
-866 -650
-939 -705
-1019 -753
-1087 -799
-1154 -840
-1214 -883
-1275 -922
-1332 -960
-1386 -994
-1436 -1026
-1484 -1058
-1528 -1084
-1566 -1108
-1600 -1135
-1639 -1154
-1666 -1169
-1689 -1182
-1707 -1192
-1721 -1202
-1735 -1204
-1740 -1207
-1745 -1207
-1745 -1204
-1740 -1195
-1726 -1185
-1712 -1176
-1699 -1156
-1671 -1138
-1644 -1117
-1613 -1093
-1579 -1067
-1540 -1038
-1499 -1007
-1456 -973
-1405 -937
-1354 -897
-1296 -857
-1238 -814
-1176 -769
-1111 -717
-1035 -668
-965 -618
-893 -567
-818 -514
-743 -459
-663 -404
-584 -347
-502 -290
-420 -233
-336 -174
-251 -116
-167 -57
-82 10
15 70
101 128
186 187
271 245
355 303
439 360
520 416
602 471
681 524
758 578
836 630
910 679
981 732
1058 780
1127 823
1190 866
1253 905
1308 942
1362 978
1415 1014
1465 1045
1509 1073
1552 1121
1586 1145
1620 1167
1651 1186
1678 1202
1700 1212
1715 1222
1729 1229
1738 1232
1743 1232
1743 1229
1738 1222
1729 1215
1719 1202
1700 1190
1683 1167
1651 1149
1625 1123
1589 1099
1555 1070
1514 1039
1470 1005
1422 968
1369 930
1315 891
1260 848
1200 801
1133 754
1067 700
990 650
920 597
845 543
768 488
691 432
612 375
531 317
449 258
365 199
282 138
196 78
111 18
26 -50
-70 -111
-156 -171
-241 -231
-326 -290
-410 -348
-492 -406
-574 -463
-654 -518
-732 -572
-809 -626
-885 -678
-958 -726
-1026 -782
-1105 -827
-1169 -871
-1231 -912
-1289 -952
-1346 -989
-1398 -1024
-1448 -1058
-1496 -1087
-1537 -1113
-1574 -1138
-1609 -1159
-1639 -1182
-1671 -1198
-1694 -1211
-1712 -1221
-1726 -1227
-1735 -1234
-1745 -1234
-1745 -1231
-1740 -1227
-1735 -1221
-1726 -1211
-1712 -1195
-1689 -1178
-1666 -1159
-1639 -1135
-1605 -1111
-1571 -1084
-1533 -1052
-1487 -1021
-1444 -986
-1394 -947
-1339 -907
-1282 -866
-1224 -820
-1159 -775
-1096 -726
-1026 -670
-947 -620
-876 -565
-799 -511
-722 -456
-644 -398
-563 -341
-482 -282
-398 -224
-316 -164
-231 -103
-145 -43
-60 18
26 86
122 146
207 206
292 266
376 324
459 382
541 440
623 495
701 551
780 604
855 655
927 707
1000 754
1067 807
1142 852
1205 895
1266 935
1323 973
1377 1009
1427 1041
1473 1073
1518 1103
1560 1127
1594 1152
1629 1171
1656 1190
1683 1205
1705 1215
1719 1225
1733 1229
1738 1232
1743 1232
1743 1229
1738 1222
1729 1212
1715 1200
1697 1183
1673 1167
1651 1142
1615 1118
1581 1091
1543 1062
1502 1031
1458 997
1411 961
1359 920
1301 879
1243 836
1183 790
1118 742
1050 693
981 636
900 583
825 531
751 474
671 418
591 360
510 302
428 244
345 184
261 124
176 63
90 3
5 -58
-82 -126
-178 -186
-263 -246
-347 -304
-430 -362
-512 -420
-593 -476
-673 -533
-753 -585
-827 -638
-902 -690
-975 -738
-1043 -786
-1111 -838
-1185 -881
-1245 -922
-1303 -963
-1361 -999
-1413 -1033
-1460 -1064
-1504 -1093
-1545 -1120
-1583 -1144
-1617 -1166
-1649 -1185
-1675 -1202
-1699 -1214
-1717 -1224
-1731 -1231
-1740 -1234
-1745 -1234
-1745 -1231
-1740 -1227
-1735 -1217
-1721 -1207
-1707 -1192
-1685 -1176
-1662 -1156
-1635 -1129
-1596 -1105
-1562 -1075
-1520 -1043
-1475 -1011
-1429 -975
-1379 -937
-1325 -897
-1268 -854
-1207 -809
-1144 -763
-1078 -715
-1011 -664
-939 -606
-857 -553
-782 -497
-703 -442
-625 -384
-543 -326
-461 -268
-378 -208
-294 -148
-209 -88
-124 -27
-38 33
47 94
133 162
229 222
314 280
396 339
480 396
561 454
642 509
720 563
797 618
874 668
945 719
1017 767
1085 814
1152 864
1222 905
1280 945
1337 984
1392 1019
1442 1050
1485 1082
1531 1109
1569 1133
1603 1157
1637 1202
1664 1219
1687 1236
1710 1246
1724 1253
1733 1256
1738 1260
1743 1260
1743 1253
1733 1246
1724 1236
1710 1222
1692 1205
1669 1186
1642 1164
1611 1136
1572 1109
1535 1079
1494 1045
1446 1009
1396 971
1344 930
1287 888
1229 843
1167 797
1103 746
1033 695
963 643
891 583
807 527
730 471
652 413
572 354
490 294
408 234
324 172
239 111
154 49
68 -12
-17 -75
-103 -136
-188 -205
-284 -266
-367 -326
-451 -385
-533 -444
-614 -502
-693 -557
-770 -613
-847 -666
-922 -717
-992 -767
-1060 -816
-1129 -861
-1192 -912
-1262 -952
-1317 -992
-1371 -1030
-1424 -1064
-1472 -1096
-1516 -1125
-1557 -1151
-1591 -1176
-1627 -1195
-1653 -1214
-1680 -1231
-1702 -1245
-1721 -1251
-1731 -1258
-1740 -1262
-1745 -1262
-1745 -1258
-1740 -1251
-1731 -1241
-1717 -1231
-1702 -1214
-1680 -1195
-1653 -1176
-1627 -1151
-1591 -1123
-1554 -1093
-1511 -1060
-1467 -1024
-1417 -986
-1364 -947
-1310 -907
-1255 -861
-1192 -816
-1129 -767
-1060 -717
-992 -666
-922 -613
-847 -550
-760 -493
-683 -437
-604 -378
-522 -319
-441 -258
-357 -197
-273 -136
-188 -75
-103 -12
-17 49
68 111
154 172
239 241
334 302
418 360
500 420
582 478
661 534
741 589
816 643
891 695
963 746
1033 797
1103 843
1167 888
1229 935
1294 976
1352 1014
1403 1050
1454 1082
1497 1111
1538 1139
1577 1164
1611 1186
1642 1205
1669 1222
1692 1236
1710 1246
1724 1256
1738 1260
1743 1260
1743 1256
1738 1253
1733 1243
1719 1232
1705 1219
1687 1202
1664 1183
1637 1157
1603 1133
1569 1103
1526 1070
1482 1036
1434 1000
1384 961
1330 920
1273 876
1212 831
1152 784
1085 734
1017 683
945 631
874 575
797 514
710 456
631 398
551 339
469 278
386 218
302 157
218 95
133 34
47 -28
-38 -90
-124 -152
-209 -212
-294 -280
-388 -341
-471 -400
-553 -458
-633 -516
-712 -571
-790 -626
-866 -679
-939 -731
-1011 -779
-1078 -827
-1144 -873
-1207 -917
-1268 -963
-1332 -1002
-1386 -1038
-1436 -1072
-1484 -1105
-1528 -1132
-1566 -1156
-1600 -1182
-1635 -1202
-1662 -1217
-1685 -1234
-1707 -1245
-1721 -1255
-1735 -1258
-1740 -1262
-1745 -1262
-1745 -1258
-1740 -1248
-1726 -1238
-1712 -1227
-1699 -1211
-1675 -1192
-1649 -1169
-1617 -1144
-1583 -1117
-1545 -1084
-1499 -1052
-1456 -1016
-1405 -978
-1354 -937
-1296 -895
-1238 -850
-1176 -803
-1111 -755
-1043 -705
-975 -652
-902 -598
-827 -544
-753 -480
-663 -422
-584 -362
-502 -304
-420 -243
-336 -181
-251 -121
-167 -59
-82 3
5 65
90 126
176 188
261 249
345 317
439 376
520 435
602 491
681 548
758 604
836 657
910 709
981 758
1050 807
1118 855
1183 898
1243 940
1301 984
1362 1022
1415 1058
1465 1091
1509 1121
1552 1145
1586 1171
1620 1193
1651 1209
1673 1225
1697 1266
1715 1277
1729 1284
1738 1287
1743 1287
1743 1284
1738 1277
1729 1270
1719 1256
1700 1243
1683 1222
1656 1202
1629 1176
1594 1152
1560 1121
1518 1085
1470 1050
1422 1011
1369 971
1315 930
1260 886
1200 836
1133 788
1067 739
1000 684
927 631
855 575
780 517
701 452
612 391
531 331
449 270
365 208
282 145
196 82
111 19
26 -44
-60 -108
-145 -171
-231 -233
-316 -295
-398 -364
-492 -424
-574 -483
-654 -541
-732 -598
-809 -654
-885 -707
-958 -758
-1026 -809
-1096 -857
-1159 -905
-1224 -947
-1282 -989
-1339 -1033
-1398 -1069
-1448 -1105
-1496 -1135
-1537 -1163
-1574 -1188
-1609 -1211
-1639 -1231
-1666 -1248
-1689 -1265
-1712 -1275
-1726 -1282
-1735 -1289
-1745 -1289
-1745 -1286
-1740 -1282
-1735 -1275
-1726 -1265
-1712 -1248
-1689 -1231
-1666 -1211
-1639 -1188
-1609 -1163
-1574 -1135
-1537 -1105
-1496 -1067
-1444 -1030
-1394 -989
-1339 -947
-1282 -905
-1224 -857
-1159 -809
-1096 -758
-1026 -707
-958 -654
-885 -598
-809 -541
-732 -483
-654 -417
-563 -356
-482 -295
-398 -233
-316 -171
-231 -108
-145 -44
-60 19
26 82
111 145
196 208
282 270
365 331
449 399
541 459
623 517
701 575
780 631
855 684
927 739
1000 788
1067 836
1133 886
1200 930
1260 971
1315 1011
1369 1053
1427 1087
1473 1121
1518 1152
1560 1176
1594 1202
1629 1222
1656 1243
1683 1256
1700 1270
1719 1277
1729 1284
1738 1287
1743 1287
1743 1284
1738 1277
1729 1266
1715 1253
1697 1236
1673 1219
1651 1196
1620 1171
1586 1145
1552 1115
1509 1082
1465 1041
1411 1003
1359 961
1301 917
1243 874
1183 825
1118 775
1050 724
981 671
910 618
836 560
758 502
681 445
602 377
510 316
428 254
345 192
261 129
176 66
90 3
5 -60
-82 -123
-167 -186
-251 -249
-336 -311
-420 -371
-502 -439
-593 -497
-673 -556
-753 -611
-827 -666
-902 -721
-975 -770
-1043 -820
-1111 -868
-1176 -914
-1238 -958
-1296 -999
-1354 -1038
-1405 -1078
-1460 -1111
-1504 -1141
-1545 -1169
-1583 -1195
-1617 -1217
-1649 -1238
-1675 -1255
-1699 -1265
-1712 -1275
-1726 -1286
-1740 -1289
-1745 -1289
-1745 -1286
-1740 -1282
-1735 -1272
-1721 -1262
-1707 -1245
-1685 -1227
-1662 -1207
-1635 -1182
-1600 -1156
-1566 -1129
-1528 -1096
-1484 -1060
-1436 -1019
-1379 -978
-1325 -937
-1268 -893
-1207 -845
-1144 -796
-1078 -746
-1011 -693
-939 -640
-866 -584
-790 -526
-712 -468
-633 -408
-553 -341
-461 -279
-378 -217
-294 -155
-209 -92
-124 -29
-38 34
47 97
133 160
218 223
302 285
386 346
469 406
551 473
642 532
720 587
797 645
874 698
945 751
1017 801
1085 850
1152 895
1212 940
1273 981
1330 1022
1384 1058
1434 1097
1485 1130
1531 1157
1569 1183
1603 1209
1637 1229
1664 1246
1687 1260
1705 1270
1719 1280
1733 1311
1738 1315
1743 1315
1743 1308
1733 1301
1724 1290
1710 1277
1692 1260
1669 1239
1642 1215
1611 1190
1577 1161
1538 1130
1497 1097
1454 1058
1403 1014
1344 971
1287 927
1229 881
1167 831
1103 780
1033 727
963 671
891 616
816 558
741 498
661 439
582 377
500 307
408 244
324 181
239 116
154 51
68 -14
-17 -77
-103 -142
-188 -205
-273 -270
-357 -333
-441 -394
-522 -456
-604 -524
-693 -582
-770 -640
-847 -695
-922 -748
-992 -801
-1060 -852
-1129 -900
-1192 -947
-1255 -989
-1310 -1030
-1364 -1069
-1417 -1108
-1467 -1144
-1516 -1176
-1557 -1202
-1591 -1227
-1627 -1248
-1653 -1268
-1680 -1286
-1702 -1296
-1717 -1306
-1731 -1313
-1740 -1317
-1745 -1317
-1745 -1313
-1740 -1306
-1731 -1296
-1717 -1286
-1702 -1268
-1680 -1248
-1653 -1227
-1627 -1202
-1591 -1176
-1557 -1144
-1516 -1111
-1472 -1075
-1424 -1035
-1371 -989
-1310 -947
-1255 -900
-1192 -852
-1129 -801
-1060 -748
-992 -695
-922 -640
-847 -582
-770 -524
-693 -464
-614 -402
-533 -340
-451 -270
-357 -205
-273 -142
-188 -77
-103 -14
-17 51
68 116
154 181
239 244
324 307
408 370
490 432
572 491
652 558
741 616
816 671
891 727
963 780
1033 831
1103 881
1167 927
1229 971
1287 1014
1344 1053
1396 1091
1446 1127
1494 1161
1538 1190
1577 1215
1611 1239
1642 1260
1669 1277
1692 1290
1710 1301
1724 1308
1733 1315
1743 1315
1743 1311
1738 1308
1733 1297
1719 1287
1705 1273
1687 1256
1664 1236
1637 1209
1603 1183
1569 1154
1531 1121
1485 1087
1442 1050
1392 1009
1337 961
1273 915
1212 869
1152 818
1085 767
1017 713
945 659
874 601
797 543
720 483
642 423
561 362
480 299
396 228
302 164
218 100
133 36
47 -29
-38 -94
-124 -159
-209 -222
-294 -285
-378 -348
-461 -410
-543 -471
-625 -531
-703 -596
-790 -654
-866 -709
-939 -763
-1011 -814
-1078 -864
-1144 -912
-1207 -958
-1268 -999
-1325 -1041
-1379 -1078
-1429 -1113
-1475 -1147
-1520 -1182
-1566 -1207
-1600 -1234
-1635 -1255
-1662 -1272
-1685 -1289
-1707 -1299
-1721 -1310
-1735 -1313
-1740 -1317
-1745 -1317
-1745 -1313
-1740 -1303
-1726 -1292
-1712 -1282
-1699 -1265
-1675 -1245
-1649 -1221
-1617 -1195
-1583 -1166
-1545 -1135
-1504 -1101
-1460 -1067
-1413 -1026
-1361 -983
-1303 -934
-1238 -888
-1176 -838
-1111 -787
-1043 -736
-975 -681
-902 -625
-827 -568
-753 -509
-673 -448
-593 -387
-512 -325
-430 -261
-347 -190
-251 -126
-167 -62
-82 3
5 68
90 133
176 196
261 259
345 323
428 385
510 446
591 507
671 566
751 631
836 686
910 741
981 792
1050 843
1118 893
1183 937
1243 981
1301 1024
1359 1065
1411 1099
1458 1133
1502 1164
1543 1196
1586 1222
1620 1246
1651 1263
1673 1280
1697 1294
1715 1304
1729 1311
1738 1315
1743 1315
1743 1340
1738 1337
1733 1326
1719 1311
1700 1297
1683 1277
1656 1256
1629 1229
1594 1202
1560 1171
1518 1136
1473 1099
1427 1062
1377 1019
1323 976
1266 925
1200 874
1133 823
1067 771
1000 715
927 659
855 601
780 541
701 480
623 416
541 354
459 290
376 225
292 152
196 85
111 20
26 -46
-60 -113
-145 -178
-231 -243
-316 -307
-398 -372
-482 -434
-563 -497
-644 -557
-722 -616
-799 -683
-885 -738
-958 -792
-1026 -845
-1096 -895
-1159 -944
-1224 -989
-1282 -1033
-1339 -1075
-1394 -1113
-1444 -1147
-1487 -1182
-1533 -1211
-1571 -1241
-1609 -1265
-1639 -1286
-1666 -1303
-1689 -1320
-1712 -1332
-1726 -1339
-1735 -1342
-1740 -1346
-1745 -1346
-1745 -1339
-1735 -1332
-1726 -1320
-1712 -1303
-1689 -1286
-1666 -1265
-1639 -1241
-1609 -1214
-1574 -1185
-1537 -1154
-1496 -1117
-1448 -1078
-1398 -1038
-1346 -994
-1289 -949
-1231 -895
-1159 -845
-1096 -792
-1026 -738
-958 -683
-885 -625
-809 -565
-732 -504
-654 -443
-574 -379
-492 -316
-410 -251
-326 -186
-241 -113
-145 -46
-60 20
26 85
111 152
196 217
282 282
365 345
449 408
531 472
612 533
691 592
768 652
845 715
927 771
1000 823
1067 874
1133 925
1200 971
1260 1014
1315 1056
1369 1097
1422 1133
1470 1167
1514 1200
1555 1225
1589 1256
1629 1277
1656 1297
1683 1311
1700 1326
1719 1333
1729 1340
1738 1344
1743 1344
1743 1340
1738 1333
1729 1323
1715 1308
1697 1290
1673 1273
1651 1249
1620 1222
1586 1196
1552 1164
1509 1130
1465 1091
1415 1050
1362 1009
1308 966
1253 917
1190 862
1118 809
1050 756
981 701
910 645
836 585
758 524
681 464
602 401
520 338
439 273
355 208
271 143
186 70
90 3
5 -63
-82 -128
-167 -194
-251 -260
-336 -324
-420 -387
-502 -451
-584 -511
-663 -572
-743 -632
-818 -688
-893 -753
-975 -805
-1043 -857
-1111 -907
-1176 -954
-1238 -999
-1296 -1043
-1354 -1084
-1405 -1123
-1456 -1156
-1499 -1188
-1540 -1217
-1579 -1245
-1613 -1272
-1649 -1292
-1675 -1310
-1699 -1320
-1712 -1332
-1726 -1342
-1740 -1346
-1745 -1346
-1745 -1342
-1740 -1339
-1735 -1328
-1721 -1317
-1707 -1299
-1685 -1282
-1662 -1262
-1635 -1234
-1600 -1207
-1566 -1178
-1528 -1144
-1484 -1108
-1436 -1069
-1386 -1026
-1332 -983
-1275 -937
-1214 -890
-1154 -832
-1078 -779
-1011 -724
-939 -668
-866 -609
-790 -550
-712 -488
-633 -427
-553 -364
-471 -299
-388 -235
-304 -169
-220 -104
-135 -29
-38 36
47 102
133 167
218 233
302 297
386 362
469 425
551 486
631 548
710 607
788 666
864 722
937 784
1017 836
1085 888
1152 935
1212 981
1273 1024
1330 1067
1384 1106
1434 1142
1482 1176
1526 1205
1564 1232
1598 1260
1633 1284
1664 1301
1687 1315
1705 1326
1719 1337
1733 1340
1738 1344
1743 1344
1743 1340
1738 1330
1724 1347
1710 1337
1697 1315
1669 1294
1642 1270
1611 1243
1577 1212
1538 1180
1497 1145
1454 1106
1403 1065
1352 1019
1294 973
1236 925
1174 874
1109 814
1033 758
963 701
891 643
816 583
741 520
661 458
582 394
500 329
418 263
334 196
249 130
165 63
80 -14
-17 -81
-103 -148
-188 -215
-273 -282
-357 -347
-441 -412
-522 -476
-604 -538
-683 -599
-760 -661
-838 -719
-912 -775
-983 -836
-1060 -890
-1129 -939
-1192 -989
-1255 -1033
-1310 -1075
-1364 -1117
-1417 -1156
-1467 -1192
-1511 -1224
-1554 -1251
-1588 -1279
-1622 -1303
-1653 -1325
-1680 -1342
-1702 -1354
-1717 -1364
-1731 -1371
-1740 -1375
-1745 -1375
-1745 -1371
-1740 -1364
-1731 -1357
-1721 -1342
-1702 -1328
-1685 -1303
-1653 -1282
-1627 -1255
-1591 -1227
-1557 -1195
-1516 -1159
-1472 -1123
-1424 -1081
-1371 -1038
-1317 -994
-1262 -947
-1202 -895
-1135 -843
-1069 -782
-992 -726
-922 -668
-847 -608
-770 -547
-693 -485
-614 -420
-533 -355
-451 -290
-367 -224
-284 -157
-198 -89
-113 -22
-28 54
68 121
154 188
239 254
324 321
408 386
490 451
572 514
652 575
730 636
807 695
883 753
956 807
1024 869
1103 920
1167 968
1229 1014
1287 1058
1344 1099
1396 1139
1446 1176
1494 1209
1535 1239
1572 1266
1607 1290
1637 1311
1664 1333
1692 1347
1710 1359
1724 1366
1733 1373
1743 1373
1743 1369
1738 1366
1733 1359
1724 1347
1710 1330
1687 1311
1664 1290
1637 1263
1603 1236
1569 1205
1531 1171
1485 1136
1442 1097
1392 1053
1337 1009
1280 963
1222 912
1157 862
1094 807
1024 744
945 688
874 628
797 568
720 505
642 442
561 377
480 312
396 247
314 179
229 113
143 46
58 -22
-28 -98
-124 -165
-209 -232
-294 -297
-378 -364
-461 -427
-543 -492
-625 -555
-703 -616
-782 -675
-857 -732
-929 -790
-1002 -843
-1069 -902
-1144 -952
-1207 -999
-1268 -1043
-1325 -1087
-1379 -1125
-1429 -1163
-1475 -1198
-1520 -1231
-1562 -1258
-1596 -1286
-1631 -1306
-1658 -1328
-1685 -1346
-1707 -1357
-1721 -1368
-1735 -1371
-1740 -1375
-1745 -1375
-1745 -1371
-1740 -1364
-1731 -1354
-1717 -1339
-1699 -1320
-1675 -1303
-1653 -1275
-1617 -1248
-1583 -1217
-1545 -1185
-1504 -1151
-1460 -1113
-1413 -1072
-1361 -1026
-1303 -980
-1245 -934
-1185 -883
-1120 -830
-1052 -775
-983 -711
-902 -652
-827 -593
-753 -531
-673 -468
-593 -404
-512 -340
-430 -273
-347 -207
-263 -140
-178 -72
-92 -5
-7 63
80 138
176 205
261 271
345 338
428 402
510 466
591 529
671 591
751 650
825 709
900 767
973 821
1041 874
1109 932
1183 978
1243 1024
1301 1070
1359 1111
1411 1149
1458 1183
1502 1215
1543 1246
1581 1273
1615 1297
1647 1318
1673 1337
1697 1352
1715 1362
1729 1369
1738 1373
1743 1373
1743 1369
1738 1366
1733 1355
1719 1344
1705 1326
1683 1337
1660 1315
1633 1284
1594 1256
1560 1222
1518 1186
1473 1149
1427 1109
1377 1065
1323 1019
1266 971
1205 920
1142 866
1076 812
1009 754
937 688
855 628
780 565
701 501
623 435
541 370
459 302
376 235
292 167
207 99
122 29
36 -40
-49 -108
-135 -186
-231 -254
-316 -321
-398 -388
-482 -454
-563 -518
-644 -582
-722 -644
-799 -705
-876 -763
-947 -820
-1019 -876
-1087 -929
-1154 -986
-1224 -1033
-1282 -1078
-1339 -1123
-1394 -1163
-1444 -1198
-1487 -1234
-1533 -1265
-1571 -1292
-1605 -1320
-1639 -1342
-1666 -1361
-1689 -1375
-1707 -1390
-1726 -1398
-1735 -1402
-1740 -1405
-1745 -1405
-1745 -1398
-1735 -1390
-1726 -1379
-1712 -1364
-1694 -1346
-1671 -1325
-1644 -1299
-1613 -1268
-1574 -1238
-1537 -1204
-1496 -1166
-1448 -1125
-1398 -1084
-1346 -1038
-1289 -992
-1231 -942
-1169 -890
-1105 -833
-1035 -777
-965 -719
-893 -652
-809 -589
-732 -526
-654 -463
-574 -396
-492 -330
-410 -263
-326 -195
-241 -126
-156 -57
-70 12
15 80
101 150
186 227
282 294
365 360
449 427
531 493
612 557
691 619
768 681
845 741
920 797
990 852
1058 908
1127 958
1190 1014
1260 1058
1315 1103
1369 1145
1422 1183
1470 1219
1514 1253
1555 1280
1589 1308
1625 1330
1651 1352
1678 1369
1700 1381
1715 1392
1729 1400
1738 1403
1743 1403
1743 1400
1738 1392
1729 1381
1715 1369
1700 1352
1678 1330
1651 1308
1625 1280
1589 1249
1552 1215
1509 1180
1465 1139
1415 1097
1362 1053
1308 1009
1253 958
1190 908
1127 852
1058 797
990 741
920 681
845 611
758 548
681 485
602 418
520 353
439 285
355 218
271 150
186 80
101 12
15 -57
-70 -126
-156 -195
-241 -271
-336 -338
-420 -404
-502 -470
-584 -534
-663 -598
-743 -659
-818 -719
-893 -777
-965 -833
-1035 -890
-1105 -942
-1169 -992
-1231 -1043
-1296 -1089
-1354 -1132
-1405 -1173
-1456 -1207
-1499 -1241
-1540 -1272
-1579 -1299
-1613 -1325
-1644 -1346
-1671 -1364
-1694 -1379
-1712 -1390
-1726 -1402
-1740 -1405
-1745 -1405
-1745 -1402
-1740 -1398
-1735 -1386
-1721 -1375
-1707 -1361
-1689 -1342
-1666 -1320
-1639 -1292
-1605 -1265
-1571 -1231
-1528 -1195
-1484 -1156
-1436 -1117
-1386 -1072
-1332 -1026
-1275 -978
-1214 -929
-1154 -876
-1087 -820
-1019 -763
-947 -705
-876 -644
-799 -574
-712 -510
-633 -446
-553 -379
-471 -313
-388 -246
-304 -177
-220 -108
-135 -40
-49 29
36 99
122 167
207 235
292 311
386 377
469 444
551 508
631 572
710 635
788 695
864 754
937 812
1009 866
1076 920
1142 971
1205 1019
1266 1070
1330 1115
1384 1154
1434 1193
1482 1229
1526 1260
1564 1287
1598 1315
1633 1337
1660 1355
1683 1373
1705 1384
1719 1396
1733 1400
1738 1403
1743 1403
1743 1400
1738 1388
1724 1377
1710 1366
1697 1347
1673 1326
1647 1301
1615 1301
1581 1270
1543 1232
1497 1196
1454 1154
1403 1111
1352 1065
1294 1017
1236 966
1174 912
1109 857
1041 801
973 741
900 679
825 618
751 543
661 478
582 411
500 343
418 275
334 205
249 135
165 65
80 -5
-7 -75
-92 -147
-178 -216
-263 -285
-347 -362
-441 -430
-522 -497
-604 -562
-683 -626
-760 -690
-838 -750
-912 -809
-983 -866
-1052 -922
-1120 -975
-1185 -1024
-1245 -1072
-1303 -1123
-1364 -1166
-1417 -1207
-1467 -1245
-1511 -1279
-1554 -1306
-1588 -1335
-1622 -1361
-1653 -1379
-1675 -1398
-1699 -1413
-1717 -1424
-1731 -1432
-1740 -1436
-1745 -1436
-1745 -1432
-1740 -1424
-1731 -1417
-1721 -1402
-1702 -1386
-1685 -1364
-1658 -1342
-1631 -1313
-1596 -1286
-1562 -1251
-1520 -1211
-1472 -1173
-1424 -1129
-1371 -1084
-1317 -1038
-1262 -989
-1202 -934
-1135 -881
-1069 -825
-1002 -765
-929 -705
-857 -644
-782 -579
-703 -506
-614 -439
-533 -371
-451 -302
-367 -234
-284 -164
-198 -94
-113 -23
-28 48
58 118
143 188
229 258
314 326
396 403
490 471
572 536
652 601
730 664
807 727
883 785
956 843
1024 900
1094 952
1157 1005
1222 1053
1280 1099
1337 1149
1396 1190
1446 1229
1494 1263
1535 1294
1572 1323
1607 1347
1637 1369
1664 1388
1687 1407
1710 1419
1724 1427
1733 1430
1738 1434
1743 1430
1738 1427
1733 1419
1724 1407
1710 1388
1687 1369
1664 1347
1637 1323
1607 1294
1572 1263
1535 1229
1494 1186
1442 1145
1392 1099
1337 1053
1280 1005
1222 952
1157 900
1094 843
1024 785
956 727
883 664
807 601
730 536
652 462
561 394
480 326
396 258
314 188
229 118
143 48
58 -23
-28 -94
-113 -164
-198 -234
-284 -302
-367 -371
-451 -447
-543 -514
-625 -579
-703 -644
-782 -705
-857 -765
-929 -825
-1002 -881
-1069 -934
-1135 -989
-1202 -1038
-1262 -1084
-1317 -1129
-1371 -1176
-1429 -1214
-1475 -1251
-1520 -1286
-1562 -1313
-1596 -1342
-1631 -1364
-1658 -1386
-1685 -1402
-1702 -1417
-1721 -1424
-1731 -1432
-1740 -1436
-1745 -1436
-1745 -1432
-1740 -1424
-1731 -1413
-1717 -1398
-1699 -1379
-1675 -1361
-1653 -1335
-1622 -1306
-1588 -1279
-1554 -1245
-1511 -1207
-1467 -1163
-1413 -1120
-1361 -1072
-1303 -1024
-1245 -975
-1185 -922
-1120 -866
-1052 -809
-983 -750
-912 -690
-838 -626
-760 -562
-683 -497
-604 -422
-512 -354
-430 -285
-347 -216
-263 -147
-178 -75
-92 -5
-7 65
80 135
165 205
249 275
334 343
418 411
500 486
591 553
671 618
751 679
825 741
900 801
973 857
1041 912
1109 966
1174 1017
1236 1065
1294 1111
1352 1154
1403 1200
1458 1236
1502 1270
1543 1301
1581 1330
1615 1355
1647 1377
1673 1396
1697 1407
1710 1419
1724 1430
1738 1434
1743 1434
1743 1430
1738 1427
1733 1415
1719 1403
1705 1384
1683 1366
1660 1344
1633 1315
1598 1287
1564 1256
1526 1246
1482 1205
1434 1157
1377 1111
1323 1065
1266 1014
1205 961
1142 905
1076 848
1009 788
937 727
864 662
788 597
710 531
631 463
551 386
459 316
376 245
292 174
207 102
122 31
36 -41
-49 -113
-135 -185
-220 -256
-304 -326
-388 -396
-471 -465
-553 -541
-644 -608
-722 -671
-799 -736
-876 -796
-947 -857
-1019 -914
-1087 -970
-1154 -1021
-1214 -1072
-1275 -1120
-1332 -1166
-1386 -1207
-1436 -1251
-1487 -1289
-1533 -1320
-1571 -1349
-1605 -1379
-1639 -1402
-1666 -1421
-1689 -1436
-1707 -1448
-1721 -1460
-1735 -1463
-1740 -1467
-1745 -1467
-1745 -1460
-1735 -1451
-1726 -1440
-1712 -1424
-1694 -1405
-1671 -1383
-1644 -1357
-1613 -1328
-1579 -1296
-1540 -1262
-1499 -1224
-1456 -1182
-1405 -1132
-1346 -1084
-1289 -1035
-1231 -983
-1169 -929
-1105 -871
-1035 -811
-965 -750
-893 -688
-818 -625
-743 -557
-663 -490
-584 -422
-502 -345
-410 -274
-326 -203
-241 -131
-156 -60
-70 12
15 85
101 157
186 227
271 298
355 369
439 437
520 507
602 582
691 647
768 710
845 773
920 831
990 891
1058 947
1127 1000
1190 1053
1253 1099
1308 1145
1362 1190
1415 1232
1465 1273
1514 1308
1555 1337
1589 1366
1625 1388
1651 1411
1678 1430
1700 1442
1715 1454
1729 1461
1738 1465
1743 1465
1743 1461
1738 1454
1729 1442
1715 1430
1700 1411
1678 1388
1651 1366
1625 1337
1589 1308
1555 1273
1514 1236
1470 1196
1422 1152
1369 1099
1308 1053
1253 1000
1190 947
1127 891
1058 831
990 773
920 710
845 647
768 582
691 515
612 446
531 377
449 298
355 227
271 157
186 85
101 12
15 -60
-70 -131
-156 -203
-241 -274
-326 -345
-410 -414
-492 -483
-574 -550
-654 -625
-743 -688
-818 -750
-893 -811
-965 -871
-1035 -929
-1105 -983
-1169 -1035
-1231 -1084
-1289 -1132
-1346 -1176
-1398 -1217
-1448 -1258
-1496 -1296
-1540 -1328
-1579 -1357
-1613 -1383
-1644 -1405
-1671 -1424
-1694 -1440
-1712 -1451
-1726 -1460
-1735 -1467
-1745 -1467
-1745 -1463
-1740 -1460
-1735 -1448
-1721 -1436
-1707 -1421
-1689 -1402
-1666 -1379
-1639 -1349
-1605 -1320
-1571 -1289
-1533 -1251
-1487 -1214
-1444 -1173
-1394 -1125
-1339 -1072
-1275 -1021
-1214 -970
-1154 -914
-1087 -857
-1019 -796
-947 -736
-876 -671
-799 -608
-722 -541
-644 -474
-563 -405
-482 -335
-398 -256
-304 -185
-220 -113
-135 -41
-49 31
36 102
122 174
207 245
292 316
376 386
459 454
541 524
623 589
701 662
788 727
864 788
937 848
1009 905
1076 961
1142 1014
1205 1065
1266 1111
1323 1157
1377 1200
1427 1239
1473 1277
1518 1315
1564 1344
1598 1373
1633 1396
1660 1415
1683 1434
1705 1446
1719 1458
1733 1461
1738 1465
1743 1465
1743 1461
1738 1454
1729 1438
1710 1427
1697 1407
1673 1384
1647 1359
1615 1330
1581 1297
1543 1263
1502 1225
1458 1186
1411 1167
1359 1118
1301 1062
1236 1009
1174 952
1109 895
1041 836
973 773
900 709
825 645
751 577
671 508
591 439
510 367
428 295
345 214
249 142
165 68
80 -5
-7 -79
-92 -152
-178 -226
-263 -297
-347 -369
-430 -441
-512 -510
-593 -579
-673 -647
-753 -721
-838 -784
-912 -845
-983 -905
-1052 -963
-1120 -1019
-1185 -1069
-1245 -1120
-1303 -1169
-1361 -1214
-1413 -1255
-1460 -1292
-1504 -1328
-1545 -1364
-1588 -1394
-1622 -1421
-1653 -1440
-1675 -1460
-1699 -1475
-1717 -1487
-1731 -1496
-1740 -1499
-1745 -1499
-1745 -1496
-1740 -1492
-1735 -1480
-1721 -1463
-1702 -1448
-1685 -1424
-1658 -1402
-1631 -1371
-1596 -1342
-1562 -1306
-1520 -1268
-1475 -1227
-1429 -1185
-1379 -1138
-1325 -1089
-1268 -1033
-1202 -975
-1135 -919
-1069 -861
-1002 -799
-929 -736
-857 -671
-782 -604
-703 -536
-625 -466
-543 -396
-461 -325
-378 -253
-294 -171
-198 -97
-113 -24
-28 49
58 123
143 196
229 269
314 341
396 412
480 483
561 551
642 619
720 684
797 758
883 821
956 881
1024 940
1094 995
1157 1050
1222 1099
1280 1149
1337 1196
1392 1239
1442 1277
1485 1315
1531 1347
1569 1381
1607 1407
1637 1430
1664 1449
1687 1470
1710 1482
1724 1490
1733 1494
1738 1497
1743 1497
1743 1490
1733 1482
1724 1470
1710 1449
1687 1430
1664 1407
1637 1381
1607 1352
1572 1318
1535 1284
1494 1243
1446 1200
1396 1154
1344 1106
1287 1056
1229 995
1157 940
1094 881
1024 821
956 758
883 693
807 628
730 560
652 491
572 421
490 350
408 278
324 205
239 123
143 49
58 -24
-28 -97
-113 -171
-198 -244
-284 -316
-367 -387
-451 -458
-533 -528
-614 -596
-693 -663
-770 -729
-847 -799
-929 -861
-1002 -919
-1069 -975
-1135 -1033
-1202 -1084
-1262 -1132
-1317 -1178
-1371 -1224
-1424 -1265
-1472 -1303
-1516 -1339
-1557 -1368
-1591 -1402
-1631 -1424
-1658 -1448
-1685 -1463
-1702 -1480
-1721 -1487
-1731 -1496
-1740 -1499
-1745 -1499
-1745 -1496
-1740 -1487
-1731 -1475
-1717 -1463
-1702 -1440
-1675 -1421
-1653 -1394
-1622 -1364
-1588 -1335
-1554 -1299
-1511 -1262
-1467 -1217
-1417 -1173
-1364 -1125
-1310 -1078
-1255 -1024
-1192 -963
-1120 -905
-1052 -845
-983 -784
-912 -721
-838 -654
-760 -587
-683 -519
-604 -449
-522 -379
-441 -307
-357 -234
-273 -162
-188 -79
-92 -5
-7 68
80 142
165 214
249 287
334 359
418 429
500 500
582 568
661 636
741 701
816 765
891 836
973 895
1041 952
1109 1009
1174 1062
1236 1111
1294 1161
1352 1205
1403 1249
1454 1287
1497 1323
1538 1355
1577 1384
1611 1415
1647 1438
1673 1458
1697 1470
1710 1482
1724 1494
1738 1497
1743 1497
1743 1494
1738 1490
1733 1478
1719 1465
1705 1449
1687 1427
1660 1403
1633 1373
1598 1344
1564 1311
1526 1273
1482 1232
1434 1190
1384 1142
1330 1094
1273 1065
1212 1011
1152 945
1076 886
1009 823
937 758
864 691
788 624
710 554
631 483
551 412
469 339
386 266
302 191
218 116
133 32
36 -43
-49 -118
-135 -193
-220 -268
-304 -341
-388 -414
-471 -485
-553 -556
-633 -626
-712 -693
-790 -760
-866 -825
-939 -895
-1019 -954
-1087 -1013
-1154 -1067
-1214 -1120
-1275 -1169
-1332 -1217
-1386 -1262
-1436 -1303
-1484 -1342
-1528 -1375
-1566 -1405
-1600 -1436
-1635 -1463
-1666 -1484
-1689 -1499
-1707 -1511
-1721 -1524
-1735 -1528
-1740 -1533
-1745 -1533
-1745 -1528
-1740 -1516
-1726 -1504
-1712 -1492
-1699 -1472
-1675 -1444
-1644 -1417
-1613 -1386
-1579 -1354
-1540 -1317
-1499 -1279
-1456 -1234
-1405 -1188
-1354 -1138
-1296 -1087
-1238 -1033
-1176 -975
-1111 -910
-1035 -847
-965 -784
-893 -719
-818 -652
-743 -582
-663 -512
-584 -441
-502 -369
-420 -295
-336 -221
-251 -147
-167 -72
-82 13
15 88
101 163
186 237
271 312
355 385
439 457
520 529
602 597
681 666
758 734
836 799
910 862
981 930
1058 990
1127 1045
1190 1099
1253 1149
1308 1196
1362 1243
1415 1287
1465 1326
1509 1362
1552 1392
1586 1422
1620 1449
1651 1473
1678 1494
1700 1506
1715 1518
1729 1526
1738 1531
1743 1531
1743 1526
1738 1518
1729 1509
1719 1494
1700 1478
1683 1454
1656 1427
1625 1396
1589 1366
1555 1330
1514 1290
1470 1249
1422 1202
1369 1154
1315 1106
1260 1053
1200 995
1133 937
1067 869
990 807
920 742
845 676
768 607
691 538
612 466
531 394
449 321
365 247
282 172
196 97
111 22
26 -62
-70 -137
-156 -212
-241 -286
-326 -360
-410 -432
-492 -504
-574 -574
-654 -644
-732 -711
-809 -777
-885 -840
-958 -902
-1026 -970
-1105 -1026
-1169 -1081
-1231 -1132
-1289 -1182
-1346 -1227
-1398 -1272
-1448 -1313
-1496 -1349
-1537 -1383
-1574 -1413
-1609 -1440
-1639 -1463
-1666 -1487
-1694 -1504
-1712 -1516
-1726 -1524
-1735 -1533
-1745 -1533
-1745 -1528
-1740 -1524
-1735 -1516
-1726 -1504
-1712 -1484
-1689 -1463
-1666 -1440
-1639 -1409
-1605 -1379
-1571 -1346
-1533 -1306
-1487 -1268
-1444 -1224
-1394 -1176
-1339 -1125
-1282 -1075
-1224 -1019
-1159 -963
-1096 -902
-1026 -832
-947 -769
-876 -702
-799 -635
-722 -565
-644 -495
-563 -423
-482 -350
-398 -277
-316 -203
-231 -128
-145 -53
-60 22
26 107
122 182
207 256
292 330
376 403
459 474
541 546
623 616
701 684
780 751
855 814
927 879
1000 937
1067 1003
1142 1058
1205 1111
1266 1161
1323 1209
1377 1253
1427 1294
1473 1333
1518 1369
1560 1400
1594 1430
1629 1454
1656 1478
1683 1497
1705 1509
1719 1522
1733 1526
1738 1531
1743 1531
1743 1526
1738 1518
1729 1506
1715 1490
1697 1470
1673 1449
1651 1422
1620 1388
1581 1355
1543 1318
1502 1280
1458 1239
1411 1193
1359 1142
1301 1091
1243 1039
1183 981
1118 942
1050 881
981 807
900 741
825 673
751 602
671 531
591 458
510 384
428 309
345 234
261 157
176 80
90 3
5 -73
-82 -159
-178 -236
-263 -311
-347 -386
-430 -460
-512 -533
-593 -604
-673 -675
-753 -743
-827 -809
-902 -876
-975 -937
-1043 -997
-1111 -1064
-1185 -1117
-1245 -1169
-1303 -1221
-1361 -1268
-1413 -1310
-1460 -1349
-1504 -1386
-1545 -1421
-1583 -1451
-1617 -1480
-1649 -1504
-1675 -1524
-1699 -1540
-1717 -1554
-1731 -1562
-1740 -1566
-1745 -1566
-1745 -1562
-1740 -1557
-1735 -1545
-1721 -1533
-1707 -1511
-1685 -1492
-1662 -1467
-1635 -1436
-1600 -1402
-1562 -1364
-1520 -1325
-1475 -1282
-1429 -1238
-1379 -1188
-1325 -1138
-1268 -1084
-1207 -1026
-1144 -968
-1078 -907
-1011 -843
-939 -769
-857 -702
-782 -632
-703 -560
-625 -487
-543 -414
-461 -340
-378 -263
-294 -188
-209 -111
-124 -34
-38 42
47 119
133 205
229 281
314 356
396 430
480 504
561 575
642 647
720 715
797 784
874 848
945 912
1017 973
1085 1033
1152 1097
1222 1149
1280 1200
1337 1249
1392 1294
1442 1333
1485 1373
1531 1407
1569 1438
1603 1470
1637 1494
1664 1514
1687 1531
1705 1547
1724 1555
1733 1560
1738 1564
1743 1564
1743 1555
1733 1547
1724 1535
1710 1518
1692 1497
1669 1473
1642 1446
1611 1415
1577 1377
1535 1340
1494 1297
1446 1253
1396 1205
1344 1154
1287 1103
1229 1048
1167 990
1103 927
1033 864
963 799
891 724
807 655
730 585
652 514
572 440
490 365
408 290
324 215
239 138
154 61
68 -15
-17 -92
-103 -169
-188 -255
-284 -330
-367 -404
-451 -478
-533 -551
-614 -623
-693 -692
-770 -760
-847 -827
-922 -890
-992 -952
-1060 -1013
-1129 -1069
-1192 -1132
-1262 -1182
-1317 -1231
-1371 -1279
-1424 -1320
-1472 -1361
-1516 -1398
-1557 -1429
-1591 -1460
-1627 -1484
-1653 -1508
-1680 -1528
-1702 -1540
-1717 -1554
-1731 -1562
-1740 -1566
-1745 -1566
-1745 -1562
-1740 -1554
-1731 -1540
-1717 -1528
-1702 -1508
-1680 -1484
-1653 -1460
-1627 -1429
-1591 -1398
-1557 -1357
-1511 -1317
-1467 -1272
-1417 -1224
-1364 -1176
-1310 -1125
-1255 -1069
-1192 -1013
-1129 -952
-1060 -890
-992 -827
-922 -760
-847 -683
-760 -613
-683 -543
-604 -469
-522 -396
-441 -321
-357 -244
-273 -169
-188 -92
-103 -15
-17 61
68 138
154 215
239 300
334 375
418 449
500 522
582 592
661 664
741 732
816 799
891 864
963 927
1033 990
1103 1048
1167 1103
1229 1161
1294 1212
1352 1260
1403 1304
1454 1344
1497 1381
1538 1415
1577 1446
1611 1473
1642 1497
1669 1518
1692 1535
1710 1547
1724 1560
1738 1564
1743 1564
1743 1560
1738 1555
1733 1543
1719 1531
1705 1514
1687 1494
1664 1470
1637 1438
1603 1407
1569 1373
1531 1330
1482 1287
1434 1243
1384 1193
1330 1142
1273 1087
1212 1033
1152 973
1085 912
1017 848
945 801
874 730
797 652
710 578
631 505
551 430
469 354
386 277
302 200
218 121
133 43
47 -36
-38 -114
-124 -192
-209 -270
-294 -356
-388 -432
-471 -507
-553 -580
-633 -654
-712 -724
-790 -794
-866 -861
-939 -927
-1011 -989
-1078 -1050
-1144 -1108
-1207 -1163
-1268 -1221
-1332 -1272
-1386 -1317
-1436 -1361
-1484 -1402
-1528 -1436
-1566 -1467
-1600 -1499
-1635 -1524
-1662 -1545
-1685 -1566
-1707 -1579
-1721 -1591
-1735 -1596
-1740 -1600
-1745 -1600
-1745 -1596
-1740 -1583
-1726 -1571
-1712 -1557
-1699 -1537
-1675 -1511
-1649 -1484
-1617 -1451
-1583 -1417
-1545 -1379
-1504 -1335
-1456 -1289
-1405 -1241
-1354 -1188
-1296 -1135
-1238 -1078
-1176 -1019
-1111 -958
-1043 -895
-975 -827
-902 -758
-827 -690
-753 -608
-663 -535
-584 -460
-502 -385
-420 -309
-336 -231
-251 -153
-167 -75
-82 4
5 82
90 161
176 239
261 316
345 402
439 478
520 553
602 624
681 695
758 767
836 834
910 900
981 963
1050 1024
1118 1085
1183 1139
1243 1193
1301 1249
1362 1297
1415 1344
1465 1384
1509 1422
1552 1454
1586 1485
1620 1514
1651 1535
1673 1555
1697 1572
1715 1586
1729 1594
1738 1598
1743 1598
1743 1594
1738 1586
1729 1577
1719 1560
1700 1543
1683 1518
1656 1494
1629 1461
1594 1430
1560 1392
1518 1352
1473 1304
1422 1256
1369 1205
1315 1154
1260 1099
1200 1039
1133 978
1067 917
1000 850
927 784
855 715
780 643
701 561
612 486
531 411
449 335
365 258
282 181
196 102
111 24
26 -55
-60 -133
-145 -212
-231 -289
-316 -366
-398 -451
-492 -526
-574 -599
-654 -671
-732 -743
-809 -811
-885 -878
-958 -942
-1026 -1005
-1096 -1064
-1159 -1123
-1224 -1176
-1282 -1227
-1339 -1282
-1398 -1328
-1448 -1371
-1496 -1409
-1537 -1444
-1574 -1475
-1609 -1504
-1639 -1528
-1666 -1549
-1689 -1571
-1712 -1583
-1726 -1591
-1735 -1596
-1740 -1600
-1745 -1596
-1740 -1591
-1735 -1583
-1726 -1571
-1712 -1549
-1689 -1528
-1666 -1504
-1639 -1475
-1609 -1444
-1574 -1409
-1537 -1371
-1496 -1328
-1448 -1279
-1394 -1227
-1339 -1176
-1282 -1123
-1224 -1064
-1159 -1005
-1096 -942
-1026 -878
-958 -811
-885 -743
-809 -671
-732 -599
-654 -517
-563 -442
-482 -366
-398 -289
-316 -212
-231 -133
-145 -55
-60 24
26 102
111 181
196 258
282 335
365 411
449 495
541 570
623 643
701 715
780 784
855 850
927 917
1000 978
1067 1039
1133 1099
1200 1154
1260 1205
1315 1256
1369 1308
1427 1352
1473 1392
1518 1430
1560 1461
1594 1494
1629 1518
1656 1543
1683 1560
1700 1577
1719 1586
1729 1594
1738 1598
1743 1598
1743 1594
1738 1586
1729 1572
1715 1555
1697 1535
1673 1514
1651 1485
1620 1454
1586 1422
1552 1384
1509 1344
1465 1297
1415 1246
1359 1193
1301 1139
1243 1085
1183 1024
1118 963
1050 900
981 834
910 767
836 695
758 638
681 565
602 478
510 401
428 323
345 244
261 164
176 84
90 4
5 -77
-82 -157
-167 -236
-251 -316
-336 -393
-420 -470
-502 -556
-593 -632
-673 -705
-753 -775
-827 -845
-902 -914
-975 -978
-1043 -1041
-1111 -1101
-1176 -1159
-1238 -1214
-1296 -1268
-1354 -1317
-1405 -1368
-1460 -1409
-1504 -1448
-1545 -1484
-1583 -1516
-1617 -1545
-1649 -1571
-1675 -1591
-1699 -1605
-1712 -1617
-1726 -1631
-1740 -1635
-1745 -1635
-1745 -1631
-1740 -1627
-1735 -1613
-1721 -1600
-1707 -1579
-1685 -1557
-1662 -1533
-1635 -1499
-1600 -1467
-1566 -1432
-1528 -1390
-1484 -1346
-1436 -1299
-1386 -1241
-1325 -1188
-1268 -1132
-1207 -1072
-1144 -1011
-1078 -947
-1011 -881
-939 -811
-866 -741
-790 -668
-712 -593
-633 -518
-553 -432
-461 -354
-378 -275
-294 -196
-209 -116
-124 -36
-38 44
47 124
133 203
218 283
302 362
386 440
469 516
551 601
642 676
720 746
797 818
874 886
945 952
1017 1017
1085 1079
1152 1136
1212 1193
1273 1246
1330 1297
1384 1344
1434 1392
1485 1434
1531 1470
1569 1502
1603 1535
1637 1560
1664 1581
1687 1598
1705 1611
1719 1625
1733 1629
1738 1633
1743 1633
1743 1625
1733 1615
1724 1603
1710 1586
1692 1564
1669 1538
1642 1509
1611 1478
1577 1442
1538 1403
1497 1362
1454 1315
1403 1266
1352 1205
1287 1152
1229 1094
1167 1033
1103 968
1033 903
963 834
891 765
816 693
741 619
661 545
582 468
500 382
408 303
324 224
239 145
154 64
68 -16
-17 -96
-103 -176
-188 -256
-273 -335
-357 -413
-441 -490
-522 -567
-604 -650
-693 -722
-770 -794
-847 -864
-922 -929
-992 -994
-1060 -1058
-1129 -1117
-1192 -1176
-1255 -1227
-1310 -1279
-1364 -1328
-1417 -1375
-1467 -1421
-1516 -1460
-1557 -1492
-1591 -1524
-1627 -1549
-1653 -1574
-1680 -1596
-1702 -1609
-1717 -1622
-1731 -1631
-1740 -1635
-1745 -1635
-1745 -1631
-1740 -1622
-1731 -1609
-1717 -1596
-1702 -1574
-1680 -1549
-1653 -1524
-1627 -1492
-1591 -1460
-1557 -1421
-1516 -1379
-1472 -1335
-1424 -1286
-1371 -1234
-1317 -1176
-1255 -1117
-1192 -1058
-1129 -994
-1060 -929
-992 -864
-922 -794
-847 -722
-770 -650
-693 -576
-614 -499
-533 -422
-451 -335
-357 -256
-273 -176
-188 -96
-103 -16
-17 64
68 145
154 224
239 303
324 382
408 459
490 536
572 611
652 693
741 765
816 834
891 903
963 968
1033 1033
1103 1094
1167 1152
1229 1205
1287 1260
1344 1308
1396 1355
1446 1400
1494 1442
1538 1478
1577 1509
1611 1538
1642 1564
1669 1586
1692 1603
1710 1615
1724 1625
1733 1633
1743 1633
1743 1629
1738 1625
1733 1611
1719 1598
1705 1581
1687 1560
1664 1535
1637 1502
1603 1470
1569 1434
1531 1392
1485 1352
1442 1304
1392 1253
1337 1200
1280 1136
1212 1079
1152 1017
1085 952
1017 886
945 818
874 746
797 676
720 601
642 526
561 459
480 380
396 290
302 208
218 126
133 45
47 -36
-38 -119
-124 -200
-209 -282
-294 -362
-378 -442
-461 -519
-543 -598
-625 -673
-703 -756
-790 -830
-866 -900
-939 -968
-1011 -1033
-1078 -1096
-1144 -1156
-1207 -1214
-1268 -1268
-1325 -1320
-1379 -1368
-1429 -1413
-1475 -1456
-1520 -1499
-1566 -1533
-1600 -1566
-1635 -1591
-1662 -1613
-1685 -1635
-1707 -1649
-1721 -1662
-1735 -1666
-1740 -1671
-1745 -1671
-1745 -1666
-1740 -1658
-1731 -1639
-1712 -1627
-1699 -1605
-1675 -1579
-1649 -1549
-1617 -1516
-1583 -1480
-1545 -1440
-1504 -1398
-1460 -1354
-1413 -1303
-1361 -1248
-1303 -1192
-1245 -1125
-1176 -1064
-1111 -999
-1043 -934
-975 -864
-902 -792
-827 -721
-753 -645
-673 -568
-593 -490
-512 -412
-430 -332
-347 -241
-251 -160
-167 -78
-82 5
5 86
90 169
176 249
261 330
345 410
428 488
510 566
591 643
671 719
751 801
836 871
910 940
981 1005
1050 1070
1118 1133
1183 1190
1243 1246
1301 1301
1359 1352
1411 1396
1458 1438
1502 1478
1543 1518
1586 1552
1620 1581
1651 1603
1673 1625
1697 1642
1715 1656
1729 1664
1738 1669
1743 1669
1743 1664
1738 1660
1733 1647
1719 1629
1700 1611
1683 1586
1656 1560
1629 1526
1594 1494
1560 1454
1518 1411
1473 1366
1427 1318
1377 1266
1323 1212
1266 1154
1205 1085
1133 1022
1067 958
1000 888
927 818
855 746
780 671
701 596
623 517
541 440
459 360
376 280
292 188
196 106
111 24
26 -57
-60 -140
-145 -221
-231 -302
-316 -382
-398 -461
-482 -540
-563 -616
-644 -692
-722 -765
-799 -847
-885 -917
-958 -983
-1026 -1050
-1096 -1111
-1159 -1173
-1224 -1227
-1282 -1282
-1339 -1335
-1394 -1383
-1444 -1424
-1487 -1467
-1533 -1504
-1571 -1540
-1609 -1571
-1639 -1596
-1666 -1617
-1689 -1639
-1712 -1653
-1726 -1662
-1735 -1666
-1740 -1671
-1745 -1671
-1745 -1662
-1735 -1653
-1726 -1639
-1712 -1617
-1689 -1596
-1666 -1571
-1639 -1540
-1609 -1508
-1574 -1472
-1537 -1432
-1496 -1386
-1448 -1339
-1398 -1289
-1346 -1234
-1289 -1178
-1231 -1120
-1169 -1050
-1096 -983
-1026 -917
-958 -847
-885 -775
-809 -702
-732 -626
-654 -550
-574 -471
-492 -393
-410 -312
-326 -231
-241 -140
-145 -57
-60 24
26 106
111 188
196 270
282 350
365 429
449 508
531 587
612 662
691 736
768 809
845 888
927 958
1000 1022
1067 1085
1133 1149
1200 1205
1260 1260
1315 1311
1369 1362
1422 1407
1470 1449
1514 1490
1555 1522
1589 1560
1629 1586
1656 1611
1683 1629
1700 1647
1719 1656
1729 1664
1738 1669
1743 1669
1743 1664
1738 1656
1729 1642
1715 1629
1700 1603
1673 1581
1651 1552
1620 1518
1586 1485
1552 1446
1509 1403
1465 1355
1415 1304
1362 1253
1308 1200
1253 1139
1190 1079
1127 1005
1050 940
981 871
910 801
836 727
758 652
681 577
602 498
520 420
439 340
355 265
271 182
186 88
90 5
5 -80
-82 -164
-167 -246
-251 -329
-336 -410
-420 -490
-502 -571
-584 -649
-663 -726
-743 -801
-818 -873
-893 -954
-975 -1021
-1043 -1087
-1111 -1151
-1176 -1211
-1238 -1268
-1296 -1325
-1354 -1375
-1405 -1424
-1456 -1467
-1499 -1508
-1540 -1545
-1579 -1579
-1613 -1613
-1649 -1639
-1675 -1662
-1699 -1675
-1712 -1689
-1726 -1702
-1740 -1707
-1745 -1707
-1745 -1702
-1740 -1699
-1735 -1685
-1721 -1671
-1707 -1653
-1689 -1627
-1662 -1600
-1635 -1566
-1600 -1533
-1566 -1496
-1528 -1451
-1484 -1405
-1436 -1357
-1386 -1303
-1332 -1248
-1275 -1188
-1214 -1129
-1154 -1064
-1087 -989
-1011 -919
-939 -847
-866 -773
-790 -697
-712 -620
-633 -541
-553 -461
-471 -379
-388 -297
-304 -215
-220 -132
-135 -38
-38 46
47 130
133 213
218 295
302 377
386 459
469 539
551 618
631 695
710 771
788 845
864 917
937 995
1017 1062
1085 1127
1152 1186
1212 1246
1273 1301
1330 1355
1384 1403
1434 1449
1482 1494
1526 1531
1564 1564
1598 1598
1633 1629
1664 1651
1687 1669
1705 1683
1719 1697
1733 1700
1738 1705
1743 1705
1743 1700
1738 1687
1724 1673
1710 1660
1697 1637
1673 1607
1642 1577
1611 1543
1577 1506
1538 1465
1497 1422
1454 1373
1403 1323
1352 1266
1294 1209
1236 1149
1174 1085
1109 1019
1041 942
963 871
891 799
816 724
741 647
661 569
582 488
500 408
418 327
334 244
249 162
165 78
80 -17
-17 -101
-103 -184
-188 -267
-273 -349
-357 -431
-441 -511
-522 -591
-604 -668
-683 -744
-760 -820
-838 -893
-912 -963
-983 -1038
-1060 -1105
-1129 -1166
-1192 -1227
-1255 -1282
-1310 -1335
-1364 -1386
-1417 -1436
-1467 -1480
-1511 -1520
-1554 -1554
-1588 -1588
-1622 -1617
-1653 -1644
-1680 -1666
-1702 -1680
-1717 -1694
-1731 -1702
-1740 -1707
-1745 -1707
-1745 -1702
-1740 -1694
-1731 -1685
-1721 -1666
-1702 -1649
-1685 -1622
-1658 -1591
-1627 -1557
-1591 -1524
-1557 -1484
-1516 -1440
-1472 -1394
-1424 -1342
-1371 -1289
-1317 -1234
-1262 -1176
-1202 -1111
-1135 -1047
-1069 -980
-1002 -902
-922 -830
-847 -755
-770 -679
-693 -601
-614 -521
-533 -441
-451 -360
-367 -278
-284 -195
-198 -111
-113 -27
-28 67
68 150
154 234
239 317
324 399
408 480
490 560
572 638
652 715
730 790
807 864
883 935
956 1003
1024 1079
1103 1142
1167 1202
1229 1260
1287 1315
1344 1366
1396 1415
1446 1461
1494 1502
1535 1538
1572 1572
1607 1603
1637 1629
1664 1656
1692 1673
1710 1687
1724 1697
1733 1705
1743 1705
1743 1700
1738 1697
1733 1687
1724 1673
1710 1651
1687 1629
1664 1603
1637 1569
1603 1535
1569 1497
1531 1454
1485 1411
1442 1362
1392 1308
1337 1253
1280 1196
1222 1133
1157 1070
1094 1003
1024 935
956 855
874 780
797 705
720 628
642 549
561 469
480 388
396 307
314 224
229 140
143 58
58 -28
-28 -124
-124 -209
-209 -294
-294 -378
-378 -461
-461 -543
-543 -625
-625 -703
-703 -782
-782 -857
-857 -929
-929 -1002
-1002 -1069
-1069 -1144
-1144 -1207
-1207 -1268
-1268 -1325
-1325 -1379
-1379 -1429
-1429 -1475
-1475 -1520
-1520 -1562
-1562 -1596
-1596 -1631
-1631 -1658
-1658 -1685
-1685 -1707
-1707 -1721
-1721 -1735
-1735 -1740
-1740 -1745
-1745 -1745
-1745 -1740
-1740 -1731
-1731 -1717
-1717 -1699
-1699 -1675
-1675 -1653
-1653 -1622
-1622 -1583
-1583 -1545
-1545 -1504
-1504 -1460
-1460 -1413
-1413 -1361
-1361 -1303
-1303 -1245
-1245 -1185
-1185 -1120
-1120 -1052
-1052 -983
-983 -912
-912 -827
-827 -753
-753 -673
-673 -593
-593 -512
-512 -430
-430 -347
-347 -263
-263 -178
-178 -92
-92 -7
-7 80
80 176
176 261
261 345
345 428
428 510
510 591
591 671
671 751
751 825
825 900
900 973
973 1041
1041 1109
1109 1183
1183 1243
1243 1301
1301 1359
1359 1411
1411 1458
1458 1502
1502 1543
1543 1581
1581 1615
1615 1647
1647 1673
1673 1697
1697 1715
1715 1729
1729 1738
1738 1743
1743 1743
1743 1738
1738 1733
1733 1719
1719 1705
1705 1683
1683 1660
1660 1633
1633 1598
1598 1560
1560 1518
1518 1473
1473 1427
1427 1377
1377 1323
1323 1266
1266 1205
1205 1142
1142 1076
1076 1009
1009 937
937 864
864 780
780 701
701 623
623 541
541 459
459 376
376 292
292 207
207 122
122 36
36 -49
-49 -135
-135 -231
-231 -316
-316 -398
-398 -482
-482 -563
-563 -644
-644 -722
-722 -799
-799 -876
-876 -947
-947 -1019
-1019 -1087
-1087 -1154
-1154 -1224
-1224 -1282
-1282 -1339
-1339 -1394
-1394 -1444
-1444 -1487
-1487 -1533
-1533 -1571
-1571 -1605
-1605 -1639
-1639 -1666
-1666 -1689
-1689 -1707
-1707 -1726
-1726 -1735
-1735 -1740
-1740 -1745
-1745 -1745
-1745 -1735
-1735 -1726
-1726 -1712
-1712 -1694
-1694 -1671
-1671 -1644
-1644 -1613
-1613 -1579
-1579 -1537
-1537 -1496
-1496 -1448
-1448 -1398
-1398 -1346
-1346 -1289
-1289 -1231
-1231 -1169
-1169 -1105
-1105 -1035
-1035 -965
-965 -893
-893 -818
-818 -732
-732 -654
-654 -574
-574 -492
-492 -410
-410 -326
-326 -241
-241 -156
-156 -70
-70 15
15 101
101 186
186 282
282 365
365 449
449 531
531 612
612 691
691 768
768 845
845 920
920 990
990 1058
1058 1127
1127 1190
1190 1260
1260 1315
1315 1369
1369 1422
1422 1470
1470 1514
1514 1555
1555 1589
1589 1625
1625 1651
1651 1678
1678 1700
1700 1715
1715 1729
1729 1738
1738 1743
1743 1743
1743 1738
1738 1729
1729 1715
1715 1700
1700 1678
1678 1651
1651 1625
1625 1589
1589 1555
1555 1509
1509 1465
1465 1415
1415 1362
1362 1308
1308 1253
1253 1190
1190 1127
1127 1058
1058 990
990 920
920 845
845 768
768 681
681 602
602 520
520 439
439 355
355 271
271 186
186 101
101 15
15 -70
-70 -156
-156 -241
-241 -336
-336 -420
-420 -502
-502 -584
-584 -663
-663 -743
-743 -818
-818 -893
-893 -965
-965 -1035
-1035 -1105
-1105 -1169
-1169 -1231
-1231 -1296
-1296 -1354
-1354 -1405
-1405 -1456
-1456 -1499
-1499 -1540
-1540 -1579
-1579 -1613
-1613 -1644
-1644 -1671
-1671 -1694
-1694 -1712
-1712 -1726
-1726 -1740
-1740 -1745
-1745 -1745
-1745 -1740
-1740 -1735
-1735 -1721
-1721 -1707
-1707 -1689
-1689 -1666
-1666 -1639
-1639 -1605
-1605 -1571
-1571 -1533
-1533 -1484
-1484 -1436
-1436 -1386
-1386 -1332
-1332 -1275
-1275 -1214
-1214 -1154
-1154 -1087
-1087 -1019
-1019 -947
-947 -876
-876 -799
-799 -722
-722 -633
-633 -553
-553 -471
-471 -388
-388 -304
-304 -220
-220 -135
-135 -49
-49 36
36 122
122 207
207 292
292 386
386 469
469 551
551 631
631 710
710 788
788 864
864 937
937 1009
1009 1076
1076 1142
1142 1205
1205 1266
1266 1330
1330 1384
1384 1434
1434 1482
1482 1526
1526 1564
1564 1598
1598 1633
1633 1660
1660 1683
1683 1705
1705 1719
1719 1733
1733 1738
1738 1743
1743 1743
1743 1738
1738 1724
1724 1710
1710 1697
1697 1673
1673 1647
1647 1615
1615 1581
1581 1543
1543 1502
1502 1454
1454 1403
1403 1352
1352 1294
1294 1236
1236 1174
1174 1109
1109 1041
1041 973
973 900
900 825
825 751
751 671
671 582
582 500
500 418
418 334
334 249
249 165
165 80
80 -7
-7 -92
-92 -178
-178 -263
-263 -347
-347 -441
-441 -522
-522 -604
-604 -683
-683 -760
-760 -838
-838 -912
-912 -983
-983 -1052
-1052 -1120
-1120 -1185
-1185 -1245
-1245 -1303
-1303 -1364
-1364 -1417
-1417 -1467
-1467 -1511
-1511 -1554
-1554 -1588
-1588 -1622
-1622 -1653
-1653 -1675
-1675 -1699
-1699 -1717
-1717 -1731
-1731 -1740
-1740 -1745
-1745 -1745
-1745 -1740
-1740 -1731
-1731 -1721
-1721 -1702
-1702 -1685
-1685 -1658
-1658 -1631
-1631 -1596
-1596 -1562
-1562 -1520
-1520 -1475
-1475 -1424
-1424 -1371
-1371 -1317
-1317 -1262
-1262 -1202
-1202 -1135
-1135 -1069
-1069 -1002
-1002 -929
-929 -857
-857 -782
-782 -703
-703 -625
-625 -533
-533 -451
-451 -367
-367 -284
-284 -198
-198 -113
-113 -28
-28 58
58 143
143 229
229 307
314 388
396 480
490 560
572 638
652 715
730 790
807 864
883 935
956 1003
1024 1070
1094 1133
1157 1196
1222 1253
1280 1308
1337 1366
1396 1415
1446 1461
1494 1502
1535 1538
1572 1572
1607 1603
1637 1629
1664 1651
1687 1673
1710 1687
1724 1697
1733 1700
1738 1705
1743 1700
1738 1697
1733 1687
1724 1673
1710 1651
1687 1629
1664 1603
1637 1572
1607 1538
1572 1502
1535 1461
1494 1415
1446 1362
1392 1308
1337 1253
1280 1196
1222 1133
1157 1070
1094 1003
1024 935
956 864
883 790
807 715
730 638
652 560
572 469
480 388
396 307
314 224
229 140
143 56
58 -27
-28 -111
-113 -195
-198 -278
-284 -360
-367 -441
-451 -531
-543 -611
-625 -688
-703 -765
-782 -838
-857 -910
-929 -980
-1002 -1047
-1069 -1111
-1135 -1176
-1202 -1234
-1262 -1289
-1317 -1342
-1371 -1398
-1429 -1444
-1475 -1487
-1520 -1528
-1562 -1562
-1596 -1596
-1631 -1622
-1658 -1649
-1685 -1666
-1702 -1685
-1721 -1694
-1731 -1702
-1740 -1707
-1745 -1707
-1745 -1702
-1740 -1694
-1731 -1680
-1717 -1662
-1699 -1639
-1675 -1617
-1653 -1588
-1622 -1554
-1588 -1520
-1554 -1480
-1511 -1436
-1467 -1386
-1417 -1332
-1361 -1275
-1303 -1217
-1245 -1159
-1185 -1096
-1120 -1030
-1052 -963
-983 -893
-912 -820
-838 -744
-760 -668
-683 -591
-604 -511
-522 -420
-430 -340
-347 -256
-263 -174
-178 -90
-92 -7
-7 78
80 162
165 244
249 327
334 408
418 488
500 578
591 657
671 734
751 807
825 881
900 952
973 1019
1041 1085
1109 1149
1174 1209
1236 1266
1294 1323
1352 1373
1403 1427
1458 1470
1502 1509
1543 1547
1581 1581
1615 1611
1647 1637
1673 1660
1697 1673
1710 1687
1724 1700
1738 1705
1743 1705
1743 1700
1738 1697
1733 1683
1719 1669
1705 1647
1683 1625
1660 1598
1633 1564
1598 1531
1564 1494
1526 1449
1482 1403
1434 1355
1384 1294
1323 1239
1266 1180
1205 1118
1142 1053
1076 987
1009 917
937 845
864 771
788 695
710 618
631 539
551 459
469 367
376 285
292 203
207 119
122 36
36 -48
-49 -132
-135 -215
-220 -297
-304 -379
-388 -461
-471 -541
-553 -630
-644 -707
-722 -782
-799 -857
-876 -927
-947 -997
-1019 -1064
-1087 -1129
-1154 -1188
-1214 -1248
-1275 -1303
-1332 -1357
-1386 -1405
-1436 -1456
-1487 -1499
-1533 -1537
-1571 -1571
-1605 -1605
-1639 -1631
-1666 -1653
-1689 -1671
-1707 -1685
-1721 -1699
-1735 -1702
-1740 -1707
-1745 -1707
-1745 -1699
-1735 -1689
-1726 -1675
-1712 -1658
-1694 -1635
-1671 -1609
-1644 -1579
-1613 -1545
-1579 -1508
-1540 -1467
-1499 -1424
-1456 -1375
-1405 -1325
-1354 -1262
-1289 -1204
-1231 -1144
-1169 -1081
-1105 -1013
-1035 -944
-965 -873
-893 -801
-818 -726
-743 -649
-663 -571
-584 -490
-502 -410
-420 -319
-326 -236
-241 -152
-156 -69
-70 15
15 99
101 182
186 265
271 347
355 429
439 498
520 577
602 662
691 736
768 809
845 881
920 947
990 1014
1058 1079
1127 1139
1190 1200
1253 1253
1308 1304
1362 1355
1415 1403
1465 1449
1514 1490
1555 1522
1589 1555
1625 1581
1651 1607
1678 1629
1700 1642
1715 1656
1729 1664
1738 1669
1743 1669
1743 1664
1738 1656
1729 1642
1715 1629
1700 1607
1678 1581
1651 1555
1625 1522
1589 1490
1555 1449
1514 1407
1470 1362
1422 1311
1369 1260
1315 1200
1253 1139
1190 1079
1127 1014
1058 947
990 881
920 809
845 736
768 662
691 587
612 508
531 429
449 350
365 259
271 178
186 96
101 15
15 -68
-70 -149
-156 -231
-241 -312
-326 -393
-410 -471
-492 -550
-574 -626
-654 -711
-743 -784
-818 -854
-893 -924
-965 -992
-1035 -1058
-1105 -1120
-1169 -1178
-1231 -1234
-1289 -1289
-1346 -1339
-1398 -1386
-1448 -1432
-1496 -1475
-1540 -1511
-1579 -1545
-1613 -1574
-1644 -1600
-1671 -1622
-1694 -1639
-1712 -1653
-1726 -1662
-1735 -1671
-1745 -1671
-1745 -1666
-1740 -1662
-1735 -1649
-1721 -1635
-1707 -1617
-1689 -1596
-1666 -1571
-1639 -1537
-1605 -1504
-1571 -1467
-1533 -1424
-1487 -1383
-1444 -1335
-1394 -1282
-1339 -1227
-1282 -1163
-1214 -1105
-1154 -1041
-1087 -975
-1019 -907
-947 -838
-876 -765
-799 -692
-722 -616
-644 -540
-563 -461
-482 -382
-398 -302
-316 -210
-220 -128
-135 -47
-49 34
36 117
122 198
207 280
292 360
376 440
459 517
541 596
623 671
701 754
788 828
864 898
937 966
1009 1031
1076 1094
1142 1154
1205 1212
1266 1266
1323 1318
1377 1366
1427 1411
1473 1454
1518 1497
1564 1531
1598 1564
1633 1589
1660 1611
1683 1633
1705 1647
1719 1660
1733 1664
1738 1669
1743 1669
1743 1664
1738 1656
1729 1637
1710 1625
1697 1603
1673 1577
1647 1547
1615 1514
1581 1478
1543 1438
1502 1396
1458 1352
1411 1301
1359 1246
1301 1190
1243 1123
1174 1062
1109 997
1041 932
973 862
900 790
825 719
751 643
671 566
591 488
510 410
428 330
345 249
261 158
165 76
80 -7
-7 -88
-92 -171
-178 -251
-263 -332
-347 -412
-430 -490
-512 -568
-593 -645
-673 -721
-753 -803
-838 -873
-912 -942
-983 -1007
-1052 -1072
-1120 -1135
-1185 -1192
-1245 -1248
-1303 -1303
-1361 -1354
-1413 -1398
-1460 -1440
-1504 -1480
-1545 -1520
-1588 -1554
-1622 -1583
-1653 -1605
-1675 -1627
-1699 -1644
-1717 -1658
-1731 -1666
-1740 -1671
-1745 -1671
-1745 -1666
-1740 -1662
-1735 -1649
-1721 -1631
-1702 -1613
-1685 -1588
-1658 -1562
-1631 -1528
-1596 -1496
-1562 -1456
-1520 -1413
-1475 -1368
-1429 -1320
-1379 -1268
-1325 -1214
-1268 -1156
-1207 -1087
-1135 -1024
-1069 -960
-1002 -890
-929 -820
-857 -748
-782 -673
-703 -598
-625 -519
-543 -442
-461 -362
-378 -282
-294 -200
-209 -108
-113 -26
-28 55
58 138
143 219
229 300
314 380
396 459
480 538
561 614
642 676
720 746
797 828
883 895
956 961
1024 1024
1094 1085
1157 1145
1222 1200
1280 1253
1337 1304
1392 1352
1442 1392
1485 1434
1531 1470
1569 1506
1607 1535
1637 1560
1664 1581
1687 1603
1710 1615
1724 1625
1733 1629
1738 1633
1743 1633
1743 1625
1733 1615
1724 1603
1710 1581
1687 1560
1664 1535
1637 1506
1607 1473
1572 1438
1535 1400
1494 1355
1446 1308
1396 1260
1344 1205
1287 1152
1229 1094
1167 1024
1094 961
1024 895
956 828
883 756
807 684
730 611
652 536
572 459
490 382
408 303
324 224
239 145
154 54
58 -26
-28 -106
-113 -186
-198 -266
-284 -345
-367 -422
-451 -499
-533 -576
-614 -650
-693 -722
-770 -794
-847 -871
-929 -939
-1002 -1002
-1069 -1064
-1135 -1125
-1202 -1182
-1262 -1234
-1317 -1286
-1371 -1335
-1424 -1379
-1472 -1421
-1516 -1460
-1557 -1492
-1591 -1528
-1631 -1554
-1658 -1579
-1685 -1596
-1702 -1613
-1721 -1622
-1731 -1631
-1740 -1635
-1745 -1635
-1745 -1631
-1740 -1622
-1731 -1609
-1717 -1596
-1702 -1571
-1675 -1549
-1653 -1520
-1622 -1487
-1588 -1456
-1554 -1417
-1511 -1375
-1467 -1328
-1417 -1279
-1364 -1227
-1310 -1176
-1255 -1117
-1192 -1058
-1129 -986
-1052 -922
-983 -854
-912 -786
-838 -712
-760 -640
-683 -567
-604 -490
-522 -413
-441 -335
-357 -256
-273 -176
-188 -96
-103 -6
-7 75
80 155
165 234
249 314
334 391
418 468
500 545
582 619
661 693
741 765
816 834
891 912
973 976
1041 1039
1109 1099
1174 1157
1236 1212
1294 1266
1352 1315
1403 1362
1454 1403
1497 1442
1538 1478
1577 1509
1611 1543
1647 1569
1673 1589
1697 1603
1710 1615
1724 1629
1738 1633
1743 1633
1743 1629
1738 1625
1733 1611
1719 1598
1705 1581
1687 1555
1660 1531
1633 1497
1598 1465
1564 1430
1526 1388
1482 1344
1434 1297
1384 1246
1330 1193
1273 1136
1212 1079
1152 1017
1085 945
1009 879
937 809
864 739
788 666
710 591
631 516
551 440
469 362
386 283
302 203
218 124
133 44
47 -46
-49 -126
-135 -205
-220 -285
-304 -364
-388 -442
-471 -518
-553 -593
-633 -668
-712 -741
-790 -811
-866 -881
-939 -954
-1019 -1019
-1087 -1081
-1154 -1138
-1214 -1195
-1275 -1248
-1332 -1299
-1386 -1346
-1436 -1390
-1484 -1432
-1528 -1467
-1566 -1499
-1600 -1533
-1635 -1562
-1666 -1583
-1689 -1600
-1707 -1613
-1721 -1627
-1735 -1631
-1740 -1635
-1745 -1635
-1745 -1631
-1740 -1617
-1726 -1605
-1712 -1591
-1699 -1571
-1675 -1540
-1644 -1511
-1613 -1480
-1579 -1444
-1540 -1405
-1499 -1364
-1456 -1317
-1405 -1268
-1354 -1214
-1296 -1159
-1238 -1101
-1176 -1041
-1111 -978
-1043 -905
-965 -836
-893 -767
-818 -695
-743 -621
-663 -547
-584 -470
-502 -393
-420 -316
-336 -236
-251 -157
-167 -77
-82 4
5 94
101 174
186 254
271 333
355 411
439 488
520 565
602 638
681 710
758 784
836 834
910 900
981 971
1058 1033
1127 1091
1190 1149
1253 1200
1308 1249
1362 1297
1415 1344
1465 1384
1509 1422
1552 1454
1586 1485
1620 1514
1651 1538
1678 1560
1700 1572
1715 1586
1729 1594
1738 1598
1743 1598
1743 1594
1738 1586
1729 1577
1719 1560
1700 1543
1683 1518
1656 1490
1625 1458
1589 1427
1555 1388
1514 1347
1470 1304
1422 1256
1369 1205
1315 1154
1260 1099
1200 1039
1133 978
1067 917
1000 843
920 775
845 705
768 635
691 561
612 486
531 411
449 335
365 258
282 181
196 102
111 24
26 -55
-60 -143
-156 -222
-241 -299
-326 -376
-410 -451
-492 -526
-574 -599
-654 -671
-732 -743
-809 -811
-885 -878
-958 -942
-1026 -1013
-1105 -1072
-1169 -1129
-1231 -1182
-1289 -1234
-1346 -1282
-1398 -1328
-1448 -1371
-1496 -1409
-1537 -1444
-1574 -1475
-1609 -1504
-1639 -1528
-1666 -1554
-1694 -1571
-1712 -1583
-1726 -1591
-1735 -1600
-1745 -1600
-1745 -1596
-1740 -1591
-1735 -1583
-1726 -1571
-1712 -1549
-1689 -1528
-1666 -1504
-1639 -1472
-1605 -1440
-1571 -1405
-1533 -1364
-1487 -1325
-1444 -1279
-1394 -1227
-1339 -1176
-1282 -1123
-1224 -1064
-1159 -1005
-1096 -942
-1026 -878
-958 -803
-876 -732
-799 -663
-722 -589
-644 -517
-563 -442
-482 -366
-398 -289
-316 -212
-231 -133
-145 -55
-60 24
26 102
111 190
207 268
292 345
376 421
459 495
541 570
623 643
701 715
780 784
855 850
927 917
1000 978
1067 1048
1142 1106
1205 1161
1266 1212
1323 1263
1377 1308
1427 1352
1473 1392
1518 1430
1560 1461
1594 1494
1629 1518
1656 1543
1683 1564
1705 1577
1719 1589
1733 1594
1738 1598
1743 1598
1743 1594
1738 1586
1729 1572
1715 1555
1697 1535
1673 1514
1651 1485
1620 1449
1581 1415
1543 1377
1502 1337
1458 1294
1411 1246
1359 1193
1301 1139
1243 1085
1183 1024
1118 963
1050 900
981 834
910 756
825 688
751 616
671 542
591 468
510 392
428 316
345 239
261 161
176 82
90 4
5 -75
-82 -153
-167 -241
-263 -318
-347 -394
-430 -470
-512 -544
-593 -618
-673 -690
-753 -758
-827 -827
-902 -895
-975 -958
-1043 -1019
-1111 -1087
-1185 -1141
-1245 -1195
-1303 -1248
-1361 -1296
-1413 -1339
-1460 -1379
-1504 -1417
-1545 -1451
-1583 -1484
-1617 -1511
-1649 -1537
-1675 -1557
-1699 -1574
-1717 -1588
-1731 -1596
-1740 -1600
-1745 -1600
-1745 -1596
-1740 -1591
-1735 -1579
-1721 -1566
-1707 -1545
-1685 -1524
-1662 -1499
-1635 -1467
-1600 -1432
-1562 -1394
-1520 -1354
-1475 -1310
-1429 -1265
-1379 -1214
-1325 -1163
-1268 -1108
-1207 -1050
-1144 -989
-1078 -927
-1011 -861
-939 -794
-866 -717
-782 -645
-703 -572
-625 -497
-543 -423
-461 -347
-378 -270
-294 -192
-209 -114
-124 -36
-38 43
47 121
133 200
218 287
314 364
396 440
480 515
561 587
642 661
720 730
797 801
874 866
945 932
1017 973
1085 1033
1152 1097
1222 1149
1280 1200
1337 1249
1392 1294
1442 1333
1485 1373
1531 1407
1569 1438
1603 1470
1637 1494
1664 1514
1687 1531
1705 1547
1724 1555
1733 1560
1738 1564
1743 1564
1743 1555
1733 1547
1724 1535
1710 1518
1692 1497
1669 1473
1642 1446
1611 1415
1577 1377
1535 1340
1494 1297
1446 1253
1396 1205
1344 1154
1287 1103
1229 1048
1167 990
1103 927
1033 864
963 799
891 732
816 655
730 585
652 514
572 440
490 365
408 290
324 215
239 138
154 61
68 -15
-17 -92
-103 -169
-188 -244
-273 -330
-367 -404
-451 -478
-533 -551
-614 -623
-693 -692
-770 -760
-847 -827
-922 -890
-992 -952
-1060 -1013
-1129 -1069
-1192 -1132
-1262 -1182
-1317 -1231
-1371 -1279
-1424 -1320
-1472 -1361
-1516 -1398
-1557 -1429
-1591 -1460
-1627 -1484
-1653 -1508
-1680 -1528
-1702 -1540
-1717 -1554
-1731 -1562
-1740 -1566
-1745 -1566
-1745 -1562
-1740 -1554
-1731 -1540
-1717 -1528
-1702 -1508
-1680 -1484
-1653 -1460
-1627 -1429
-1591 -1398
-1557 -1357
-1511 -1317
-1467 -1272
-1417 -1224
-1364 -1176
-1310 -1125
-1255 -1069
-1192 -1013
-1129 -952
-1060 -890
-992 -827
-922 -760
-847 -692
-770 -613
-683 -543
-604 -469
-522 -396
-441 -321
-357 -244
-273 -169
-188 -92
-103 -15
-17 61
68 138
154 215
239 290
324 375
418 449
500 522
582 592
661 664
741 732
816 799
891 864
963 927
1033 990
1103 1048
1167 1103
1229 1161
1294 1212
1352 1260
1403 1304
1454 1344
1497 1381
1538 1415
1577 1446
1611 1473
1642 1497
1669 1518
1692 1535
1710 1547
1724 1560
1738 1564
1743 1564
1743 1560
1738 1555
1733 1543
1719 1531
1705 1514
1687 1494
1664 1470
1637 1438
1603 1407
1569 1373
1531 1330
1482 1287
1434 1243
1384 1193
1330 1142
1273 1087
1212 1033
1152 973
1085 912
1017 848
945 784
874 715
797 647
720 566
631 495
551 421
469 346
386 271
302 195
218 119
133 42
47 -34
-38 -111
-124 -188
-209 -263
-294 -340
-378 -423
-471 -497
-553 -568
-633 -640
-712 -709
-790 -777
-866 -843
-939 -907
-1011 -968
-1078 -1026
-1144 -1084
-1207 -1138
-1268 -1195
-1332 -1245
-1386 -1289
-1436 -1332
-1484 -1371
-1528 -1405
-1566 -1436
-1600 -1467
-1635 -1492
-1662 -1511
-1685 -1533
-1707 -1545
-1721 -1557
-1735 -1562
-1740 -1566
-1745 -1566
-1745 -1562
-1740 -1549
-1726 -1537
-1712 -1524
-1699 -1504
-1675 -1480
-1649 -1451
-1617 -1421
-1583 -1386
-1545 -1349
-1504 -1306
-1456 -1262
-1405 -1214
-1354 -1163
-1296 -1111
-1238 -1055
-1176 -997
-1111 -937
-1043 -876
-975 -809
-902 -743
-827 -675
-753 -604
-673 -524
-584 -451
-502 -377
-420 -302
-336 -226
-251 -150
-167 -73
-82 3
5 80
90 157
176 234
261 309
345 384
428 467
520 541
602 611
681 681
758 751
836 816
910 881
981 942
1050 1003
1118 1062
1183 1091
1243 1142
1301 1196
1362 1243
1415 1287
1465 1326
1509 1362
1552 1392
1586 1422
1620 1449
1651 1470
1673 1490
1697 1506
1715 1518
1729 1526
1738 1531
1743 1531
1743 1526
1738 1518
1729 1509
1719 1494
1700 1478
1683 1454
1656 1430
1629 1400
1594 1369
1560 1333
1518 1294
1473 1249
1422 1202
1369 1154
1315 1106
1260 1053
1200 995
1133 937
1067 879
1000 814
927 751
855 684
780 616
701 546
623 466
531 394
449 321
365 247
282 172
196 97
111 22
26 -53
-60 -128
-145 -203
-231 -277
-316 -350
-398 -423
-482 -504
-574 -574
-654 -644
-732 -711
-809 -777
-885 -840
-958 -902
-1026 -963
-1096 -1019
-1159 -1075
-1224 -1125
-1282 -1176
-1339 -1227
-1398 -1272
-1448 -1313
-1496 -1349
-1537 -1383
-1574 -1413
-1609 -1440
-1639 -1463
-1666 -1484
-1689 -1504
-1712 -1516
-1726 -1524
-1735 -1528
-1740 -1533
-1745 -1528
-1740 -1524
-1735 -1516
-1726 -1504
-1712 -1484
-1689 -1463
-1666 -1440
-1639 -1413
-1609 -1383
-1574 -1349
-1537 -1313
-1496 -1272
-1448 -1224
-1394 -1176
-1339 -1125
-1282 -1075
-1224 -1019
-1159 -963
-1096 -902
-1026 -840
-958 -777
-885 -711
-809 -644
-732 -574
-654 -504
-574 -423
-482 -350
-398 -277
-316 -203
-231 -128
-145 -53
-60 22
26 97
111 172
196 247
282 321
365 394
449 466
531 546
623 616
701 684
780 751
855 814
927 879
1000 937
1067 995
1133 1053
1200 1106
1260 1154
1315 1202
1369 1253
1427 1294
1473 1333
1518 1369
1560 1400
1594 1430
1629 1454
1656 1478
1683 1494
1700 1509
1719 1518
1729 1526
1738 1531
1743 1531
1743 1526
1738 1518
1729 1506
1715 1490
1697 1470
1673 1449
1651 1422
1620 1392
1586 1362
1552 1326
1509 1287
1465 1243
1415 1193
1359 1142
1301 1091
1243 1039
1183 981
1118 922
1050 862
981 799
910 734
836 666
758 597
681 529
602 457
520 376
428 302
345 229
261 154
176 79
90 3
5 -72
-82 -147
-167 -221
-251 -295
-336 -369
-420 -441
-502 -512
-584 -591
-673 -661
-753 -726
-827 -792
-902 -857
-975 -917
-1043 -975
-1111 -1033
-1176 -1087
-1238 -1138
-1296 -1188
-1354 -1234
-1405 -1282
-1460 -1320
-1504 -1357
-1545 -1390
-1583 -1421
-1617 -1448
-1649 -1472
-1675 -1492
-1699 -1504
-1712 -1516
-1726 -1528
-1740 -1533
-1745 -1533
-1745 -1528
-1740 -1524
-1735 -1511
-1721 -1499
-1707 -1480
-1685 -1460
-1662 -1436
-1635 -1405
-1600 -1375
-1566 -1342
-1528 -1303
-1484 -1262
-1436 -1217
-1386 -1163
-1325 -1113
-1268 -1060
-1207 -1005
-1144 -947
-1078 -888
-1011 -825
-939 -760
-866 -693
-790 -626
-712 -556
-633 -485
-553 -414
-471 -332
-378 -258
-294 -184
-209 -109
-124 -34
-38 41
47 116
133 191
218 266
302 339
386 412
469 483
551 554
631 633
720 700
797 767
874 830
945 893
1017 952
1085 1011
1152 1065
1212 1118
1273 1167
1330 1190
1384 1232
1434 1277
1485 1315
1531 1347
1569 1377
1603 1407
1637 1430
1664 1449
1687 1465
1705 1478
1719 1490
1733 1494
1738 1497
1743 1497
1743 1490
1733 1482
1724 1470
1710 1454
1692 1434
1669 1411
1642 1384
1611 1355
1577 1323
1538 1287
1497 1249
1454 1205
1403 1161
1352 1106
1287 1056
1229 1003
1167 947
1103 888
1033 828
963 765
891 701
816 636
741 568
661 500
582 429
500 359
418 278
324 205
239 133
154 59
68 -15
-17 -89
-103 -162
-188 -234
-273 -307
-357 -379
-441 -449
-522 -519
-604 -587
-683 -663
-770 -729
-847 -792
-922 -852
-992 -912
-1060 -970
-1129 -1024
-1192 -1078
-1255 -1125
-1310 -1173
-1364 -1217
-1417 -1262
-1467 -1303
-1516 -1339
-1557 -1368
-1591 -1398
-1627 -1421
-1653 -1444
-1680 -1463
-1702 -1475
-1717 -1487
-1731 -1496
-1740 -1499
-1745 -1499
-1745 -1496
-1740 -1487
-1731 -1475
-1717 -1463
-1702 -1444
-1680 -1421
-1653 -1398
-1627 -1368
-1591 -1339
-1557 -1303
-1516 -1265
-1472 -1224
-1424 -1178
-1371 -1132
-1317 -1078
-1255 -1024
-1192 -970
-1129 -912
-1060 -852
-992 -792
-922 -729
-847 -663
-770 -596
-693 -528
-614 -458
-533 -387
-451 -316
-367 -234
-273 -162
-188 -89
-103 -15
-17 59
68 133
154 205
239 278
324 350
408 421
490 491
572 560
652 628
730 701
816 765
891 828
963 888
1033 947
1103 1003
1167 1056
1229 1106
1287 1154
1344 1200
1396 1243
1446 1284
1494 1323
1538 1355
1577 1384
1611 1411
1642 1434
1669 1454
1692 1470
1710 1482
1724 1490
1733 1497
1743 1497
1743 1494
1738 1490
1733 1478
1719 1465
1705 1449
1687 1430
1664 1407
1637 1377
1603 1347
1569 1315
1531 1277
1485 1239
1442 1196
1392 1149
1337 1099
1280 1041
1212 990
1152 932
1085 874
1017 812
945 751
874 684
797 619
720 551
642 483
561 412
480 341
396 269
314 187
218 114
133 41
47 -33
-38 -106
-124 -180
-209 -253
-294 -325
-378 -396
-461 -466
-543 -536
-625 -604
-703 -671
-782 -744
-866 -807
-939 -868
-1011 -927
-1078 -983
-1144 -1038
-1207 -1089
-1268 -1138
-1325 -1185
-1379 -1227
-1429 -1268
-1475 -1306
-1520 -1346
-1566 -1375
-1600 -1405
-1635 -1429
-1662 -1448
-1685 -1467
-1707 -1480
-1721 -1492
-1735 -1496
-1740 -1499
-1745 -1499
-1745 -1496
-1740 -1487
-1731 -1472
-1712 -1460
-1699 -1440
-1675 -1417
-1649 -1390
-1617 -1361
-1583 -1328
-1545 -1292
-1504 -1255
-1460 -1214
-1413 -1169
-1361 -1120
-1303 -1069
-1245 -1011
-1176 -954
-1111 -897
-1043 -838
-975 -775
-902 -711
-827 -647
-753 -579
-673 -510
-593 -441
-512 -369
-430 -297
-347 -226
-263 -144
-167 -70
-82 3
5 77
90 150
176 224
261 295
345 367
428 439
510 508
591 577
671 645
751 709
825 782
910 843
981 903
1050 961
1118 1017
1183 1067
1243 1118
1301 1167
1359 1212
1411 1253
1458 1263
1502 1297
1543 1333
1586 1362
1620 1388
1651 1407
1673 1427
1697 1442
1715 1454
1729 1461
1738 1465
1743 1465
1743 1461
1738 1458
1733 1446
1719 1430
1700 1415
1683 1392
1656 1369
1629 1340
1594 1311
1560 1277
1518 1239
1473 1200
1427 1157
1377 1111
1323 1065
1266 1014
1205 952
1133 898
1067 841
1000 780
927 719
855 655
780 589
701 524
623 454
541 386
459 316
376 245
292 174
207 94
111 22
26 -50
-60 -123
-145 -194
-231 -265
-316 -335
-398 -405
-482 -474
-563 -541
-644 -608
-722 -671
-799 -736
-876 -805
-958 -864
-1026 -922
-1096 -975
-1159 -1030
-1224 -1078
-1282 -1125
-1339 -1173
-1394 -1214
-1444 -1251
-1487 -1289
-1533 -1320
-1571 -1354
-1609 -1379
-1639 -1402
-1666 -1421
-1689 -1440
-1712 -1451
-1726 -1460
-1735 -1463
-1740 -1467
-1745 -1467
-1745 -1460
-1735 -1451
-1726 -1440
-1712 -1421
-1689 -1402
-1666 -1379
-1639 -1354
-1609 -1325
-1574 -1292
-1537 -1258
-1496 -1217
-1448 -1176
-1398 -1132
-1346 -1084
-1289 -1035
-1231 -983
-1169 -922
-1096 -864
-1026 -805
-958 -744
-885 -681
-809 -616
-732 -550
-654 -483
-574 -414
-492 -345
-410 -274
-326 -203
-241 -131
-156 -50
-60 22
26 94
111 165
196 237
282 307
365 377
449 446
531 515
612 582
691 647
768 710
845 773
920 841
1000 898
1067 952
1133 1009
1200 1058
1260 1106
1315 1152
1369 1196
1422 1236
1470 1273
1514 1308
1555 1337
1589 1369
1629 1392
1656 1415
1683 1430
1700 1446
1719 1454
1729 1461
1738 1465
1743 1465
1743 1461
1738 1454
1729 1442
1715 1430
1700 1407
1673 1388
1651 1362
1620 1333
1586 1304
1552 1270
1509 1232
1465 1190
1415 1145
1362 1099
1308 1053
1253 1000
1190 947
1127 883
1050 825
981 765
910 703
836 638
758 572
681 507
602 437
520 369
439 298
355 227
271 157
186 85
101 3
5 -68
-82 -140
-167 -212
-251 -283
-336 -353
-420 -422
-502 -490
-584 -557
-663 -625
-743 -688
-818 -750
-893 -811
-965 -878
-1043 -934
-1111 -989
-1176 -1041
-1238 -1089
-1296 -1138
-1354 -1182
-1405 -1224
-1456 -1262
-1499 -1296
-1540 -1328
-1579 -1357
-1613 -1386
-1649 -1409
-1675 -1429
-1699 -1440
-1712 -1451
-1726 -1463
-1740 -1467
-1745 -1467
-1745 -1463
-1740 -1460
-1735 -1448
-1721 -1436
-1707 -1421
-1689 -1398
-1662 -1375
-1635 -1346
-1600 -1317
-1566 -1286
-1528 -1248
-1484 -1207
-1436 -1166
-1386 -1120
-1332 -1072
-1275 -1021
-1214 -970
-1154 -914
-1087 -850
-1011 -790
-939 -729
-866 -664
-790 -599
-712 -533
-633 -465
-553 -396
-471 -326
-388 -256
-304 -185
-220 -113
-135 -41
-49 39
47 111
133 183
218 254
302 324
386 394
469 463
551 531
631 597
710 662
788 727
864 788
937 848
1009 912
1085 968
1152 1019
1212 1070
1273 1118
1330 1164
1384 1205
1434 1246
1482 1284
1526 1315
1564 1315
1598 1344
1633 1369
1664 1388
1687 1403
1705 1415
1719 1427
1733 1430
1738 1434
1743 1434
1743 1430
1738 1419
1724 1407
1710 1396
1697 1377
1673 1352
1642 1326
1611 1297
1577 1266
1538 1232
1497 1196
1454 1154
1403 1111
1352 1065
1294 1017
1236 966
1174 912
1109 857
1041 792
963 732
891 671
816 609
741 543
661 478
582 411
500 343
418 275
334 205
249 135
165 65
80 -5
-7 -84
-103 -155
-188 -224
-273 -294
-357 -362
-441 -430
-522 -497
-604 -562
-683 -626
-760 -690
-838 -750
-912 -809
-983 -866
-1052 -929
-1129 -980
-1192 -1033
-1255 -1078
-1310 -1123
-1364 -1166
-1417 -1207
-1467 -1245
-1511 -1279
-1554 -1306
-1588 -1335
-1622 -1361
-1653 -1383
-1680 -1402
-1702 -1413
-1717 -1424
-1731 -1432
-1740 -1436
-1745 -1436
-1745 -1432
-1740 -1424
-1731 -1417
-1721 -1402
-1702 -1386
-1685 -1364
-1658 -1339
-1627 -1310
-1591 -1282
-1557 -1248
-1516 -1211
-1472 -1173
-1424 -1129
-1371 -1084
-1317 -1038
-1262 -989
-1202 -934
-1135 -881
-1069 -825
-1002 -758
-922 -697
-847 -635
-770 -571
-693 -506
-614 -439
-533 -371
-451 -302
-367 -234
-284 -164
-198 -94
-113 -23
-28 48
58 126
154 196
239 266
324 335
408 403
490 471
572 536
652 601
730 664
807 727
883 785
956 843
1024 900
1094 961
1167 1011
1229 1058
1287 1106
1344 1149
1396 1190
1446 1229
1494 1263
1535 1294
1572 1323
1607 1347
1637 1369
1664 1392
1692 1407
1710 1419
1724 1427
1733 1434
1743 1434
1743 1430
1738 1427
1733 1419
1724 1407
1710 1388
1687 1369
1664 1347
1637 1318
1603 1290
1569 1260
1531 1222
1485 1186
1442 1145
1392 1099
1337 1053
1280 1005
1222 952
1157 900
1094 843
1024 785
956 719
874 655
797 592
720 527
642 462
561 394
480 326
396 258
314 188
229 118
143 48
58 -23
-28 -94
-113 -172
-209 -242
-294 -311
-378 -379
-461 -447
-543 -514
-625 -579
-703 -644
-782 -705
-857 -765
-929 -825
-1002 -881
-1069 -934
-1135 -994
-1207 -1043
-1268 -1089
-1325 -1135
-1379 -1176
-1429 -1214
-1475 -1251
-1520 -1286
-1562 -1313
-1596 -1342
-1631 -1364
-1658 -1386
-1685 -1405
-1707 -1417
-1721 -1429
-1735 -1432
-1740 -1436
-1745 -1436
-1745 -1432
-1740 -1424
-1731 -1413
-1717 -1398
-1699 -1379
-1675 -1361
-1653 -1335
-1622 -1303
-1583 -1272
-1545 -1238
-1504 -1202
-1460 -1163
-1413 -1120
-1361 -1072
-1303 -1024
-1245 -975
-1185 -922
-1120 -866
-1052 -809
-983 -750
-912 -681
-827 -620
-753 -555
-673 -488
-593 -422
-512 -354
-430 -285
-347 -216
-263 -147
-178 -75
-92 -5
-7 65
80 135
165 214
261 283
345 352
428 420
510 486
591 553
671 618
751 679
825 741
900 801
973 857
1041 912
1109 966
1174 1022
1243 1070
1301 1118
1359 1161
1411 1200
1458 1236
1502 1270
1543 1301
1581 1330
1615 1355
1647 1347
1673 1366
1697 1381
1715 1392
1729 1400
1738 1403
1743 1403
1743 1400
1738 1396
1733 1384
1719 1373
1705 1355
1683 1337
1660 1315
1633 1287
1598 1256
1560 1222
1518 1186
1473 1149
1427 1109
1377 1065
1323 1019
1266 971
1205 920
1142 866
1076 812
1009 754
937 695
864 628
780 565
701 501
623 435
541 370
459 302
376 235
292 167
207 99
122 29
36 -40
-49 -108
-135 -177
-220 -254
-316 -321
-398 -388
-482 -454
-563 -518
-644 -582
-722 -644
-799 -705
-876 -763
-947 -820
-1019 -876
-1087 -929
-1154 -978
-1214 -1033
-1282 -1078
-1339 -1123
-1394 -1163
-1444 -1198
-1487 -1234
-1533 -1265
-1571 -1292
-1605 -1320
-1639 -1342
-1666 -1361
-1689 -1375
-1707 -1390
-1726 -1398
-1735 -1402
-1740 -1405
-1745 -1405
-1745 -1398
-1735 -1390
-1726 -1379
-1712 -1364
-1694 -1346
-1671 -1325
-1644 -1299
-1613 -1272
-1579 -1238
-1537 -1204
-1496 -1166
-1448 -1125
-1398 -1084
-1346 -1038
-1289 -992
-1231 -942
-1169 -890
-1105 -833
-1035 -777
-965 -719
-893 -659
-818 -589
-732 -526
-654 -463
-574 -396
-492 -330
-410 -263
-326 -195
-241 -126
-156 -57
-70 12
15 80
101 150
186 218
271 294
365 360
449 427
531 493
612 557
691 619
768 681
845 741
920 797
990 852
1058 908
1127 958
1190 1009
1253 1058
1315 1103
1369 1145
1422 1183
1470 1219
1514 1253
1555 1280
1589 1308
1625 1330
1651 1352
1678 1369
1700 1381
1715 1392
1729 1400
1738 1403
1743 1403
1743 1400
1738 1392
1729 1381
1715 1369
1700 1352
1678 1330
1651 1308
1625 1280
1589 1253
1555 1215
1509 1180
1465 1139
1415 1097
1362 1053
1308 1009
1253 958
1190 908
1127 852
1058 797
990 741
920 681
845 619
768 548
681 485
602 418
520 353
439 285
355 218
271 150
186 80
101 12
15 -57
-70 -126
-156 -195
-241 -263
-326 -338
-420 -404
-502 -470
-584 -534
-663 -598
-743 -659
-818 -719
-893 -777
-965 -833
-1035 -890
-1105 -942
-1169 -992
-1231 -1038
-1289 -1089
-1354 -1132
-1405 -1173
-1456 -1207
-1499 -1241
-1540 -1272
-1579 -1299
-1613 -1325
-1644 -1346
-1671 -1364
-1694 -1379
-1712 -1390
-1726 -1402
-1740 -1405
-1745 -1405
-1745 -1402
-1740 -1398
-1735 -1386
-1721 -1375
-1707 -1361
-1689 -1342
-1666 -1320
-1639 -1292
-1605 -1265
-1571 -1234
-1533 -1195
-1484 -1156
-1436 -1117
-1386 -1072
-1332 -1026
-1275 -978
-1214 -929
-1154 -876
-1087 -820
-1019 -763
-947 -705
-876 -644
-799 -582
-722 -510
-633 -446
-553 -379
-471 -313
-388 -246
-304 -177
-220 -108
-135 -40
-49 29
36 99
122 167
207 235
292 302
376 377
469 444
551 508
631 572
710 635
788 695
864 754
937 812
1009 866
1076 920
1142 971
1205 1019
1266 1065
1323 1115
1384 1154
1434 1193
1482 1229
1526 1260
1564 1287
1598 1315
1633 1337
1660 1355
1683 1373
1705 1355
1719 1366
1733 1369
1738 1373
1743 1373
1743 1369
1738 1359
1724 1347
1710 1337
1697 1318
1673 1297
1647 1273
1615 1246
1581 1215
1543 1183
1502 1145
1454 1106
1403 1065
1352 1019
1294 973
1236 925
1174 874
1109 821
1041 767
973 709
900 650
825 591
751 529
671 458
582 394
500 329
418 263
334 196
249 130
165 63
80 -5
-7 -72
-92 -140
-178 -207
-263 -273
-347 -340
-430 -412
-522 -476
-604 -538
-683 -599
-760 -661
-838 -719
-912 -775
-983 -830
-1052 -883
-1120 -934
-1185 -980
-1245 -1026
-1303 -1072
-1361 -1117
-1417 -1156
-1467 -1192
-1511 -1224
-1554 -1251
-1588 -1279
-1622 -1303
-1653 -1320
-1675 -1339
-1699 -1354
-1717 -1364
-1731 -1371
-1740 -1375
-1745 -1375
-1745 -1371
-1740 -1364
-1731 -1357
-1721 -1342
-1702 -1328
-1685 -1306
-1658 -1286
-1631 -1258
-1596 -1231
-1562 -1198
-1520 -1163
-1475 -1123
-1424 -1081
-1371 -1038
-1317 -994
-1262 -947
-1202 -895
-1135 -843
-1069 -790
-1002 -732
-929 -675
-857 -616
-782 -555
-703 -492
-625 -420
-533 -355
-451 -290
-367 -224
-284 -157
-198 -89
-113 -22
-28 46
58 113
143 179
229 247
314 312
396 377
480 451
572 514
652 575
730 636
807 695
883 753
956 807
1024 862
1094 912
1157 963
1222 1009
1280 1053
1337 1097
1392 1139
1446 1176
1494 1209
1535 1239
1572 1266
1607 1290
1637 1311
1664 1330
1687 1347
1710 1359
1724 1366
1733 1369
1738 1373
1743 1369
1738 1366
1733 1359
1724 1347
1710 1330
1687 1311
1664 1290
1637 1266
1607 1239
1572 1209
1535 1176
1494 1139
1446 1097
1392 1053
1337 1009
1280 963
1222 912
1157 862
1094 807
1024 753
956 695
883 636
807 575
730 514
652 451
572 377
480 312
396 247
314 179
229 113
143 46
58 -22
-28 -89
-113 -157
-198 -224
-284 -290
-367 -355
-451 -420
-533 -492
-625 -555
-703 -616
-782 -675
-857 -732
-929 -790
-1002 -843
-1069 -895
-1135 -947
-1202 -994
-1262 -1038
-1317 -1081
-1371 -1123
-1424 -1163
-1475 -1198
-1520 -1231
-1562 -1258
-1596 -1286
-1631 -1306
-1658 -1328
-1685 -1342
-1702 -1357
-1721 -1364
-1731 -1371
-1740 -1375
-1745 -1375
-1745 -1371
-1740 -1364
-1731 -1354
-1717 -1339
-1699 -1320
-1675 -1303
-1653 -1279
-1622 -1251
-1588 -1224
-1554 -1192
-1511 -1156
-1467 -1117
-1417 -1072
-1361 -1026
-1303 -980
-1245 -934
-1185 -883
-1120 -830
-1052 -775
-983 -719
-912 -661
-838 -599
-760 -538
-683 -476
-604 -412
-522 -340
-430 -273
-347 -207
-263 -140
-178 -72
-92 -5
-7 63
80 130
165 196
249 263
334 329
418 394
500 458
582 529
671 591
751 650
825 709
900 767
973 821
1041 874
1109 925
1174 973
1236 1019
1294 1065
1352 1106
1403 1145
1454 1183
1502 1215
1543 1246
1581 1273
1615 1297
1647 1318
1673 1337
1697 1347
1710 1359
1724 1369
1738 1344
1743 1344
1743 1340
1738 1337
1733 1326
1719 1315
1705 1297
1683 1280
1660 1260
1633 1232
1598 1205
1564 1176
1526 1142
1482 1106
1434 1067
1384 1019
1323 976
1266 930
1205 881
1142 830
1076 777
1009 722
937 666
864 607
788 548
710 486
631 425
551 362
469 290
376 225
292 160
207 94
122 27
36 -38
-49 -104
-135 -169
-220 -235
-304 -299
-388 -364
-471 -427
-553 -488
-633 -557
-722 -616
-799 -675
-876 -731
-947 -786
-1019 -838
-1087 -890
-1154 -937
-1214 -983
-1275 -1026
-1332 -1069
-1386 -1108
-1436 -1144
-1484 -1182
-1533 -1211
-1571 -1238
-1605 -1265
-1639 -1286
-1666 -1303
-1689 -1317
-1707 -1328
-1721 -1339
-1735 -1342
-1740 -1346
-1745 -1346
-1745 -1339
-1735 -1332
-1726 -1320
-1712 -1306
-1694 -1289
-1671 -1268
-1644 -1245
-1613 -1217
-1579 -1188
-1540 -1156
-1499 -1123
-1456 -1084
-1405 -1043
-1354 -994
-1289 -949
-1231 -902
-1169 -852
-1105 -799
-1035 -744
-965 -688
-893 -632
-818 -572
-743 -511
-663 -451
-584 -387
-502 -324
-420 -251
-326 -186
-241 -121
-156 -55
-70 12
15 77
101 143
186 208
271 273
355 338
439 401
520 464
602 524
681 592
768 652
845 709
920 763
990 816
1058 869
1127 917
1190 966
1253 1009
1308 1050
1362 1091
1415 1130
1465 1164
1509 1200
1555 1225
1589 1253
1625 1273
1651 1294
1678 1311
1700 1323
1715 1333
1729 1340
1738 1344
1743 1344
1743 1340
1738 1333
1729 1323
1715 1311
1700 1294
1678 1273
1651 1253
1625 1225
1589 1200
1555 1167
1514 1133
1470 1097
1422 1056
1369 1014
1315 966
1253 917
1190 869
1127 816
1058 763
990 709
920 652
845 592
768 533
691 472
612 408
531 345
449 282
365 208
271 143
186 77
101 12
15 -55
-70 -121
-156 -186
-241 -251
-326 -316
-410 -379
-492 -443
-574 -504
-654 -565
-732 -632
-818 -688
-893 -744
-965 -799
-1035 -852
-1105 -902
-1169 -949
-1231 -994
-1289 -1038
-1346 -1078
-1398 -1117
-1448 -1154
-1496 -1185
-1537 -1217
-1579 -1245
-1613 -1268
-1644 -1289
-1671 -1306
-1694 -1320
-1712 -1332
-1726 -1339
-1735 -1346
-1745 -1346
-1745 -1342
-1740 -1339
-1735 -1328
-1721 -1317
-1707 -1303
-1689 -1286
-1666 -1265
-1639 -1238
-1605 -1211
-1571 -1182
-1533 -1147
-1487 -1113
-1444 -1075
-1394 -1033
-1339 -989
-1282 -937
-1214 -890
-1154 -838
-1087 -786
-1019 -731
-947 -675
-876 -616
-799 -557
-722 -497
-644 -434
-563 -372
-482 -307
-398 -243
-316 -169
-220 -104
-135 -38
-49 27
36 94
122 160
207 225
292 290
376 354
459 416
541 480
623 541
701 601
780 666
864 722
937 777
1009 830
1076 881
1142 930
1205 976
1266 1019
1323 1062
1377 1099
1427 1136
1473 1171
1518 1202
1560 1232
1598 1260
1633 1280
1660 1297
1683 1315
1705 1326
1719 1337
1733 1340
1738 1344
1743 1344
1743 1311
1738 1304
1729 1290
1710 1280
1697 1263
1673 1243
1647 1219
1615 1193
1581 1164
1543 1133
1502 1099
1458 1065
1411 1024
1359 981
1301 937
1243 886
1174 836
1109 785
1041 734
973 679
900 623
825 566
751 507
671 446
591 385
510 323
428 259
345 196
261 124
165 60
80 -5
-7 -70
-92 -135
-178 -198
-263 -261
-347 -325
-430 -387
-512 -448
-593 -509
-673 -568
-753 -625
-827 -688
-912 -743
-983 -794
-1052 -845
-1120 -895
-1185 -939
-1245 -983
-1303 -1026
-1361 -1067
-1413 -1101
-1460 -1135
-1504 -1166
-1545 -1195
-1583 -1224
-1622 -1248
-1653 -1265
-1675 -1282
-1699 -1296
-1717 -1306
-1731 -1313
-1740 -1317
-1745 -1317
-1745 -1313
-1740 -1310
-1735 -1299
-1721 -1286
-1702 -1272
-1685 -1251
-1658 -1231
-1631 -1204
-1596 -1178
-1562 -1147
-1520 -1113
-1475 -1078
-1429 -1041
-1379 -999
-1325 -958
-1268 -912
-1207 -857
-1135 -807
-1069 -756
-1002 -702
-929 -647
-857 -589
-782 -531
-703 -471
-625 -410
-543 -348
-461 -285
-378 -222
-294 -159
-209 -86
-113 -21
-28 43
58 108
143 172
229 236
314 299
396 362
480 423
561 483
642 543
720 601
797 659
874 720
956 773
1024 825
1094 874
1157 922
1222 966
1280 1009
1337 1050
1392 1087
1442 1121
1485 1154
1531 1183
1569 1209
1603 1236
1637 1256
1664 1273
1687 1290
1710 1301
1724 1308
1733 1311
1738 1315
1743 1315
1743 1308
1733 1301
1724 1290
1710 1273
1687 1256
1664 1236
1637 1212
1607 1186
1572 1157
1535 1127
1494 1091
1446 1053
1396 1014
1344 971
1287 927
1229 881
1167 825
1094 773
1024 720
956 666
883 609
807 551
730 491
652 432
572 370
490 307
408 244
324 181
239 116
154 43
58 -21
-28 -86
-113 -150
-198 -214
-284 -278
-367 -340
-451 -402
-533 -464
-614 -524
-693 -582
-770 -640
-847 -695
-922 -756
-1002 -807
-1069 -857
-1135 -907
-1202 -952
-1262 -994
-1317 -1035
-1371 -1075
-1424 -1111
-1472 -1144
-1516 -1176
-1557 -1202
-1591 -1227
-1627 -1251
-1658 -1272
-1685 -1286
-1702 -1299
-1721 -1306
-1731 -1313
-1740 -1317
-1745 -1317
-1745 -1313
-1740 -1306
-1731 -1296
-1717 -1286
-1702 -1265
-1675 -1248
-1653 -1224
-1622 -1198
-1588 -1173
-1554 -1141
-1511 -1108
-1467 -1069
-1417 -1030
-1364 -989
-1310 -947
-1255 -900
-1192 -852
-1129 -794
-1052 -743
-983 -688
-912 -633
-838 -574
-760 -516
-683 -456
-604 -394
-522 -333
-441 -270
-357 -205
-273 -142
-188 -77
-103 -5
-7 60
80 124
165 188
249 252
334 315
418 377
500 439
582 498
661 558
741 616
816 671
891 727
963 785
1041 836
1109 886
1174 932
1236 976
1294 1019
1352 1058
1403 1097
1454 1130
1497 1161
1538 1190
1577 1215
1611 1239
1642 1263
1673 1280
1697 1290
1710 1301
1724 1311
1738 1315
1743 1315
1743 1311
1738 1308
1733 1297
1719 1260
1705 1246
1687 1225
1660 1205
1633 1180
1598 1154
1564 1127
1526 1094
1482 1058
1434 1022
1384 981
1330 940
1273 895
1212 850
1152 801
1085 744
1009 691
937 638
864 582
788 524
710 466
631 406
551 346
469 285
386 223
302 160
218 97
133 34
47 -36
-49 -99
-135 -162
-220 -225
-304 -287
-388 -348
-471 -408
-553 -468
-633 -526
-712 -584
-790 -640
-866 -693
-939 -746
-1011 -803
-1087 -852
-1154 -897
-1214 -942
-1275 -983
-1332 -1024
-1386 -1060
-1436 -1096
-1484 -1129
-1528 -1156
-1566 -1182
-1600 -1207
-1635 -1227
-1662 -1248
-1689 -1262
-1707 -1272
-1721 -1282
-1735 -1286
-1740 -1289
-1745 -1289
-1745 -1286
-1740 -1275
-1726 -1265
-1712 -1255
-1699 -1238
-1675 -1214
-1644 -1192
-1613 -1166
-1579 -1138
-1540 -1108
-1499 -1075
-1456 -1038
-1405 -999
-1354 -958
-1296 -914
-1238 -868
-1176 -820
-1111 -770
-1043 -712
-965 -659
-893 -604
-818 -548
-743 -490
-663 -431
-584 -371
-502 -311
-420 -249
-336 -186
-251 -123
-167 -60
-82 3
5 74
101 137
186 200
271 261
355 324
439 384
520 445
602 502
681 560
758 618
836 671
910 724
981 775
1050 831
1127 879
1190 925
1253 966
1308 1005
1362 1045
1415 1082
1465 1115
1509 1145
1552 1171
1586 1196
1620 1219
1651 1236
1673 1256
1700 1266
1715 1277
1729 1284
1738 1287
1743 1287
1743 1284
1738 1277
1729 1270
1719 1256
1700 1243
1683 1222
1656 1200
1625 1174
1589 1149
1555 1118
1514 1085
1470 1050
1422 1011
1369 971
1315 930
1260 886
1200 836
1133 788
1067 739
1000 679
920 624
845 568
768 510
691 452
612 391
531 331
449 270
365 208
282 145
196 82
111 19
26 -44
-60 -116
-156 -178
-241 -241
-326 -302
-410 -364
-492 -424
-574 -483
-654 -541
-732 -598
-809 -654
-885 -707
-958 -758
-1026 -809
-1096 -864
-1169 -910
-1231 -952
-1289 -994
-1346 -1033
-1398 -1069
-1448 -1105
-1496 -1135
-1537 -1163
-1574 -1188
-1609 -1211
-1639 -1231
-1666 -1248
-1689 -1265
-1712 -1275
-1726 -1282
-1735 -1289
-1745 -1289
-1745 -1286
-1740 -1282
-1735 -1275
-1726 -1265
-1712 -1248
-1689 -1231
-1666 -1211
-1639 -1185
-1605 -1159
-1571 -1132
-1533 -1099
-1487 -1067
-1444 -1030
-1394 -989
-1339 -947
-1282 -905
-1224 -857
-1159 -809
-1096 -758
-1026 -707
-958 -647
-876 -589
-799 -534
-722 -475
-644 -417
-563 -356
-482 -295
-398 -233
-316 -171
-231 -108
-145 -44
-60 19
26 82
111 153
207 215
292 277
376 339
459 399
541 459
623 517
701 575
780 631
855 684
927 739
1000 788
1067 836
1133 891
1205 935
1266 976
1323 1017
1377 1053
1427 1087
1473 1121
1518 1152
1560 1176
1594 1202
1629 1222
1656 1243
1683 1256
1700 1270
1719 1280
1733 1284
1738 1287
1743 1287
1743 1284
1738 1277
1729 1266
1715 1253
1697 1236
1673 1193
1651 1171
1620 1142
1581 1115
1543 1085
1502 1053
1458 1019
1411 981
1359 940
1301 898
1243 855
1183 807
1118 758
1050 709
981 657
910 596
825 542
751 485
671 427
591 369
510 309
428 249
345 188
261 126
176 65
90 3
5 -59
-82 -121
-167 -190
-263 -251
-347 -311
-430 -371
-512 -429
-593 -487
-673 -544
-753 -598
-827 -652
-902 -705
-975 -755
-1043 -803
-1111 -850
-1176 -900
-1245 -942
-1303 -983
-1361 -1021
-1413 -1055
-1460 -1087
-1504 -1117
-1545 -1144
-1583 -1169
-1617 -1192
-1649 -1211
-1675 -1227
-1699 -1238
-1712 -1251
-1731 -1258
-1740 -1262
-1745 -1262
-1745 -1258
-1740 -1255
-1735 -1245
-1721 -1234
-1707 -1217
-1685 -1202
-1662 -1182
-1635 -1156
-1600 -1129
-1562 -1099
-1520 -1067
-1475 -1033
-1429 -997
-1379 -958
-1325 -917
-1268 -873
-1207 -827
-1144 -779
-1078 -731
-1011 -679
-939 -626
-866 -565
-782 -509
-703 -451
-625 -393
-543 -333
-461 -273
-378 -212
-294 -152
-209 -90
-124 -28
-38 34
47 95
133 157
218 227
314 287
396 346
480 406
561 463
642 520
720 575
797 631
874 683
945 734
1017 784
1085 831
1152 876
1212 925
1280 966
1337 1005
1392 1041
1442 1073
1485 1106
1531 1133
1569 1157
1603 1183
1637 1202
1664 1219
1687 1232
1705 1243
1719 1253
1733 1256
1738 1260
1743 1260
1743 1253
1733 1246
1724 1236
1710 1222
1692 1205
1669 1186
1642 1164
1611 1139
1577 1109
1535 1079
1494 1045
1446 1009
1396 971
1344 930
1287 888
1229 843
1167 797
1103 746
1033 695
963 643
891 589
816 527
730 471
652 413
572 354
490 294
408 234
324 172
239 111
154 49
68 -12
-17 -75
-103 -136
-188 -197
-273 -266
-367 -326
-451 -385
-533 -444
-614 -502
-693 -557
-770 -613
-847 -666
-922 -717
-992 -767
-1060 -816
-1129 -861
-1192 -907
-1255 -952
-1317 -992
-1371 -1030
-1424 -1064
-1472 -1096
-1516 -1125
-1557 -1151
-1591 -1176
-1627 -1195
-1653 -1214
-1680 -1231
-1702 -1241
-1717 -1251
-1731 -1258
-1740 -1262
-1745 -1262
-1745 -1258
-1740 -1251
-1731 -1241
-1717 -1231
-1702 -1214
-1680 -1195
-1653 -1176
-1627 -1151
-1591 -1125
-1557 -1093
-1511 -1060
-1467 -1024
-1417 -986
-1364 -947
-1310 -907
-1255 -861
-1192 -816
-1129 -767
-1060 -717
-992 -666
-922 -613
-847 -557
-770 -493
-683 -437
-604 -378
-522 -319
-441 -258
-357 -197
-273 -136
-188 -75
-103 -12
-17 49
68 111
154 172
239 234
324 302
418 360
500 420
582 478
661 534
741 589
816 643
891 695
963 746
1033 797
1103 843
1167 888
1229 930
1287 976
1352 1014
1403 1050
1454 1082
1497 1111
1538 1139
1577 1164
1611 1186
1642 1205
1669 1222
1692 1236
1710 1246
1724 1253
1733 1260
1743 1260
1743 1256
1738 1253
1733 1243
1719 1232
1705 1219
1687 1202
1664 1183
1637 1157
1603 1109
1569 1082
1531 1048
1482 1014
1434 978
1384 940
1330 900
1273 857
1212 814
1152 767
1085 719
1017 668
945 618
874 563
797 509
720 446
631 389
551 331
469 273
386 213
302 154
218 94
133 33
47 -27
-38 -88
-124 -148
-209 -208
-294 -268
-378 -333
-471 -391
-553 -448
-633 -504
-712 -559
-790 -613
-866 -664
-939 -715
-1011 -763
-1078 -809
-1144 -854
-1207 -897
-1268 -937
-1325 -980
-1386 -1016
-1436 -1050
-1484 -1081
-1528 -1108
-1566 -1132
-1600 -1156
-1635 -1176
-1662 -1192
-1685 -1207
-1707 -1217
-1721 -1227
-1735 -1231
-1740 -1234
-1745 -1234
-1745 -1231
-1740 -1221
-1726 -1211
-1712 -1202
-1699 -1185
-1675 -1166
-1649 -1144
-1617 -1120
-1583 -1093
-1545 -1064
-1504 -1030
-1456 -994
-1405 -958
-1354 -917
-1296 -876
-1238 -832
-1176 -786
-1111 -738
-1043 -690
-975 -638
-902 -585
-827 -533
-753 -476
-673 -413
-584 -355
-502 -297
-420 -238
-336 -178
-251 -118
-167 -58
-82 3
5 63
90 124
176 184
261 244
345 302
428 367
520 425
602 481
681 536
758 591
836 643
910 693
981 742
1050 790
1118 836
1183 879
1243 920
1301 961
1359 1000
1415 1036
1465 1067
1509 1097
1552 1121
1586 1145
1620 1167
1651 1183
1673 1200
1697 1212
1715 1222
1729 1229
1738 1232
1743 1232
1743 1229
1738 1222
1729 1215
1719 1202
1700 1190
1683 1171
1656 1152
1629 1127
1594 1103
1560 1073
1518 1041
1473 1005
1422 968
1369 930
1315 891
1260 848
1200 801
1133 754
1067 707
1000 655
927 604
855 551
780 495
701 440
623 375
531 317
449 258
365 199
282 138
196 78
111 18
26 -43
-60 -103
-145 -164
-231 -224
-316 -282
-398 -341
-482 -406
-574 -463
-654 -518
-732 -572
-809 -626
-885 -678
-958 -726
-1026 -775
-1096 -820
-1159 -866
-1224 -907
-1282 -947
-1339 -986
-1394 -1024
-1448 -1058
-1496 -1087
-1537 -1113
-1574 -1138
-1609 -1159
-1639 -1178
-1666 -1195
-1689 -1211
-1712 -1221
-1726 -1227
-1735 -1231
-1740 -1234
-1745 -1231
-1740 -1227
-1735 -1221
-1726 -1211
-1712 -1195
-1689 -1178
-1666 -1159
-1639 -1138
-1609 -1113
-1574 -1087
-1537 -1058
-1496 -1024
-1448 -986
-1394 -947
-1339 -907
-1282 -866
-1224 -820
-1159 -775
-1096 -726
-1026 -678
-958 -626
-885 -572
-809 -518
-732 -463
-654 -406
-574 -341
-482 -282
-398 -224
-316 -164
-231 -103
-145 -43
-60 18
26 78
111 138
196 199
282 258
365 317
449 375
531 440
623 495
701 551
780 604
855 655
927 707
1000 754
1067 801
1133 848
1200 891
1260 930
1315 968
1369 1005
1422 1041
1473 1073
1518 1103
1560 1127
1594 1152
1629 1171
1656 1190
1683 1202
1700 1215
1719 1222
1729 1229
1738 1232
1743 1232
1743 1229
1738 1222
1729 1212
1715 1200
1697 1183
1673 1167
1651 1145
1620 1121
1586 1097
1552 1067
1509 1014
1465 978
1415 940
1359 900
1301 859
1243 818
1183 773
1118 727
1050 679
981 630
910 578
836 524
758 471
681 416
602 360
520 295
428 239
345 179
261 121
176 62
90 3
5 -57
-82 -116
-167 -174
-251 -233
-336 -290
-420 -347
-502 -404
-584 -466
-673 -521
-753 -572
-827 -625
-902 -675
-975 -722
-1043 -769
-1111 -814
-1176 -857
-1238 -897
-1296 -937
-1354 -973
-1405 -1007
-1456 -1041
-1504 -1069
-1545 -1096
-1583 -1120
-1617 -1141
-1649 -1159
-1675 -1176
-1699 -1185
-1712 -1195
-1726 -1204
-1740 -1207
-1745 -1207
-1745 -1204
-1740 -1202
-1735 -1192
-1721 -1182
-1707 -1166
-1685 -1151
-1662 -1132
-1635 -1108
-1600 -1084
-1566 -1058
-1528 -1026
-1484 -994
-1436 -960
-1386 -917
-1325 -878
-1268 -836
-1207 -792
-1144 -746
-1078 -700
-1011 -650
-939 -599
-866 -547
-790 -493
-712 -439
-633 -383
-553 -326
-471 -261
-378 -203
-294 -145
-209 -86
-124 -27
-38 32
47 92
133 150
218 208
302 266
386 324
469 381
551 437
631 498
720 551
797 604
874 654
945 703
1017 751
1085 797
1152 838
1212 881
1273 920
1330 958
1384 992
1434 1024
1482 1058
1531 1085
1569 1109
1603 1133
1637 1152
1664 1167
1687 1180
1705 1190
1719 1200
1733 1202
1738 1205
1743 1205
1743 1202
1738 1193
1724 1183
1710 1171
1692 1154
1669 1136
1642 1115
1611 1091
1577 1065
1538 1036
1497 1005
1454 971
1403 935
1352 891
1287 850
1229 807
1167 763
1103 715
1033 666
963 616
891 565
816 512
741 457
661 402
582 345
500 288
418 224
324 165
239 106
154 47
68 -12
-17 -72
-103 -130
-188 -189
-273 -247
-357 -305
-441 -362
-522 -418
-604 -473
-683 -534
-770 -587
-847 -638
-922 -686
-992 -734
-1060 -782
-1129 -825
-1192 -868
-1255 -907
-1310 -944
-1364 -980
-1417 -1016
-1467 -1047
-1511 -1078
-1557 -1101
-1591 -1125
-1627 -1144
-1653 -1163
-1680 -1178
-1702 -1188
-1717 -1198
-1731 -1204
-1740 -1207
-1745 -1207
-1745 -1204
-1740 -1198
-1731 -1188
-1717 -1178
-1702 -1163
-1680 -1144
-1653 -1125
-1627 -1101
-1591 -1078
-1557 -1050
-1516 -1019
-1472 -986
-1424 -949
-1371 -912
-1317 -868
-1255 -825
-1192 -782
-1129 -734
-1060 -686
-992 -638
-922 -587
-847 -534
-770 -480
-693 -425
-614 -369
-533 -312
-451 -255
-367 -189
-273 -130
-188 -72
-103 -12
-17 47
68 106
154 165
239 224
324 282
408 339
490 396
572 451
652 505
730 565
816 616
891 666
963 715
1033 763
1103 807
1167 850
1229 891
1287 930
1344 966
1396 1000
1446 1033
1494 1062
1535 1091
1577 1115
1611 1136
1642 1154
1669 1171
1692 1183
1710 1193
1724 1200
1733 1205
1743 1205
1743 1202
1738 1200
1733 1193
1724 1180
1705 1167
1687 1152
1664 1133
1637 1109
1603 1085
1569 1058
1531 1028
1485 997
1442 963
1392 905
1337 866
1280 821
1212 780
1152 734
1085 688
1017 640
945 591
874 539
797 488
720 434
642 380
561 324
480 268
396 212
314 147
218 89
133 32
47 -26
-38 -84
-124 -142
-209 -200
-294 -256
-378 -313
-461 -367
-543 -423
-625 -476
-703 -529
-782 -587
-866 -637
-939 -685
-1011 -731
-1078 -775
-1144 -818
-1207 -859
-1268 -897
-1325 -934
-1379 -968
-1429 -999
-1475 -1030
-1520 -1058
-1562 -1084
-1600 -1108
-1635 -1125
-1662 -1141
-1685 -1156
-1707 -1166
-1721 -1176
-1735 -1178
-1740 -1182
-1745 -1182
-1745 -1178
-1740 -1173
-1731 -1163
-1717 -1151
-1699 -1135
-1675 -1117
-1649 -1096
-1617 -1072
-1583 -1047
-1545 -1019
-1504 -989
-1460 -958
-1413 -922
-1361 -883
-1303 -843
-1245 -796
-1176 -753
-1111 -707
-1043 -661
-975 -611
-902 -560
-827 -510
-753 -456
-673 -402
-593 -347
-512 -292
-430 -235
-347 -178
-263 -113
-167 -55
-82 3
5 61
90 119
176 176
261 233
345 290
428 345
510 400
591 454
671 508
751 558
825 616
910 664
981 710
1050 756
1118 801
1183 841
1243 881
1301 920
1359 956
1411 987
1458 1017
1502 1045
1543 1070
1581 1097
1620 1118
1651 1133
1673 1149
1697 1161
1715 1171
1729 1176
1738 1180
1743 1180
1743 1176
1738 1174
1733 1164
1719 1154
1705 1139
1683 1121
1656 1103
1629 1079
1594 1056
1560 1028
1518 997
1473 966
1427 932
1377 895
1323 857
1266 816
1205 767
1133 722
1067 677
1000 628
927 578
855 527
780 474
701 421
623 365
541 311
459 254
376 198
292 140
207 75
111 17
26 -41
-60 -99
-145 -157
-231 -214
-316 -270
-398 -326
-482 -382
-563 -436
-644 -490
-722 -541
-799 -593
-876 -649
-958 -695
-1026 -743
-1096 -786
-1159 -830
-1224 -868
-1282 -907
-1339 -944
-1394 -978
-1444 -1007
-1487 -1038
-1533 -1064
-1571 -1087
-1605 -1111
-1639 -1129
-1666 -1144
-1689 -1159
-1712 -1169
-1726 -1176
-1735 -1178
-1740 -1182
-1745 -1182
-1745 -1176
-1735 -1169
-1726 -1159
-1712 -1147
-1694 -1129
-1666 -1111
-1639 -1089
-1609 -1067
-1574 -1041
-1537 -1013
-1496 -980
-1448 -947
-1398 -912
-1346 -873
-1289 -833
-1231 -792
-1169 -743
-1096 -695
-1026 -649
-958 -599
-885 -548
-809 -497
-732 -443
-654 -389
-574 -333
-492 -278
-410 -221
-326 -164
-241 -106
-156 -41
-60 17
26 75
111 133
196 191
282 247
365 303
449 359
531 415
612 468
691 520
768 572
845 623
920 677
1000 722
1067 767
1133 812
1200 852
1260 891
1315 927
1369 963
1422 995
1470 1024
1514 1053
1555 1076
1589 1099
1625 1121
1656 1139
1683 1152
1700 1164
1719 1171
1729 1176
1738 1180
1743 1180
1743 1176
1738 1171
1729 1161
1715 1152
1700 1136
1678 1118
1651 1097
1620 1073
1586 1050
1552 1022
1509 992
1465 958
1415 922
1362 886
1308 848
1253 788
1190 746
1127 695
1050 650
981 602
910 554
836 502
758 451
681 399
602 345
520 290
439 235
355 179
271 123
186 66
101 3
5 -55
-82 -111
-167 -167
-251 -224
-336 -278
-420 -333
-502 -387
-584 -439
-663 -492
-743 -543
-818 -591
-893 -640
-965 -692
-1043 -736
-1111 -779
-1176 -820
-1238 -859
-1296 -897
-1354 -932
-1405 -965
-1456 -994
-1499 -1021
-1540 -1047
-1579 -1069
-1613 -1089
-1644 -1111
-1675 -1125
-1699 -1135
-1712 -1144
-1726 -1154
-1740 -1156
-1745 -1156
-1745 -1154
-1740 -1151
-1735 -1141
-1721 -1132
-1707 -1120
-1689 -1105
-1666 -1084
-1635 -1060
-1600 -1038
-1566 -1013
-1528 -983
-1484 -952
-1436 -919
-1386 -883
-1332 -845
-1275 -805
-1214 -765
-1154 -721
-1087 -670
-1011 -623
-939 -574
-866 -524
-790 -473
-712 -420
-633 -367
-553 -313
-471 -258
-388 -202
-304 -145
-220 -89
-135 -33
-49 31
47 87
133 143
218 200
302 256
386 311
469 365
551 418
631 471
710 522
788 572
864 621
937 668
1009 719
1085 763
1152 803
1212 843
1273 881
1330 917
1384 950
1434 981
1482 1011
1526 1036
1564 1058
1598 1082
1633 1099
1660 1118
1687 1130
1705 1139
1719 1149
1733 1152
1738 1154
1743 1154
1743 1152
1738 1142
1724 1133
1710 1123
1697 1109
1673 1091
1647 1067
1611 1045
1577 1019
1538 992
1497 963
1454 930
1403 895
1352 857
1294 818
1236 777
1174 734
1109 690
1041 638
963 589
891 541
816 490
741 437
661 385
582 331
500 276
418 222
334 165
249 109
165 53
80 -5
-7 -68
-103 -125
-188 -181
-273 -237
-357 -292
-441 -347
-522 -401
-604 -453
-683 -504
-760 -556
-838 -604
-912 -652
-983 -697
-1052 -748
-1129 -790
-1192 -832
-1255 -868
-1310 -905
-1364 -939
-1417 -973
-1467 -1002
-1511 -1030
-1554 -1052
-1588 -1075
-1622 -1096
-1653 -1111
-1675 -1129
-1702 -1138
-1717 -1147
-1731 -1154
-1740 -1156
-1745 -1156
-1745 -1154
-1740 -1147
-1731 -1141
-1721 -1129
-1702 -1117
-1685 -1099
-1658 -1081
-1631 -1055
-1591 -1033
-1557 -1005
-1516 -975
-1472 -944
-1424 -910
-1371 -873
-1317 -836
-1262 -796
-1202 -753
-1135 -709
-1069 -664
-1002 -611
-922 -562
-847 -511
-770 -460
-693 -408
-614 -353
-533 -299
-451 -244
-367 -188
-284 -132
-198 -75
-113 -19
-28 38
58 102
154 158
239 214
324 270
408 324
490 379
572 432
652 483
730 534
807 585
883 633
956 679
1024 724
1094 773
1167 814
1229 852
1287 891
1344 925
1396 958
1446 990
1494 1017
1535 1041
1572 1065
1607 1085
1637 1103
1664 1118
1687 1133
1710 1142
1724 1149
1733 1154
1743 1154
1743 1152
1738 1149
1733 1142
1724 1133
1710 1118
1687 1103
1664 1085
1637 1065
1607 1039
1569 1014
1531 984
1485 956
1442 922
1392 886
1337 848
1280 809
1222 767
1157 724
1094 664
1024 619
956 566
874 516
797 467
720 415
642 364
561 311
480 257
396 203
314 148
229 92
143 37
58 -19
-28 -74
-113 -136
-209 -191
-294 -246
-378 -299
-461 -352
-543 -405
-625 -456
-703 -507
-782 -556
-857 -603
-929 -650
-1002 -693
-1069 -736
-1135 -784
-1207 -823
-1268 -859
-1325 -895
-1379 -927
-1429 -958
-1475 -986
-1520 -1013
-1562 -1035
-1596 -1058
-1631 -1075
-1658 -1093
-1685 -1105
-1702 -1117
-1721 -1125
-1735 -1129
-1740 -1132
-1745 -1132
-1745 -1129
-1740 -1123
-1731 -1113
-1717 -1101
-1699 -1087
-1675 -1072
-1653 -1052
-1622 -1030
-1588 -1002
-1545 -975
-1504 -947
-1460 -917
-1413 -883
-1361 -845
-1303 -807
-1245 -769
-1185 -726
-1120 -683
-1052 -638
-983 -591
-912 -536
-827 -488
-753 -437
-673 -385
-593 -333
-512 -279
-430 -225
-347 -171
-263 -116
-178 -60
-92 -5
-7 51
80 106
165 169
261 223
345 277
428 331
510 383
591 435
671 486
751 534
825 583
900 631
973 676
1041 719
1109 761
1174 805
1243 843
1301 881
1359 915
1411 945
1458 973
1502 1000
1543 1024
1581 1048
1615 1067
1647 1085
1673 1099
1697 1109
1710 1121
1729 1127
1738 1130
1743 1130
1743 1127
1738 1123
1733 1115
1719 1106
1705 1091
1683 1076
1660 1058
1633 1036
1598 1014
1564 984
1518 956
1473 925
1427 893
1377 857
1323 821
1266 782
1205 741
1142 698
1076 654
1009 607
937 560
864 505
780 454
701 403
623 350
541 297
459 244
376 189
292 134
207 79
122 24
36 -32
-49 -87
-135 -143
-220 -205
-316 -259
-398 -313
-482 -366
-563 -417
-644 -469
-722 -518
-799 -568
-876 -614
-947 -661
-1019 -705
-1087 -748
-1154 -787
-1214 -832
-1282 -868
-1339 -905
-1394 -937
-1444 -965
-1487 -994
-1533 -1019
-1571 -1041
-1605 -1064
-1639 -1081
-1666 -1096
-1689 -1108
-1707 -1117
-1721 -1125
-1735 -1129
-1740 -1132
-1745 -1132
-1745 -1125
-1735 -1120
-1726 -1111
-1712 -1099
-1694 -1084
-1671 -1067
-1644 -1047
-1613 -1024
-1579 -999
-1540 -970
-1496 -939
-1448 -907
-1398 -873
-1346 -836
-1289 -799
-1231 -758
-1169 -717
-1105 -671
-1035 -626
-965 -579
-893 -531
-818 -475
-732 -424
-654 -372
-574 -319
-492 -266
-410 -212
-326 -157
-241 -101
-156 -46
-70 10
15 65
101 120
186 175
271 237
365 290
449 343
531 396
612 449
691 498
768 548
845 596
920 642
990 686
1058 730
1127 771
1190 812
1253 852
1315 888
1369 922
1422 952
1470 981
1514 1009
1555 1031
1589 1053
1625 1070
1651 1087
1678 1103
1700 1111
1715 1121
1729 1127
1738 1130
1743 1130
1743 1127
1738 1121
1729 1111
1715 1103
1700 1087
1678 1070
1651 1053
1625 1031
1589 1009
1555 981
1514 950
1465 917
1415 883
1362 848
1308 812
1253 771
1190 730
1127 686
1058 642
990 596
920 536
845 488
768 432
681 382
602 330
520 278
439 225
355 171
271 118
186 63
101 9
15 -45
-70 -99
-156 -154
-241 -207
-326 -267
-420 -319
-502 -371
-584 -420
-663 -471
-743 -519
-818 -567
-893 -613
-965 -657
-1035 -702
-1105 -743
-1169 -782
-1231 -818
-1289 -859
-1354 -893
-1405 -924
-1456 -952
-1499 -978
-1540 -1002
-1579 -1024
-1613 -1043
-1644 -1060
-1671 -1075
-1694 -1087
-1712 -1096
-1726 -1101
-1735 -1108
-1745 -1108
-1745 -1105
-1740 -1101
-1735 -1093
-1721 -1084
-1707 -1072
-1689 -1058
-1666 -1041
-1639 -1019
-1605 -997
-1571 -973
-1533 -944
-1487 -912
-1436 -881
-1386 -845
-1332 -809
-1275 -770
-1214 -732
-1154 -690
-1087 -647
-1019 -601
-947 -556
-876 -507
-799 -459
-722 -402
-633 -352
-553 -299
-471 -246
-388 -193
-304 -140
-220 -86
-135 -31
-49 22
36 77
122 131
207 184
292 239
376 297
469 350
551 400
631 451
710 500
788 548
864 594
937 640
1009 683
1076 724
1142 765
1205 803
1266 838
1323 879
1384 910
1434 940
1482 968
1526 992
1564 1014
1598 1036
1633 1053
1660 1067
1683 1082
1705 1091
1719 1099
1733 1103
1738 1106
1743 1106
1743 1103
1738 1094
1724 1085
1710 1076
1697 1062
1673 1045
1647 1024
1615 1003
1581 978
1543 952
1502 925
1458 891
1403 857
1352 821
1294 784
1236 744
1174 703
1109 661
1041 618
973 570
900 524
825 476
751 425
671 369
582 317
500 265
418 212
334 158
249 104
165 50
80 -4
-7 -58
-92 -113
-178 -167
-263 -220
-347 -273
-430 -332
-522 -384
-604 -434
-683 -483
-760 -533
-838 -579
-912 -625
-983 -668
-1052 -711
-1120 -753
-1185 -790
-1245 -827
-1303 -864
-1361 -900
-1417 -932
-1467 -960
-1511 -986
-1554 -1007
-1588 -1030
-1622 -1050
-1653 -1064
-1675 -1078
-1699 -1089
-1717 -1099
-1731 -1105
-1740 -1108
-1745 -1108
-1745 -1105
-1740 -1099
-1731 -1093
-1721 -1081
-1702 -1069
-1685 -1052
-1658 -1035
-1631 -1013
-1596 -992
-1562 -965
-1520 -937
-1475 -907
-1429 -871
-1371 -836
-1317 -801
-1262 -763
-1202 -721
-1135 -679
-1069 -637
-1002 -589
-929 -544
-857 -497
-782 -447
-703 -396
-625 -338
-533 -286
-451 -234
-367 -181
-284 -126
-198 -72
-113 -18
-28 36
58 90
143 145
229 198
314 251
396 304
480 363
572 413
652 463
730 512
807 560
883 606
956 650
1024 693
1094 734
1157 775
1222 812
1280 848
1337 883
1392 917
1446 947
1494 973
1535 997
1572 1019
1607 1039
1637 1056
1664 1070
1687 1085
1710 1094
1724 1099
1733 1103
1738 1106
1743 1103
1738 1099
1733 1094
1724 1085
1710 1070
1687 1056
1664 1039
1637 1019
1607 997
1572 973
1535 947
1494 917
1446 886
1396 848
1337 812
1280 775
1222 734
1157 693
1094 650
1024 606
956 560
883 512
807 463
730 404
652 355
572 297
480 246
396 194
314 142
229 89
143 36
58 -17
-28 -70
-113 -123
-198 -176
-284 -229
-367 -280
-451 -331
-533 -388
-625 -437
-703 -485
-782 -533
-857 -577
-929 -623
-1002 -664
-1069 -705
-1135 -746
-1202 -784
-1262 -818
-1317 -852
-1371 -885
-1424 -917
-1475 -944
-1520 -970
-1562 -992
-1596 -1013
-1631 -1030
-1658 -1047
-1685 -1058
-1702 -1069
-1721 -1075
-1731 -1081
-1740 -1084
-1745 -1084
-1745 -1081
-1740 -1075
-1731 -1067
-1717 -1055
-1699 -1041
-1675 -1026
-1653 -1007
-1622 -986
-1588 -965
-1554 -939
-1511 -912
-1467 -881
-1417 -847
-1364 -809
-1303 -773
-1245 -736
-1185 -695
-1120 -654
-1052 -611
-983 -567
-912 -521
-838 -473
-760 -424
-683 -376
-604 -325
-522 -268
-430 -215
-347 -164
-263 -111
-178 -58
-92 -4
-7 49
80 102
165 155
249 207
334 259
418 310
500 360
582 416
671 466
751 512
825 558
900 604
973 647
1041 688
1109 729
1174 767
1236 803
1294 838
1352 871
1403 903
1454 932
1502 958
1543 981
1581 1003
1615 1022
1647 1039
1673 1053
1697 1062
1710 1070
1724 1079
1738 1082
1743 1082
1743 1079
1738 1076
1733 1067
1719 1058
1705 1045
1683 1031
1660 1014
1633 992
1598 971
1564 947
1526 920
1482 891
1434 859
1384 825
1330 785
1266 748
1205 709
1142 668
1076 626
1009 582
937 536
864 488
788 441
710 391
631 341
551 291
469 233
376 181
292 128
207 75
122 22
36 -31
-49 -84
-135 -137
-220 -190
-304 -241
-388 -293
-471 -343
-553 -393
-633 -449
-722 -497
-799 -544
-876 -589
-947 -633
-1019 -675
-1087 -717
-1154 -755
-1214 -792
-1275 -827
-1332 -861
-1386 -893
-1436 -922
-1484 -952
-1533 -975
-1571 -997
-1605 -1019
-1639 -1035
-1666 -1050
-1689 -1060
-1707 -1069
-1721 -1078
-1735 -1081
-1740 -1084
-1745 -1084
-1745 -1081
-1740 -1072
-1726 -1064
-1712 -1052
-1694 -1038
-1671 -1021
-1644 -1002
-1613 -980
-1579 -958
-1540 -932
-1499 -905
-1456 -873
-1405 -840
-1354 -805
-1296 -765
-1231 -726
-1169 -686
-1105 -644
-1035 -599
-965 -555
-893 -509
-818 -461
-743 -412
-663 -362
-584 -312
-502 -261
-420 -203
-326 -150
-241 -97
-156 -44
-70 9
15 62
101 115
186 167
271 220
355 272
439 323
520 374
602 422
681 478
768 524
845 570
920 614
990 657
1058 700
1127 739
1190 777
1253 812
1308 845
1362 879
1415 910
1465 937
1509 966
1555 987
1589 1009
1625 1024
1651 1041
1678 1056
1700 1065
1715 1073
1729 1079
1738 1082
1743 1082
1743 1079
1738 1073
1729 1065
1715 1056
1700 1041
1678 1024
1651 1009
1625 987
1589 966
1555 940
1514 912
1470 883
1422 850
1369 816
1315 782
1260 739
1190 700
1127 657
1058 614
990 570
920 524
845 478
768 429
691 380
612 329
531 272
449 222
365 164
271 113
186 61
101 9
15 -43
-70 -96
-156 -147
-241 -198
-326 -249
-410 -299
-492 -349
-574 -398
-654 -446
-732 -497
-818 -543
-893 -587
-965 -630
-1035 -671
-1105 -711
-1169 -748
-1231 -784
-1289 -818
-1346 -850
-1398 -881
-1448 -910
-1496 -934
-1537 -960
-1579 -980
-1613 -999
-1644 -1016
-1671 -1030
-1694 -1041
-1712 -1050
-1726 -1055
-1735 -1060
-1745 -1060
-1745 -1058
-1740 -1055
-1735 -1050
-1726 -1038
-1707 -1026
-1689 -1013
-1666 -997
-1639 -975
-1605 -954
-1571 -932
-1533 -905
-1487 -878
-1444 -847
-1394 -814
-1339 -779
-1282 -744
-1224 -702
-1154 -661
-1087 -620
-1019 -576
-947 -533
-876 -485
-799 -439
-722 -391
-644 -343
-563 -293
-482 -243
-398 -192
-316 -134
-220 -82
-135 -31
-49 22
36 73
122 126
207 177
292 228
376 278
459 328
541 377
623 425
701 473
780 524
864 569
937 612
1009 654
1076 693
1142 732
1205 768
1266 803
1323 836
1377 866
1427 895
1473 922
1518 947
1560 971
1598 992
1633 1009
1660 1022
1683 1036
1705 1045
1719 1053
1733 1056
1738 1058
1743 1058
1743 1056
1738 1050
1729 1041
1715 1031
1697 1017
1673 1000
1647 981
1615 961
1581 937
1543 912
1502 886
1458 857
1411 825
1359 790
1301 754
1243 719
1183 673
1109 633
1041 591
973 546
900 501
825 456
751 408
671 359
591 310
510 259
428 208
345 158
261 100
165 48
80 -4
-7 -56
-92 -108
-178 -160
-263 -210
-347 -261
-430 -312
-512 -361
-593 -410
-673 -458
-753 -503
-827 -555
-912 -598
-983 -640
-1052 -681
-1120 -721
-1185 -756
-1245 -792
-1303 -827
-1361 -859
-1413 -888
-1460 -914
-1504 -939
-1545 -963
-1583 -986
-1622 -1005
-1653 -1019
-1675 -1033
-1699 -1043
-1717 -1052
-1731 -1058
-1740 -1060
-1745 -1060
-1745 -1058
-1740 -1055
-1735 -1047
-1721 -1038
-1707 -1024
-1685 -1007
-1658 -992
-1631 -970
-1596 -949
-1562 -924
-1520 -897
-1475 -868
-1429 -838
-1379 -805
-1325 -770
-1268 -734
-1207 -695
-1144 -650
-1069 -609
-1002 -565
-929 -521
-857 -475
-782 -427
-703 -379
-625 -330
-543 -280
-461 -230
-378 -179
-294 -128
-209 -69
-113 -17
-28 34
58 87
143 138
229 190
314 241
396 291
480 341
561 389
642 437
720 483
797 531
874 580
956 623
1024 664
1094 703
1157 742
1222 777
1280 812
1337 845
1392 876
1442 903
1485 930
1531 952
1569 973
1603 995
1637 1011
1664 1024
1687 1039
1710 1048
1724 1053
1733 1056
1738 1058
1743 1058
1743 1053
1733 1048
1724 1039
1710 1028
1692 1011
1664 995
1637 976
1607 956
1572 932
1535 908
1494 879
1446 848
1396 816
1344 782
1287 746
1229 709
1167 669
1103 623
1024 580
956 536
883 490
807 444
730 396
652 347
572 297
490 247
408 196
324 142
239 91
154 34
58 -17
-28 -68
-113 -118
-198 -169
-284 -219
-367 -268
-451 -317
-533 -366
-614 -413
-693 -459
-770 -504
-847 -548
-922 -596
-1002 -637
-1069 -675
-1135 -715
-1202 -750
-1262 -784
-1317 -816
-1371 -847
-1424 -876
-1472 -902
-1516 -927
-1557 -947
-1591 -968
-1627 -986
-1658 -1002
-1685 -1013
-1702 -1024
-1721 -1030
-1731 -1035
-1740 -1038
-1745 -1038
-1745 -1035
-1740 -1030
-1731 -1021
-1717 -1013
-1702 -999
-1680 -983
-1653 -965
-1622 -944
-1588 -924
-1554 -900
-1511 -873
-1467 -843
-1417 -811
-1364 -779
-1310 -746
-1255 -709
-1192 -671
-1129 -632
-1060 -585
-983 -543
-912 -499
-838 -453
-760 -406
-683 -360
-604 -311
-522 -263
-441 -212
-357 -162
-273 -113
-188 -62
-103 -4
-7 46
80 97
165 148
249 198
334 248
418 297
500 345
582 392
661 440
741 485
816 529
891 572
963 619
1041 659
1109 698
1174 734
1236 768
1294 803
1352 834
1403 864
1454 891
1497 915
1538 937
1577 958
1611 976
1642 995
1673 1009
1697 1017
1710 1024
1724 1033
1738 1036
1743 1036
1743 1033
1738 1031
1733 1022
1719 1014
1705 1003
1687 990
1664 971
1633 950
1598 930
1564 908
1526 881
1482 852
1434 823
1384 790
1330 756
1273 720
1212 684
1152 645
1085 604
1017 557
937 514
864 468
788 422
710 375
631 327
551 278
469 229
386 179
302 129
218 78
133 27
47 -29
-49 -80
-135 -131
-220 -181
-304 -231
-388 -280
-471 -329
-553 -377
-633 -424
-712 -470
-790 -516
-866 -559
-939 -601
-1011 -647
-1087 -686
-1154 -722
-1214 -758
-1275 -792
-1332 -825
-1386 -854
-1436 -883
-1484 -910
-1528 -932
-1566 -952
-1600 -973
-1635 -989
-1662 -1005
-1689 -1016
-1707 -1024
-1721 -1033
-1735 -1035
-1740 -1038
-1745 -1038
-1745 -1035
-1740 -1026
-1726 -1019
-1712 -1011
-1699 -997
-1675 -980
-1649 -960
-1613 -939
-1579 -917
-1540 -893
-1499 -866
-1456 -836
-1405 -805
-1354 -770
-1296 -736
-1238 -700
-1176 -661
-1111 -621
-1043 -580
-975 -531
-893 -487
-818 -442
-743 -394
-663 -347
-584 -299
-502 -250
-420 -200
-336 -150
-251 -99
-167 -48
-82 2
5 60
101 111
186 160
271 210
355 261
439 309
520 358
602 404
681 451
758 497
836 541
910 583
981 624
1050 669
1127 707
1190 744
1253 777
1308 809
1362 841
1415 871
1465 898
1509 922
1552 942
1586 963
1620 981
1651 995
1673 1011
1700 1019
1715 1028
1729 1033
1738 1036
1743 1036
1743 1033
1738 1028
1729 1022
1719 1011
1700 1000
1683 984
1656 968
1629 945
1589 925
1555 900
1514 874
1470 845
1422 814
1369 782
1315 748
1260 713
1200 673
1133 635
1067 594
1000 551
927 502
845 457
768 411
691 364
612 315
531 266
449 217
365 167
282 116
196 66
111 15
26 -36
-60 -91
-156 -140
-241 -190
-326 -239
-410 -287
-492 -335
-574 -381
-654 -427
-732 -471
-809 -516
-885 -557
-958 -598
-1026 -638
-1096 -681
-1169 -717
-1231 -750
-1289 -784
-1346 -814
-1398 -843
-1448 -871
-1496 -895
-1537 -917
-1574 -937
-1609 -954
-1639 -970
-1666 -983
-1689 -997
-1712 -1005
-1726 -1011
-1735 -1016
-1745 -1016
-1745 -1013
-1740 -1011
-1735 -1005
-1726 -997
-1712 -983
-1689 -970
-1666 -954
-1639 -937
-1609 -914
-1571 -893
-1533 -866
-1487 -840
-1444 -811
-1394 -779
-1339 -746
-1282 -712
-1224 -675
-1159 -638
-1096 -598
-1026 -557
-958 -516
-885 -465
-799 -420
-722 -374
-644 -328
-563 -280
-482 -232
-398 -184
-316 -135
-231 -85
-145 -36
-60 15
26 65
111 120
207 169
292 218
376 266
459 314
541 362
623 408
701 454
780 497
855 539
927 582
1000 621
1067 659
1133 701
1205 736
1266 768
1323 801
1377 830
1427 857
1473 883
1518 908
1560 927
1594 947
1629 963
1656 978
1683 990
1700 1000
1719 1009
1733 1011
1738 1014
1743 1014
1743 1011
1738 1005
1729 997
1715 987
1697 973
1673 961
1651 942
1620 922
1586 898
1543 874
1502 848
1458 821
1411 790
1359 756
1301 722
1243 688
1183 650
1118 611
1050 570
981 529
910 486
836 437
751 391
671 343
591 297
510 249
428 200
345 151
261 102
176 51
90 2
5 -48
-82 -97
-167 -153
-263 -202
-347 -251
-430 -299
-512 -345
-593 -393
-673 -439
-753 -482
-827 -526
-902 -568
-975 -608
-1043 -647
-1111 -685
-1176 -724
-1245 -758
-1303 -792
-1361 -823
-1413 -850
-1460 -876
-1504 -900
-1545 -922
-1583 -942
-1617 -960
-1649 -975
-1675 -989
-1699 -997
-1712 -1007
-1731 -1013
-1740 -1016
-1745 -1016
-1745 -1013
-1740 -1011
-1735 -1002
-1721 -994
-1707 -980
-1685 -968
-1662 -952
-1635 -932
-1600 -912
-1566 -885
-1520 -859
-1475 -832
-1429 -803
-1379 -770
-1325 -738
-1268 -703
-1207 -666
-1144 -628
-1078 -589
-1011 -547
-939 -504
-866 -460
-790 -410
-703 -364
-625 -316
-543 -268
-461 -220
-378 -171
-294 -122
-209 -72
-124 -23
-38 27
47 77
133 126
218 182
314 230
396 278
480 326
561 372
642 418
720 463
797 508
874 549
945 591
1017 631
1085 669
1152 705
1212 744
1280 777
1337 809
1392 838
1442 864
1485 891
1531 912
1569 932
1603 952
1637 968
1664 981
1687 992
1705 1000
1719 1009
1733 1011
1738 1014
1743 1014
1743 1009
1733 1003
1724 995
1710 984
1692 971
1669 956
1642 937
1611 917
1577 895
1538 869
1494 841
1446 812
1396 782
1344 748
1287 715
1229 679
1167 642
1103 601
1033 560
963 517
891 474
816 430
741 379
652 333
572 285
490 237
408 188
324 138
239 89
154 39
68 -10
-17 -60
-103 -108
-188 -156
-273 -210
-367 -256
-451 -304
-533 -350
-614 -396
-693 -439
-770 -483
-847 -526
-922 -565
-992 -604
-1060 -644
-1129 -679
-1192 -715
-1255 -750
-1317 -782
-1371 -811
-1424 -838
-1472 -864
-1516 -888
-1557 -907
-1591 -927
-1627 -942
-1653 -958
-1680 -970
-1702 -978
-1717 -986
-1731 -992
-1740 -994
-1745 -994
-1745 -992
-1740 -986
-1731 -978
-1717 -970
-1702 -958
-1680 -942
-1653 -927
-1627 -907
-1591 -888
-1557 -864
-1516 -836
-1467 -807
-1417 -777
-1364 -746
-1310 -715
-1255 -679
-1192 -644
-1129 -604
-1060 -565
-992 -526
-922 -483
-847 -439
-770 -396
-693 -345
-604 -297
-522 -251
-441 -203
-357 -156
-273 -108
-188 -58
-103 -10
-17 39
68 87
154 136
239 184
324 237
418 284
500 331
582 376
661 421
741 464
816 507
891 548
963 587
1033 628
1103 664
1167 700
1229 732
1287 768
1352 799
1403 828
1454 852
1497 876
1538 898
1577 917
1611 935
1642 950
1669 963
1692 973
1710 981
1724 987
1733 992
1743 992
1743 990
1738 987
1733 978
1719 971
1705 961
1687 947
1664 932
1637 912
1603 893
1569 871
1531 845
1485 816
1434 788
1384 756
1330 724
1273 690
1212 655
1152 618
1085 578
1017 538
945 497
874 454
797 410
720 365
642 314
551 266
469 220
386 172
302 123
218 75
133 27
47 -22
-38 -72
-124 -120
-209 -168
-294 -215
-378 -268
-471 -316
-553 -361
-633 -406
-712 -451
-790 -493
-866 -535
-939 -576
-1011 -614
-1078 -652
-1144 -688
-1207 -722
-1268 -755
-1325 -790
-1386 -818
-1436 -845
-1484 -871
-1528 -893
-1566 -912
-1600 -932
-1635 -947
-1662 -960
-1685 -973
-1707 -980
-1721 -989
-1735 -992
-1740 -994
-1745 -994
-1745 -992
-1740 -983
-1726 -975
-1712 -968
-1699 -954
-1675 -939
-1649 -922
-1617 -902
-1583 -881
-1545 -857
-1504 -832
-1460 -801
-1405 -770
-1354 -738
-1296 -705
-1238 -670
-1176 -633
-1111 -594
-1043 -556
-975 -514
-902 -471
-827 -429
-753 -384
-673 -338
-593 -286
-502 -239
-420 -192
-336 -144
-251 -96
-167 -46
-82 2
5 51
90 99
176 148
261 200
345 249
428 302
520 350
602 396
681 441
758 486
836 529
910 570
981 611
1050 650
1118 688
1183 722
1243 756
1301 790
1359 823
1415 852
1465 879
1509 903
1552 922
1586 942
1620 961
1651 973
1673 987
1697 997
1715 1005
1729 1011
1738 1014
1743 1014
1743 1011
1738 1005
1729 1000
1719 990
1700 978
1683 963
1656 947
1629 927
1594 908
1560 883
1518 857
1473 830
1427 797
1369 765
1315 732
1260 698
1200 659
1133 621
1067 582
1000 539
927 497
855 454
780 408
701 362
623 314
541 261
449 212
365 164
282 114
196 65
111 15
26 -36
-60 -85
-145 -135
-231 -184
-316 -232
-398 -280
-482 -335
-574 -381
-654 -427
-732 -471
-809 -516
-885 -557
-958 -598
-1026 -638
-1096 -675
-1159 -712
-1224 -746
-1282 -779
-1339 -811
-1394 -843
-1448 -871
-1496 -895
-1537 -917
-1574 -937
-1609 -954
-1639 -970
-1666 -983
-1689 -997
-1712 -1005
-1726 -1011
-1735 -1013
-1740 -1016
-1745 -1013
-1740 -1011
-1735 -1005
-1726 -997
-1712 -983
-1689 -970
-1666 -954
-1639 -937
-1609 -917
-1574 -895
-1537 -871
-1496 -843
-1448 -814
-1398 -779
-1339 -746
-1282 -712
-1224 -675
-1159 -638
-1096 -598
-1026 -557
-958 -516
-885 -471
-809 -427
-732 -381
-654 -335
-574 -287
-492 -232
-398 -184
-316 -135
-231 -85
-145 -36
-60 15
26 65
111 114
196 164
282 212
365 261
449 309
531 362
623 408
701 454
780 497
855 539
927 582
1000 621
1067 659
1133 698
1200 732
1260 765
1315 797
1369 828
1422 857
1473 883
1518 908
1560 927
1594 947
1629 963
1656 978
1683 990
1700 1000
1719 1005
1729 1011
1738 1014
1743 1014
1743 1011
1738 1005
1729 997
1715 987
1697 973
1673 961
1651 942
1620 922
1586 903
1552 879
1509 852
1465 823
1415 792
1362 756
1301 722
1243 688
1183 650
1118 611
1050 570
981 529
910 486
836 441
758 396
681 350
602 302
520 254
439 200
345 151
261 102
176 51
90 2
5 -48
-82 -97
-167 -147
-251 -196
-336 -244
-420 -292
-502 -340
-584 -393
-673 -439
-753 -482
-827 -526
-902 -568
-975 -608
-1043 -647
-1111 -685
-1176 -721
-1238 -755
-1296 -787
-1354 -818
-1405 -847
-1456 -876
-1504 -900
-1545 -922
-1583 -942
-1617 -960
-1649 -975
-1675 -989
-1699 -997
-1712 -1005
-1726 -1013
-1740 -1016
-1745 -1016
-1745 -1013
-1740 -1011
-1735 -1002
-1721 -994
-1707 -980
-1685 -968
-1662 -952
-1635 -932
-1600 -912
-1566 -890
-1528 -864
-1484 -836
-1436 -807
-1386 -775
-1332 -738
-1268 -703
-1207 -666
-1144 -628
-1078 -589
-1011 -547
-939 -504
-866 -460
-790 -415
-712 -369
-633 -323
-553 -275
-471 -226
-388 -171
-294 -122
-209 -72
-124 -23
-38 27
47 77
133 126
218 176
302 224
386 273
469 327
551 375
631 428
720 473
797 519
874 561
945 604
1017 645
1085 684
1152 720
1212 756
1273 790
1330 823
1384 852
1434 881
1482 910
1531 932
1569 952
1603 973
1637 990
1664 1003
1687 1014
1705 1022
1719 1031
1733 1033
1738 1036
1743 1036
1743 1033
1738 1024
1724 1017
1710 1005
1692 992
1669 976
1642 958
1611 937
1577 915
1538 891
1497 864
1454 834
1403 803
1352 768
1294 730
1229 693
1167 655
1103 614
1033 572
963 529
891 485
816 440
741 392
661 345
582 297
500 248
418 198
334 142
239 91
154 41
68 -10
-17 -62
-103 -113
-188 -162
-273 -212
-357 -263
-441 -311
-522 -360
-604 -406
-683 -459
-770 -504
-847 -548
-922 -589
-992 -632
-1060 -671
-1129 -709
-1192 -746
-1255 -779
-1310 -811
-1364 -843
-1417 -873
-1467 -900
-1511 -927
-1557 -947
-1591 -968
-1627 -983
-1653 -999
-1680 -1013
-1702 -1021
-1717 -1030
-1731 -1035
-1740 -1038
-1745 -1038
-1745 -1035
-1740 -1030
-1731 -1021
-1717 -1013
-1702 -999
-1680 -983
-1653 -968
-1627 -947
-1591 -927
-1557 -902
-1516 -876
-1472 -847
-1424 -816
-1371 -784
-1317 -750
-1262 -709
-1192 -671
-1129 -632
-1060 -589
-992 -548
-922 -504
-847 -459
-770 -413
-693 -366
-614 -317
-533 -268
-451 -219
-367 -169
-284 -113
-188 -62
-103 -10
-17 41
68 91
154 142
239 192
324 242
408 291
490 340
572 387
652 434
730 485
816 529
891 572
963 614
1033 655
1103 693
1167 730
1229 765
1287 799
1344 830
1396 859
1446 888
1494 912
1535 937
1577 958
1611 976
1642 992
1669 1005
1692 1017
1710 1024
1724 1031
1733 1036
1743 1036
1743 1033
1738 1031
1733 1024
1724 1014
1705 1003
1687 990
1664 973
1637 952
1603 932
1569 910
1531 883
1485 857
1442 828
1392 794
1337 761
1280 727
1222 684
1152 645
1085 604
1017 561
945 519
874 473
797 428
720 381
642 333
561 285
480 235
396 186
314 135
229 78
133 27
47 -24
-38 -74
-124 -125
-209 -175
-294 -225
-378 -275
-461 -323
-543 -372
-625 -418
-703 -465
-782 -516
-866 -559
-939 -601
-1011 -642
-1078 -681
-1144 -719
-1207 -755
-1268 -787
-1325 -820
-1379 -850
-1429 -878
-1475 -905
-1520 -929
-1562 -952
-1600 -973
-1635 -989
-1662 -1002
-1685 -1016
-1707 -1024
-1721 -1033
-1735 -1035
-1740 -1038
-1745 -1038
-1745 -1035
-1740 -1030
-1731 -1021
-1717 -1011
-1699 -997
-1675 -980
-1649 -963
-1617 -942
-1583 -919
-1545 -895
-1504 -868
-1460 -840
-1413 -809
-1361 -775
-1303 -741
-1245 -705
-1185 -661
-1111 -621
-1043 -580
-975 -536
-902 -492
-827 -448
-753 -401
-673 -353
-593 -305
-512 -256
-430 -207
-347 -157
-263 -106
-178 -48
-82 2
5 53
90 104
176 155
261 205
345 254
428 303
510 351
591 399
671 456
751 501
825 553
910 596
981 638
1050 679
1118 719
1183 754
1243 790
1301 825
1359 857
1411 886
1458 912
1502 937
1543 961
1581 984
1620 1003
1651 1017
1673 1031
1697 1041
1715 1050
1729 1056
1738 1058
1743 1058
1743 1056
1738 1053
1733 1045
1719 1036
1705 1022
1683 1005
1656 990
1629 968
1594 947
1560 922
1518 895
1473 866
1427 836
1377 803
1323 768
1266 732
1205 693
1142 648
1067 607
1000 563
927 519
855 473
780 425
701 377
623 328
541 278
459 228
376 177
292 126
207 73
122 15
26 -36
-60 -89
-145 -140
-231 -192
-316 -243
-398 -293
-482 -343
-563 -391
-644 -439
-722 -485
-799 -533
-876 -582
-958 -625
-1026 -666
-1096 -705
-1159 -744
-1224 -779
-1282 -814
-1339 -847
-1394 -878
-1444 -905
-1487 -932
-1533 -954
-1571 -975
-1605 -997
-1639 -1013
-1666 -1026
-1689 -1041
-1712 -1050
-1726 -1055
-1735 -1058
-1740 -1060
-1745 -1060
-1745 -1055
-1735 -1050
-1726 -1041
-1712 -1030
-1694 -1013
-1666 -997
-1639 -978
-1609 -958
-1574 -934
-1537 -910
-1496 -881
-1448 -850
-1398 -818
-1346 -784
-1289 -748
-1231 -711
-1169 -671
-1105 -625
-1026 -582
-958 -538
-885 -492
-809 -446
-732 -398
-654 -349
-574 -299
-492 -249
-410 -198
-326 -147
-241 -96
-156 -43
-70 15
26 67
111 119
196 171
282 222
365 272
449 322
531 372
612 420
691 467
768 514
845 558
920 607
1000 648
1067 688
1133 729
1200 765
1260 799
1315 831
1369 864
1422 893
1470 920
1514 945
1555 966
1589 987
1625 1005
1656 1022
1683 1033
1700 1045
1719 1050
1729 1056
1738 1058
1743 1058
1743 1056
1738 1050
1729 1041
1715 1033
1700 1019
1678 1003
1651 984
1620 963
1586 942
1552 917
1509 891
1465 859
1415 828
1362 794
1308 761
1253 722
1190 684
1127 643
1058 596
981 553
910 508
836 461
758 413
681 365
602 316
520 266
439 215
355 164
271 113
186 61
101 9
15 -50
-82 -102
-167 -153
-251 -205
-336 -256
-420 -305
-502 -355
-584 -403
-663 -451
-743 -497
-818 -543
-893 -587
-965 -635
-1043 -675
-1111 -715
-1176 -753
-1238 -787
-1296 -823
-1354 -854
-1405 -885
-1456 -912
-1499 -937
-1540 -960
-1579 -980
-1613 -999
-1644 -1019
-1675 -1033
-1699 -1041
-1712 -1050
-1726 -1058
-1740 -1060
-1745 -1060
-1745 -1058
-1740 -1055
-1735 -1047
-1721 -1038
-1707 -1026
-1689 -1013
-1666 -994
-1635 -973
-1600 -952
-1566 -929
-1528 -902
-1484 -873
-1436 -843
-1386 -809
-1332 -775
-1275 -738
-1214 -702
-1154 -661
-1087 -620
-1019 -571
-939 -526
-866 -480
-790 -434
-712 -385
-633 -336
-553 -287
-471 -236
-388 -185
-304 -134
-220 -82
-135 -31
-49 22
36 80
133 132
218 183
302 234
386 285
469 334
551 383
631 432
710 478
788 524
864 582
937 626
1009 673
1085 715
1152 753
1212 790
1273 825
1330 859
1384 891
1434 920
1482 947
1526 971
1564 992
1598 1014
1633 1031
1660 1048
1687 1058
1705 1067
1719 1076
1733 1079
1738 1082
1743 1082
1743 1079
1738 1070
1724 1062
1710 1053
1697 1039
1673 1022
1647 1000
1611 978
1577 956
1538 930
1497 903
1454 871
1403 838
1352 803
1294 767
1236 729
1174 688
1109 647
1041 604
973 553
891 507
816 459
741 410
661 360
582 310
500 259
418 207
334 155
249 102
165 49
80 -4
-7 -58
-92 -117
-188 -169
-273 -222
-357 -274
-441 -325
-522 -376
-604 -424
-683 -473
-760 -521
-838 -567
-912 -611
-983 -654
-1052 -702
-1129 -741
-1192 -779
-1255 -814
-1310 -847
-1364 -881
-1417 -912
-1467 -939
-1511 -965
-1554 -986
-1588 -1007
-1622 -1026
-1653 -1041
-1675 -1058
-1702 -1067
-1717 -1075
-1731 -1081
-1740 -1084
-1745 -1084
-1745 -1081
-1740 -1075
-1731 -1069
-1721 -1058
-1702 -1047
-1685 -1030
-1658 -1013
-1631 -989
-1591 -968
-1557 -942
-1516 -914
-1472 -885
-1424 -852
-1371 -818
-1317 -784
-1262 -746
-1202 -705
-1135 -664
-1069 -623
-1002 -577
-929 -526
-847 -480
-770 -431
-693 -382
-614 -331
-533 -280
-451 -229
-367 -176
-284 -123
-198 -70
-113 -17
-28 36
58 89
143 148
239 201
324 253
408 304
490 355
572 404
652 454
730 501
807 548
883 592
956 636
1024 679
1094 724
1167 763
1229 799
1287 834
1344 866
1396 898
1446 927
1494 952
1535 976
1572 997
1607 1017
1637 1033
1664 1048
1687 1062
1710 1070
1724 1076
1733 1082
1743 1082
1743 1079
1738 1076
1733 1070
1724 1062
1710 1048
1687 1033
1664 1017
1637 997
1607 973
1569 950
1531 922
1485 895
1442 864
1392 830
1337 794
1280 758
1222 719
1157 679
1094 636
1024 592
956 548
883 495
797 447
720 398
642 348
561 297
480 246
396 194
314 142
229 89
143 36
58 -17
-28 -70
-113 -123
-198 -183
-294 -235
-378 -287
-461 -337
-543 -388
-625 -437
-703 -485
-782 -533
-857 -577
-929 -623
-1002 -664
-1069 -705
-1135 -750
-1207 -787
-1268 -823
-1325 -857
-1379 -888
-1429 -917
-1475 -944
-1520 -970
-1562 -992
-1596 -1013
-1631 -1030
-1658 -1047
-1685 -1058
-1702 -1069
-1721 -1078
-1735 -1081
-1740 -1084
-1745 -1084
-1745 -1081
-1740 -1075
-1731 -1067
-1717 -1055
-1699 -1041
-1675 -1026
-1653 -1007
-1622 -986
-1588 -960
-1545 -934
-1504 -907
-1460 -878
-1413 -845
-1361 -809
-1303 -773
-1245 -736
-1185 -695
-1120 -654
-1052 -611
-983 -567
-912 -521
-838 -468
-753 -418
-673 -369
-593 -319
-512 -268
-430 -215
-347 -164
-263 -111
-178 -58
-92 -4
-7 49
80 102
165 155
249 213
345 266
428 317
510 367
591 416
671 466
751 512
825 558
900 604
973 647
1041 703
1109 744
1174 788
1243 825
1301 862
1359 895
1411 925
1458 952
1502 978
1543 1003
1581 1024
1615 1045
1647 1062
1673 1076
1697 1085
1710 1097
1729 1103
1738 1106
1743 1106
1743 1103
1738 1099
1733 1091
1719 1082
1705 1067
1683 1053
1660 1036
1633 1014
1598 992
1564 963
1518 935
1473 905
1427 874
1377 838
1323 803
1266 765
1205 724
1142 683
1076 640
1009 594
937 548
864 500
788 445
701 394
623 343
541 291
459 239
376 184
292 131
207 77
122 22
36 -31
-49 -86
-135 -140
-220 -193
-304 -253
-398 -306
-482 -358
-563 -408
-644 -459
-722 -507
-799 -556
-876 -601
-947 -647
-1019 -690
-1087 -732
-1154 -770
-1214 -814
-1282 -850
-1339 -885
-1394 -917
-1444 -944
-1487 -973
-1533 -997
-1571 -1019
-1605 -1041
-1639 -1058
-1666 -1072
-1689 -1084
-1707 -1093
-1721 -1101
-1735 -1105
-1740 -1108
-1745 -1108
-1745 -1101
-1735 -1096
-1726 -1087
-1712 -1075
-1694 -1060
-1671 -1043
-1644 -1024
-1613 -1002
-1579 -978
-1540 -949
-1496 -919
-1448 -888
-1398 -854
-1346 -818
-1289 -782
-1231 -743
-1169 -702
-1105 -657
-1035 -613
-965 -567
-893 -519
-818 -471
-743 -415
-654 -365
-574 -313
-492 -260
-410 -207
-326 -154
-241 -99
-156 -45
-70 9
15 63
101 118
186 171
271 225
355 284
449 336
531 388
612 439
691 488
768 536
845 583
920 628
990 671
1058 715
1127 754
1190 794
1253 834
1315 869
1369 903
1422 932
1470 961
1514 987
1555 1009
1589 1031
1625 1048
1651 1065
1678 1079
1700 1087
1715 1097
1729 1103
1738 1106
1743 1106
1743 1103
1738 1097
1729 1087
1715 1079
1700 1065
1678 1048
1651 1031
1625 1009
1589 987
1555 961
1514 930
1465 898
1415 864
1362 830
1308 794
1253 754
1190 715
1127 671
1058 628
990 583
920 536
845 488
768 439
691 382
602 330
520 278
439 225
355 171
271 118
186 63
101 9
15 -45
-70 -99
-156 -154
-241 -207
-326 -260
-410 -319
-502 -371
-584 -420
-663 -471
-743 -519
-818 -567
-893 -613
-965 -657
-1035 -702
-1105 -743
-1169 -782
-1231 -818
-1289 -859
-1354 -893
-1405 -924
-1456 -952
-1499 -978
-1540 -1002
-1579 -1024
-1613 -1043
-1644 -1060
-1671 -1075
-1694 -1087
-1712 -1096
-1726 -1101
-1735 -1108
-1745 -1108
-1745 -1105
-1740 -1101
-1735 -1093
-1721 -1084
-1707 -1072
-1689 -1058
-1666 -1041
-1639 -1019
-1605 -997
-1571 -973
-1533 -944
-1487 -912
-1436 -881
-1386 -845
-1332 -809
-1275 -770
-1214 -732
-1154 -690
-1087 -647
-1019 -601
-947 -556
-876 -507
-799 -459
-722 -408
-644 -352
-553 -299
-471 -246
-388 -193
-304 -140
-220 -86
-135 -31
-49 22
36 77
122 131
207 184
292 239
376 291
459 350
551 400
631 451
710 500
788 548
864 594
937 640
1009 683
1076 724
1142 765
1205 821
1266 857
1323 898
1384 930
1434 961
1482 990
1526 1014
1564 1036
1598 1058
1633 1076
1660 1091
1683 1106
1705 1115
1719 1123
1733 1127
1738 1130
1743 1130
1743 1127
1738 1118
1724 1109
1710 1099
1697 1085
1673 1067
1647 1048
1615 1024
1581 1000
1543 973
1502 945
1458 910
1403 876
1352 838
1294 801
1236 761
1174 719
1109 676
1041 631
973 583
900 534
825 486
751 435
671 383
591 324
500 271
418 217
334 162
249 106
165 51
80 -5
-7 -60
-92 -116
-178 -171
-263 -225
-347 -279
-430 -333
-512 -393
-604 -443
-683 -493
-760 -544
-838 -591
-912 -638
-983 -683
-1052 -726
-1120 -769
-1185 -807
-1245 -845
-1303 -883
-1361 -919
-1417 -952
-1467 -980
-1511 -1007
-1554 -1030
-1588 -1052
-1622 -1072
-1653 -1087
-1675 -1101
-1699 -1113
-1717 -1123
-1731 -1129
-1740 -1132
-1745 -1132
-1745 -1129
-1740 -1123
-1731 -1117
-1721 -1105
-1702 -1093
-1685 -1075
-1658 -1058
-1631 -1035
-1596 -1013
-1562 -986
-1520 -958
-1475 -927
-1429 -890
-1371 -854
-1317 -818
-1262 -779
-1202 -736
-1135 -693
-1069 -650
-1002 -603
-929 -556
-857 -507
-782 -456
-703 -405
-625 -352
-543 -292
-451 -239
-367 -184
-284 -130
-198 -74
-113 -19
-28 37
58 92
143 148
229 203
314 257
396 311
480 364
561 422
652 473
730 524
807 572
883 619
956 664
1024 709
1094 751
1157 792
1222 830
1280 866
1337 903
1392 937
1446 968
1494 995
1535 1019
1572 1041
1607 1062
1637 1079
1664 1094
1687 1109
1710 1118
1724 1123
1733 1127
1738 1130
1743 1127
1738 1123
1733 1118
1724 1109
1710 1094
1687 1079
1664 1062
1637 1041
1607 1019
1572 995
1535 968
1494 937
1446 905
1396 866
1337 830
1280 792
1222 751
1157 709
1094 664
1024 619
956 572
883 524
807 473
730 422
652 370
572 317
490 257
396 203
314 148
229 92
143 37
58 -19
-28 -74
-113 -130
-198 -184
-284 -239
-367 -292
-451 -345
-533 -398
-614 -456
-703 -507
-782 -556
-857 -603
-929 -650
-1002 -693
-1069 -736
-1135 -779
-1202 -818
-1262 -854
-1317 -890
-1371 -924
-1424 -958
-1475 -986
-1520 -1013
-1562 -1035
-1596 -1058
-1631 -1075
-1658 -1093
-1685 -1105
-1702 -1117
-1721 -1123
-1731 -1129
-1740 -1132
-1745 -1132
-1745 -1129
-1740 -1123
-1731 -1113
-1717 -1101
-1699 -1087
-1675 -1072
-1653 -1052
-1622 -1030
-1588 -1007
-1554 -980
-1511 -952
-1467 -919
-1417 -885
-1364 -845
-1303 -807
-1245 -769
-1185 -726
-1120 -683
-1052 -638
-983 -591
-912 -544
-838 -493
-760 -443
-683 -393
-604 -340
-522 -286
-441 -225
-347 -171
-263 -116
-178 -60
-92 -5
-7 51
80 106
165 162
249 217
334 271
418 324
500 377
582 428
661 486
751 534
825 583
900 631
973 676
1041 719
1109 761
1174 801
1236 838
1294 876
1352 930
1403 963
1454 995
1502 1022
1543 1048
1581 1070
1615 1091
1647 1109
1673 1123
1697 1133
1710 1142
1724 1152
1738 1154
1743 1154
1743 1152
1738 1149
1733 1139
1719 1130
1705 1115
1683 1099
1660 1082
1633 1058
1598 1036
1564 1011
1526 981
1482 950
1434 917
1384 881
1330 838
1266 799
1205 756
1142 713
1076 668
1009 621
937 572
864 522
788 471
710 418
631 365
551 311
469 256
386 193
292 137
207 80
122 24
36 -33
-49 -89
-135 -145
-220 -202
-304 -258
-388 -313
-471 -367
-553 -420
-633 -473
-712 -529
-799 -580
-876 -628
-947 -675
-1019 -721
-1087 -765
-1154 -805
-1214 -845
-1275 -883
-1332 -919
-1386 -952
-1436 -983
-1484 -1016
-1533 -1041
-1571 -1064
-1605 -1087
-1639 -1105
-1666 -1120
-1689 -1132
-1707 -1141
-1721 -1151
-1735 -1154
-1740 -1156
-1745 -1156
-1745 -1154
-1740 -1144
-1726 -1135
-1712 -1123
-1694 -1108
-1671 -1089
-1644 -1069
-1613 -1047
-1579 -1021
-1540 -994
-1499 -965
-1456 -932
-1405 -897
-1354 -859
-1296 -816
-1231 -775
-1169 -732
-1105 -686
-1035 -640
-965 -591
-893 -543
-818 -492
-743 -439
-663 -387
-584 -333
-502 -278
-420 -224
-336 -160
-241 -104
-156 -47
-70 10
15 66
101 123
186 179
271 235
355 290
439 345
520 399
602 451
681 502
758 560
845 609
920 655
990 701
1058 746
1127 788
1190 830
1253 866
1308 903
1362 937
1415 971
1465 1000
1509 1031
1555 1053
1589 1076
1625 1094
1651 1111
1678 1127
1700 1136
1715 1145
1729 1152
1738 1154
1743 1154
1743 1152
1738 1145
1729 1136
1715 1127
1700 1111
1678 1094
1651 1076
1625 1053
1589 1031
1555 1003
1514 973
1470 942
1422 908
1369 871
1315 834
1260 788
1190 746
1127 701
1058 655
990 609
920 560
845 509
768 458
691 406
612 351
531 297
449 242
365 186
282 123
186 66
101 10
15 -47
-70 -104
-156 -160
-241 -216
-326 -272
-410 -326
-492 -381
-574 -434
-654 -485
-732 -536
-809 -591
-893 -640
-965 -686
-1035 -732
-1105 -775
-1169 -816
-1231 -854
-1289 -893
-1346 -927
-1398 -960
-1448 -992
-1496 -1019
-1537 -1047
-1579 -1069
-1613 -1089
-1644 -1108
-1671 -1123
-1694 -1135
-1712 -1144
-1726 -1151
-1735 -1156
-1745 -1156
-1745 -1154
-1740 -1151
-1735 -1144
-1726 -1132
-1707 -1120
-1689 -1105
-1666 -1087
-1639 -1064
-1605 -1041
-1571 -1016
-1533 -986
-1487 -958
-1444 -924
-1394 -888
-1339 -850
-1282 -811
-1224 -765
-1154 -721
-1087 -675
-1019 -628
-947 -580
-876 -529
-799 -480
-722 -427
-644 -374
-563 -319
-482 -265
-398 -209
-316 -153
-231 -89
-135 -33
-49 24
36 80
122 137
207 193
292 249
376 304
459 358
541 412
623 464
701 516
780 566
855 621
937 668
1009 713
1076 756
1142 799
1205 838
1266 876
1323 912
1377 945
1427 976
1473 1028
1518 1056
1560 1082
1598 1106
1633 1123
1660 1139
1683 1154
1705 1164
1719 1174
1733 1176
1738 1180
1743 1180
1743 1176
1738 1171
1729 1161
1715 1149
1697 1133
1673 1115
1647 1094
1615 1070
1581 1045
1543 1017
1502 987
1458 956
1411 920
1359 881
1301 841
1243 801
1183 751
1109 705
1041 659
973 609
900 558
825 508
751 454
671 400
591 345
510 290
428 233
345 176
261 119
176 53
80 -5
-7 -63
-92 -121
-178 -178
-263 -235
-347 -292
-430 -347
-512 -402
-593 -456
-673 -510
-753 -560
-827 -611
-902 -666
-983 -712
-1052 -758
-1120 -803
-1185 -843
-1245 -883
-1303 -922
-1361 -958
-1413 -989
-1460 -1019
-1504 -1047
-1545 -1072
-1583 -1099
-1622 -1120
-1653 -1135
-1675 -1151
-1699 -1163
-1717 -1173
-1731 -1178
-1740 -1182
-1745 -1182
-1745 -1178
-1740 -1176
-1735 -1166
-1721 -1156
-1707 -1141
-1685 -1123
-1658 -1105
-1631 -1081
-1596 -1058
-1562 -1030
-1520 -999
-1475 -968
-1429 -934
-1379 -897
-1325 -859
-1268 -818
-1207 -775
-1144 -724
-1069 -679
-1002 -630
-929 -580
-857 -529
-782 -476
-703 -423
-625 -367
-543 -313
-461 -256
-378 -200
-294 -142
-209 -84
-124 -19
-28 39
58 97
143 155
229 212
314 268
396 324
480 380
561 434
642 488
720 539
797 591
874 640
945 693
1024 741
1094 784
1157 828
1222 866
1280 905
1337 942
1392 976
1442 1005
1485 1036
1531 1062
1569 1085
1603 1109
1637 1127
1664 1142
1687 1157
1710 1167
1724 1174
1733 1176
1738 1180
1743 1180
1743 1174
1733 1167
1724 1157
1710 1145
1692 1127
1664 1109
1637 1087
1607 1065
1572 1039
1535 1011
1494 978
1446 945
1396 910
1344 871
1287 831
1229 790
1167 746
1103 693
1024 647
956 597
883 546
807 495
730 441
652 387
572 331
490 276
408 219
324 162
239 104
154 46
68 -19
-28 -77
-113 -135
-198 -193
-284 -249
-367 -305
-451 -361
-533 -417
-614 -470
-693 -522
-770 -574
-847 -625
-922 -671
-992 -724
-1069 -769
-1135 -814
-1202 -854
-1262 -893
-1317 -929
-1371 -965
-1424 -997
-1472 -1026
-1516 -1055
-1557 -1078
-1591 -1101
-1627 -1123
-1658 -1141
-1685 -1154
-1702 -1166
-1721 -1173
-1731 -1178
-1740 -1182
-1745 -1182
-1745 -1178
-1740 -1173
-1731 -1163
-1717 -1154
-1702 -1138
-1680 -1120
-1653 -1099
-1622 -1075
-1588 -1052
-1554 -1024
-1511 -994
-1467 -960
-1417 -924
-1364 -888
-1310 -850
-1255 -807
-1192 -765
-1129 -719
-1060 -666
-983 -618
-912 -568
-838 -516
-760 -463
-683 -410
-604 -354
-522 -299
-441 -242
-357 -185
-273 -128
-188 -70
-103 -12
-17 53
80 111
165 169
249 227
334 283
418 338
500 394
582 447
661 501
741 553
816 602
891 652
963 700
1033 751
1109 794
1174 836
1236 876
1294 915
1352 950
1403 984
1454 1014
1497 1041
1538 1067
1577 1115
1611 1136
1642 1157
1673 1174
1697 1183
1710 1193
1724 1202
1738 1205
1743 1205
1743 1202
1738 1200
1733 1190
1719 1180
1705 1167
1687 1152
1664 1130
1633 1106
1598 1082
1564 1056
1526 1024
1482 992
1434 958
1384 920
1330 881
1273 838
1212 797
1152 751
1085 703
1017 648
937 597
864 545
788 491
710 437
631 381
551 324
469 266
386 208
302 150
218 92
133 32
47 -27
-38 -94
-135 -152
-220 -210
-304 -268
-388 -326
-471 -383
-553 -439
-633 -493
-712 -547
-790 -599
-866 -650
-939 -700
-1011 -746
-1078 -799
-1154 -840
-1214 -883
-1275 -922
-1332 -960
-1386 -994
-1436 -1026
-1484 -1058
-1528 -1084
-1566 -1108
-1600 -1132
-1635 -1151
-1662 -1169
-1689 -1182
-1707 -1192
-1721 -1202
-1735 -1204
-1740 -1207
-1745 -1207
-1745 -1204
-1740 -1195
-1726 -1185
-1712 -1176
-1699 -1159
-1675 -1141
-1649 -1117
-1613 -1093
-1579 -1067
-1540 -1038
-1499 -1007
-1456 -973
-1405 -937
-1354 -897
-1296 -857
-1238 -814
-1176 -769
-1111 -722
-1043 -675
-975 -618
-893 -567
-818 -514
-743 -459
-663 -404
-584 -347
-502 -290
-420 -233
-336 -174
-251 -116
-167 -57
-82 3
5 62
90 128
186 187
271 245
355 303
439 360
520 416
602 471
681 524
758 578
836 630
910 679
981 727
1050 773
1118 823
1190 866
1253 905
1308 942
1362 978
1415 1014
1465 1045
1509 1073
1552 1097
1586 1121
1620 1142
1651 1157
1673 1176
1700 1186
1715 1196
1729 1202
1738 1205
1743 1205
1743 1202
1738 1196
1729 1190
1719 1176
1700 1164
1683 1145
1656 1127
1629 1099
1589 1076
1555 1048
1514 1017
1470 984
1422 947
1369 910
1315 871
1260 830
1200 784
1133 739
1067 691
1000 642
927 585
845 532
768 478
691 423
612 367
531 310
449 253
365 195
282 136
196 77
111 17
26 -41
-60 -101
-145 -167
-241 -226
-326 -284
-410 -341
-492 -398
-574 -453
-654 -507
-732 -560
-809 -613
-885 -663
-958 -711
-1026 -758
-1096 -803
-1159 -852
-1231 -893
-1289 -932
-1346 -968
-1398 -1002
-1448 -1035
-1496 -1064
-1537 -1089
-1574 -1113
-1609 -1135
-1639 -1154
-1666 -1169
-1689 -1185
-1712 -1195
-1726 -1202
-1735 -1207
-1745 -1207
-1745 -1204
-1740 -1202
-1735 -1195
-1726 -1185
-1712 -1169
-1689 -1154
-1666 -1135
-1639 -1113
-1609 -1087
-1571 -1060
-1533 -1030
-1487 -999
-1444 -965
-1394 -927
-1339 -888
-1282 -847
-1224 -803
-1159 -758
-1096 -711
-1026 -663
-958 -613
-885 -553
-799 -500
-722 -446
-644 -390
-563 -333
-482 -276
-398 -219
-316 -160
-231 -101
-145 -41
-60 17
26 77
111 136
196 201
292 259
376 317
459 374
541 430
623 485
701 539
780 591
855 642
927 691
1000 739
1067 784
1133 830
1200 876
1266 915
1323 952
1377 987
1427 1019
1473 1050
1518 1079
1560 1103
1594 1127
1629 1145
1656 1190
1683 1202
1700 1215
1719 1225
1733 1229
1738 1232
1743 1232
1743 1229
1738 1222
1729 1212
1715 1200
1697 1183
1673 1167
1651 1145
1620 1121
1586 1091
1543 1062
1502 1031
1458 997
1411 961
1359 920
1301 879
1243 836
1183 790
1118 742
1050 693
981 643
910 591
836 531
751 474
671 418
591 360
510 302
428 244
345 184
261 124
176 63
90 3
5 -58
-82 -118
-167 -178
-251 -246
-347 -304
-430 -362
-512 -420
-593 -476
-673 -533
-753 -585
-827 -638
-902 -690
-975 -738
-1043 -786
-1111 -832
-1176 -876
-1238 -922
-1303 -963
-1361 -999
-1413 -1033
-1460 -1064
-1504 -1093
-1545 -1120
-1583 -1144
-1617 -1166
-1649 -1185
-1675 -1202
-1699 -1211
-1712 -1224
-1731 -1231
-1740 -1234
-1745 -1234
-1745 -1231
-1740 -1227
-1735 -1217
-1721 -1207
-1707 -1192
-1685 -1176
-1662 -1156
-1635 -1132
-1600 -1108
-1566 -1075
-1520 -1043
-1475 -1011
-1429 -975
-1379 -937
-1325 -897
-1268 -854
-1207 -809
-1144 -763
-1078 -715
-1011 -664
-939 -613
-866 -559
-790 -497
-703 -442
-625 -384
-543 -326
-461 -268
-378 -208
-294 -148
-209 -88
-124 -27
-38 33
47 94
133 154
218 213
302 280
396 339
480 396
561 454
642 509
720 563
797 618
874 668
945 719
1017 767
1085 814
1152 857
1212 900
1273 945
1337 984
1392 1019
1442 1050
1485 1082
1531 1109
1569 1133
1603 1157
1637 1176
1664 1193
1687 1205
1705 1215
1719 1225
1733 1229
1738 1232
1743 1232
1743 1225
1733 1219
1724 1209
1710 1196
1692 1180
1669 1161
1642 1139
1611 1115
1577 1087
1538 1056
1494 1022
1446 987
1396 950
1344 910
1287 869
1229 825
1167 780
1103 730
1033 681
963 630
891 577
816 524
741 461
652 404
572 346
490 288
408 229
324 169
239 109
154 48
68 -12
-17 -73
-103 -133
-188 -193
-273 -253
-357 -319
-451 -377
-533 -434
-614 -490
-693 -545
-770 -599
-847 -652
-922 -702
-992 -750
-1060 -799
-1129 -843
-1192 -888
-1255 -927
-1310 -970
-1371 -1007
-1424 -1041
-1472 -1072
-1516 -1101
-1557 -1125
-1591 -1151
-1627 -1169
-1653 -1188
-1680 -1204
-1702 -1214
-1717 -1224
-1731 -1231
-1740 -1234
-1745 -1234
-1745 -1231
-1740 -1224
-1731 -1214
-1717 -1204
-1702 -1188
-1680 -1169
-1653 -1151
-1627 -1125
-1591 -1101
-1557 -1072
-1516 -1038
-1467 -1002
-1417 -965
-1364 -927
-1310 -888
-1255 -843
-1192 -799
-1129 -750
-1060 -702
-992 -652
-922 -599
-847 -545
-770 -490
-693 -427
-604 -369
-522 -312
-441 -253
-357 -193
-273 -133
-188 -73
-103 -12
-17 48
68 109
154 169
239 229
324 288
408 353
500 411
582 467
661 524
741 577
816 630
891 681
963 730
1033 780
1103 825
1167 869
1229 910
1287 950
1344 992
1403 1028
1454 1058
1497 1087
1538 1115
1577 1139
1611 1161
1642 1180
1669 1196
1692 1209
1710 1246
1724 1253
1733 1260
1743 1260
1743 1256
1738 1253
1733 1243
1719 1232
1705 1219
1687 1202
1664 1183
1637 1157
1603 1133
1569 1106
1531 1073
1485 1036
1434 1000
1384 961
1330 920
1273 876
1212 831
1152 784
1085 734
1017 683
945 631
874 575
797 520
720 463
642 398
551 339
469 278
386 218
302 157
218 95
133 34
47 -28
-38 -90
-124 -152
-209 -212
-294 -273
-378 -333
-461 -400
-553 -458
-633 -516
-712 -571
-790 -626
-866 -679
-939 -731
-1011 -779
-1078 -827
-1144 -873
-1207 -917
-1268 -958
-1325 -997
-1379 -1038
-1436 -1072
-1484 -1105
-1528 -1132
-1566 -1156
-1600 -1182
-1635 -1202
-1662 -1217
-1685 -1234
-1707 -1245
-1721 -1255
-1735 -1258
-1740 -1262
-1745 -1262
-1745 -1258
-1740 -1248
-1726 -1238
-1712 -1227
-1699 -1211
-1675 -1192
-1649 -1169
-1617 -1144
-1583 -1117
-1545 -1087
-1504 -1055
-1460 -1016
-1405 -978
-1354 -937
-1296 -895
-1238 -850
-1176 -803
-1111 -755
-1043 -705
-975 -652
-902 -598
-827 -544
-753 -487
-673 -429
-593 -362
-502 -304
-420 -243
-336 -181
-251 -121
-167 -59
-82 3
5 65
90 126
176 188
261 249
345 309
428 369
510 435
602 491
681 548
758 604
836 657
910 709
981 758
1050 807
1118 855
1183 898
1243 940
1301 981
1359 1019
1411 1058
1465 1091
1509 1121
1552 1145
1586 1171
1620 1193
1651 1209
1673 1225
1697 1239
1715 1249
1729 1256
1738 1260
1743 1260
1743 1256
1738 1249
1729 1243
1719 1229
1700 1215
1683 1196
1656 1176
1629 1152
1594 1127
1560 1097
1518 1065
1473 1031
1427 990
1369 950
1315 910
1260 866
1200 818
1133 771
1067 722
1000 669
927 618
855 563
780 507
701 449
623 391
541 324
449 264
365 203
282 142
196 80
111 19
26 -43
-60 -106
-145 -167
-231 -229
-316 -289
-398 -348
-482 -408
-563 -473
-654 -529
-732 -585
-809 -640
-885 -692
-958 -743
-1026 -792
-1096 -838
-1159 -885
-1224 -927
-1282 -968
-1339 -1007
-1394 -1043
-1444 -1081
-1496 -1111
-1537 -1138
-1574 -1163
-1609 -1185
-1639 -1204
-1666 -1221
-1689 -1238
-1712 -1248
-1726 -1255
-1735 -1258
-1740 -1262
-1745 -1258
-1740 -1255
-1735 -1248
-1726 -1238
-1712 -1221
-1689 -1204
-1666 -1185
-1639 -1163
-1609 -1138
-1574 -1111
-1537 -1081
-1496 -1047
-1448 -1011
-1398 -968
-1339 -927
-1282 -885
-1224 -838
-1159 -792
-1096 -743
-1026 -692
-958 -640
-885 -585
-809 -529
-732 -473
-654 -415
-574 -356
-492 -289
-398 -229
-316 -167
-231 -106
-145 -43
-60 19
26 80
111 142
196 203
282 264
365 324
449 383
531 442
612 507
701 563
780 618
855 669
927 722
1000 771
1067 818
1133 866
1200 910
1260 950
1315 990
1369 1028
1422 1062
1470 1097
1518 1127
1560 1152
1594 1176
1629 1196
1656 1215
1683 1229
1700 1243
1719 1249
1729 1256
1738 1287
1743 1287
1743 1284
1738 1277
1729 1266
1715 1253
1697 1236
1673 1219
1651 1196
1620 1171
1586 1145
1552 1115
1509 1082
1465 1045
1415 1005
1362 961
1301 917
1243 874
1183 825
1118 775
1050 724
981 671
910 618
836 560
758 502
681 445
602 384
520 324
439 254
345 192
261 129
176 66
90 3
5 -60
-82 -123
-167 -186
-251 -249
-336 -311
-420 -371
-502 -431
-584 -490
-663 -556
-753 -611
-827 -666
-902 -721
-975 -770
-1043 -820
-1111 -868
-1176 -914
-1238 -958
-1296 -999
-1354 -1038
-1405 -1075
-1456 -1108
-1499 -1141
-1545 -1169
-1583 -1195
-1617 -1217
-1649 -1238
-1675 -1255
-1699 -1265
-1712 -1275
-1726 -1286
-1740 -1289
-1745 -1289
-1745 -1286
-1740 -1282
-1735 -1272
-1721 -1262
-1707 -1245
-1685 -1227
-1662 -1207
-1635 -1182
-1600 -1156
-1566 -1129
-1528 -1096
-1484 -1060
-1436 -1024
-1386 -983
-1332 -937
-1268 -893
-1207 -845
-1144 -796
-1078 -746
-1011 -693
-939 -640
-866 -584
-790 -526
-712 -468
-633 -408
-553 -348
-471 -287
-388 -217
-294 -155
-209 -92
-124 -29
-38 34
47 97
133 160
218 223
302 285
386 346
469 406
551 466
631 524
710 587
797 645
874 698
945 751
1017 801
1085 850
1152 895
1212 940
1273 981
1330 1022
1384 1058
1434 1094
1482 1127
1526 1157
1569 1183
1603 1209
1637 1229
1664 1246
1687 1260
1705 1270
1719 1280
1733 1284
1738 1287
1743 1287
1743 1284
1738 1273
1724 1263
1710 1249
1692 1232
1669 1212
1642 1190
1611 1164
1577 1136
1538 1106
1497 1073
1454 1036
1403 997
1352 956
1294 908
1229 862
1167 814
1103 763
1033 710
963 657
891 602
816 546
741 488
661 429
582 369
500 309
418 247
334 176
239 114
154 51
68 -12
-17 -76
-103 -139
-188 -202
-273 -263
-357 -326
-441 -386
-522 -447
-604 -504
-683 -562
-760 -626
-847 -681
-922 -732
-992 -784
-1060 -833
-1129 -881
-1192 -927
-1255 -968
-1310 -1007
-1364 -1047
-1417 -1084
-1467 -1117
-1511 -1147
-1554 -1176
-1591 -1202
-1627 -1221
-1653 -1241
-1680 -1258
-1702 -1268
-1717 -1279
-1731 -1286
-1740 -1289
-1745 -1289
-1745 -1286
-1740 -1279
-1731 -1268
-1717 -1258
-1702 -1241
-1680 -1221
-1653 -1202
-1627 -1176
-1591 -1151
-1557 -1120
-1516 -1087
-1472 -1052
-1424 -1013
-1371 -973
-1317 -932
-1262 -881
-1192 -833
-1129 -784
-1060 -732
-992 -681
-922 -626
-847 -570
-770 -512
-693 -454
-614 -393
-533 -333
-451 -272
-367 -210
-284 -139
-188 -76
-103 -12
-17 51
68 114
154 176
239 239
324 300
408 362
490 422
572 481
652 539
730 596
807 657
891 710
963 763
1033 814
1103 862
1167 908
1229 950
1287 992
1344 1031
1396 1067
1446 1103
1494 1133
1535 1161
1572 1190
1611 1212
1642 1232
1669 1249
1692 1263
1710 1273
1724 1280
1733 1287
1743 1287
1743 1284
1738 1308
1733 1301
1724 1287
1705 1273
1687 1256
1664 1236
1637 1209
1603 1183
1569 1154
1531 1121
1485 1087
1442 1050
1392 1009
1337 966
1280 922
1222 869
1152 818
1085 767
1017 713
945 659
874 601
797 543
720 483
642 423
561 362
480 299
396 236
314 172
229 100
133 36
47 -29
-38 -94
-124 -159
-209 -222
-294 -285
-378 -348
-461 -410
-543 -471
-625 -531
-703 -589
-782 -647
-857 -709
-939 -763
-1011 -814
-1078 -864
-1144 -912
-1207 -958
-1268 -999
-1325 -1041
-1379 -1078
-1429 -1113
-1475 -1147
-1520 -1178
-1562 -1204
-1596 -1234
-1635 -1255
-1662 -1272
-1685 -1289
-1707 -1299
-1721 -1310
-1735 -1313
-1740 -1317
-1745 -1317
-1745 -1313
-1740 -1306
-1731 -1296
-1717 -1282
-1699 -1265
-1675 -1245
-1649 -1221
-1617 -1195
-1583 -1166
-1545 -1135
-1504 -1101
-1460 -1067
-1413 -1026
-1361 -983
-1303 -939
-1245 -895
-1185 -838
-1111 -787
-1043 -736
-975 -681
-902 -625
-827 -568
-753 -509
-673 -448
-593 -387
-512 -325
-430 -261
-347 -198
-263 -135
-178 -62
-82 3
5 68
90 133
176 196
261 259
345 323
428 385
510 446
591 507
671 566
751 623
825 679
900 741
981 792
1050 843
1118 893
1183 937
1243 981
1301 1024
1359 1065
1411 1099
1458 1133
1502 1164
1543 1193
1581 1219
1615 1246
1651 1263
1673 1280
1697 1294
1715 1304
1729 1311
1738 1315
1743 1315
1743 1311
1738 1308
1733 1297
1719 1287
1705 1270
1683 1249
1656 1229
1629 1202
1594 1176
1560 1145
1518 1111
1473 1076
1427 1039
1377 997
1323 956
1266 910
1205 862
1142 805
1067 754
1000 700
927 645
855 587
780 529
701 469
623 408
541 346
459 283
376 220
292 157
207 92
122 19
26 -45
-60 -110
-145 -174
-231 -238
-316 -301
-398 -364
-482 -425
-563 -485
-644 -545
-722 -603
-799 -661
-876 -715
-947 -775
-1026 -827
-1096 -876
-1159 -924
-1224 -968
-1282 -1011
-1339 -1052
-1394 -1089
-1444 -1123
-1487 -1156
-1533 -1185
-1571 -1211
-1605 -1238
-1639 -1258
-1666 -1275
-1689 -1292
-1712 -1303
-1726 -1310
-1735 -1313
-1740 -1317
-1745 -1317
-1745 -1310
-1735 -1303
-1726 -1292
-1712 -1279
-1694 -1258
-1666 -1238
-1639 -1214
-1609 -1188
-1574 -1159
-1537 -1129
-1496 -1093
-1448 -1055
-1398 -1016
-1346 -973
-1289 -929
-1231 -883
-1169 -833
-1105 -775
-1026 -722
-958 -668
-885 -611
-809 -553
-732 -493
-654 -434
-574 -372
-492 -309
-410 -246
-326 -183
-241 -118
-156 -53
-70 19
26 84
111 148
196 212
282 276
365 338
449 400
531 462
612 522
691 580
768 638
845 693
920 746
990 805
1067 855
1133 905
1200 950
1260 992
1315 1033
1369 1073
1422 1109
1470 1142
1514 1174
1555 1200
1589 1225
1625 1246
1651 1270
1683 1284
1700 1297
1719 1304
1729 1311
1738 1315
1743 1315
1743 1311
1738 1304
1729 1294
1715 1311
1700 1294
1678 1273
1651 1249
1620 1222
1586 1196
1552 1164
1509 1130
1465 1091
1415 1050
1362 1009
1308 966
1253 917
1190 869
1127 816
1058 756
981 701
910 645
836 585
758 524
681 464
602 401
520 338
439 273
355 208
271 143
186 77
101 12
15 -63
-82 -128
-167 -194
-251 -260
-336 -324
-420 -387
-502 -451
-584 -511
-663 -572
-743 -632
-818 -688
-893 -744
-965 -799
-1035 -857
-1111 -907
-1176 -954
-1238 -999
-1296 -1043
-1354 -1084
-1405 -1123
-1456 -1156
-1499 -1188
-1540 -1217
-1579 -1245
-1613 -1268
-1644 -1289
-1671 -1310
-1699 -1320
-1712 -1332
-1726 -1342
-1740 -1346
-1745 -1346
-1745 -1342
-1740 -1339
-1735 -1328
-1721 -1317
-1707 -1303
-1689 -1286
-1666 -1262
-1635 -1234
-1600 -1207
-1566 -1178
-1528 -1144
-1484 -1108
-1436 -1069
-1386 -1026
-1332 -983
-1275 -937
-1214 -890
-1154 -838
-1087 -786
-1019 -724
-939 -668
-866 -609
-790 -550
-712 -488
-633 -427
-553 -364
-471 -299
-388 -235
-304 -169
-220 -104
-135 -38
-49 27
36 102
133 167
218 233
302 297
386 362
469 425
551 486
631 548
710 607
788 666
864 722
937 777
1009 830
1076 888
1152 935
1212 981
1273 1024
1330 1067
1384 1106
1434 1142
1482 1176
1526 1205
1564 1232
1598 1260
1633 1280
1660 1297
1683 1315
1705 1326
1719 1337
1733 1340
1738 1344
1743 1344
1743 1340
1738 1330
1724 1318
1710 1308
1697 1290
1673 1270
1647 1243
1611 1215
1577 1186
1538 1154
1497 1121
1454 1082
1403 1041
1352 997
1294 952
1236 905
1174 855
1109 803
1041 751
973 686
891 630
816 570
741 509
661 449
582 385
500 322
418 258
334 192
249 126
165 61
80 -5
-7 -72
-92 -145
-188 -210
-273 -275
-357 -340
-441 -403
-522 -466
-604 -526
-683 -587
-760 -647
-838 -703
-912 -758
-983 -811
-1052 -864
-1120 -919
-1192 -968
-1255 -1011
-1310 -1052
-1364 -1093
-1417 -1132
-1467 -1166
-1511 -1198
-1554 -1224
-1588 -1251
-1622 -1275
-1653 -1292
-1675 -1310
-1699 -1325
-1717 -1335
-1731 -1342
-1740 -1346
-1745 -1346
-1745 -1342
-1740 -1335
-1731 -1328
-1721 -1313
-1702 -1299
-1685 -1279
-1658 -1258
-1631 -1227
-1591 -1202
-1557 -1169
-1516 -1135
-1472 -1099
-1424 -1058
-1371 -1016
-1317 -973
-1262 -927
-1202 -876
-1135 -825
-1069 -773
-1002 -717
-929 -654
-847 -594
-770 -535
-693 -474
-614 -410
-533 -347
-451 -284
-367 -219
-284 -154
-198 -87
-113 -22
-28 44
58 111
143 184
239 249
324 314
408 377
490 441
572 502
652 563
730 623
807 681
883 736
956 790
1024 843
1094 893
1157 947
1229 992
1287 1036
1344 1076
1396 1115
1446 1152
1494 1183
1535 1212
1572 1239
1607 1263
1637 1284
1664 1301
1687 1318
1710 1330
1724 1337
1733 1344
1743 1344
1743 1340
1738 1337
1733 1330
1724 1318
1710 1301
1687 1284
1664 1290
1637 1266
1607 1236
1569 1205
1531 1171
1485 1136
1442 1097
1392 1053
1337 1009
1280 963
1222 912
1157 862
1094 807
1024 753
956 695
883 628
797 568
720 505
642 442
561 377
480 312
396 247
314 179
229 113
143 46
58 -22
-28 -89
-113 -157
-198 -232
-294 -297
-378 -364
-461 -427
-543 -492
-625 -555
-703 -616
-782 -675
-857 -732
-929 -790
-1002 -843
-1069 -895
-1135 -947
-1202 -999
-1268 -1043
-1325 -1087
-1379 -1125
-1429 -1163
-1475 -1198
-1520 -1231
-1562 -1258
-1596 -1286
-1631 -1306
-1658 -1328
-1685 -1342
-1702 -1357
-1721 -1368
-1735 -1371
-1740 -1375
-1745 -1375
-1745 -1371
-1740 -1364
-1731 -1354
-1717 -1339
-1699 -1320
-1675 -1303
-1653 -1279
-1622 -1251
-1588 -1217
-1545 -1185
-1504 -1151
-1460 -1113
-1413 -1072
-1361 -1026
-1303 -980
-1245 -934
-1185 -883
-1120 -830
-1052 -775
-983 -719
-912 -661
-838 -593
-753 -531
-673 -468
-593 -404
-512 -340
-430 -273
-347 -207
-263 -140
-178 -72
-92 -5
-7 63
80 130
165 196
249 271
345 338
428 402
510 466
591 529
671 591
751 650
825 709
900 767
973 821
1041 874
1109 925
1174 973
1236 1024
1301 1070
1359 1111
1411 1149
1458 1183
1502 1215
1543 1246
1581 1273
1615 1297
1647 1318
1673 1337
1697 1347
1710 1359
1724 1369
1738 1373
1743 1373
1743 1369
1738 1366
1733 1355
1719 1344
1705 1326
1683 1308
1660 1287
1633 1260
1598 1232
1564 1196
1518 1161
1473 1123
1427 1085
1377 1041
1323 997
1266 950
1205 900
1142 848
1076 794
1009 739
937 681
864 621
788 553
701 490
623 425
541 362
459 295
376 230
292 163
207 96
122 29
36 -39
-49 -106
-135 -173
-220 -241
-304 -314
-398 -379
-482 -444
-563 -507
-644 -570
-722 -630
-799 -690
-876 -746
-947 -803
-1019 -857
-1087 -910
-1154 -958
-1214 -1005
-1275 -1055
-1339 -1099
-1394 -1138
-1444 -1173
-1487 -1207
-1533 -1238
-1571 -1265
-1605 -1292
-1639 -1313
-1666 -1332
-1689 -1346
-1707 -1357
-1721 -1368
-1735 -1371
-1740 -1375
-1745 -1375
-1745 -1368
-1735 -1361
-1726 -1349
-1712 -1335
-1694 -1317
-1671 -1296
-1644 -1272
-1613 -1245
-1579 -1214
-1540 -1178
-1496 -1141
-1448 -1101
-1398 -1060
-1346 -1016
-1289 -970
-1231 -922
-1169 -871
-1105 -816
-1035 -760
-965 -703
-893 -645
-818 -585
-743 -516
-654 -453
-574 -388
-492 -323
-410 -256
-326 -190
-241 -123
-156 -56
-70 12
15 79
101 146
186 213
271 280
355 353
449 418
531 483
612 545
691 606
768 666
845 724
920 780
990 834
1058 888
1127 937
1190 987
1253 1031
1308 1079
1369 1121
1422 1157
1470 1193
1514 1225
1555 1253
1589 1280
1625 1301
1651 1323
1678 1340
1700 1352
1715 1362
1729 1369
1738 1373
1743 1373
1743 1369
1738 1362
1729 1352
1715 1340
1700 1323
1678 1301
1651 1280
1625 1253
1589 1253
1555 1219
1514 1180
1465 1139
1415 1097
1362 1053
1308 1009
1253 958
1190 908
1127 852
1058 797
990 741
920 681
845 619
768 557
691 485
602 418
520 353
439 285
355 218
271 150
186 80
101 12
15 -57
-70 -126
-156 -195
-241 -263
-326 -330
-410 -404
-502 -470
-584 -534
-663 -598
-743 -659
-818 -719
-893 -777
-965 -833
-1035 -890
-1105 -942
-1169 -992
-1231 -1038
-1289 -1084
-1346 -1132
-1405 -1173
-1456 -1207
-1499 -1241
-1540 -1272
-1579 -1299
-1613 -1325
-1644 -1346
-1671 -1364
-1694 -1379
-1712 -1390
-1726 -1398
-1735 -1405
-1745 -1405
-1745 -1402
-1740 -1398
-1735 -1386
-1721 -1375
-1707 -1361
-1689 -1342
-1666 -1320
-1639 -1292
-1605 -1265
-1571 -1234
-1533 -1198
-1487 -1156
-1436 -1117
-1386 -1072
-1332 -1026
-1275 -978
-1214 -929
-1154 -876
-1087 -820
-1019 -763
-947 -705
-876 -644
-799 -582
-722 -518
-644 -446
-553 -379
-471 -313
-388 -246
-304 -177
-220 -108
-135 -40
-49 29
36 99
122 167
207 235
292 302
376 370
459 444
551 508
631 572
710 635
788 695
864 754
937 812
1009 866
1076 920
1142 971
1205 1019
1266 1065
1323 1109
1377 1154
1434 1193
1482 1229
1526 1260
1564 1287
1598 1315
1633 1337
1660 1355
1683 1373
1705 1384
1719 1396
1733 1400
1738 1403
1743 1403
1743 1400
1738 1388
1724 1377
1710 1366
1697 1347
1673 1326
1647 1301
1615 1273
1581 1243
1543 1209
1502 1174
1458 1130
1403 1087
1352 1041
1294 995
1236 945
1174 893
1109 838
1041 784
973 724
900 664
825 604
751 541
671 476
591 402
500 336
418 269
334 201
249 133
165 63
80 -5
-7 -74
-92 -143
-178 -212
-263 -279
-347 -347
-430 -413
-512 -487
-604 -550
-683 -613
-760 -675
-838 -734
-912 -792
-983 -847
-1052 -902
-1120 -954
-1185 -1002
-1245 -1050
-1303 -1096
-1361 -1138
-1413 -1182
-1467 -1217
-1511 -1251
-1554 -1279
-1588 -1306
-1622 -1332
-1653 -1349
-1675 -1368
-1699 -1383
-1717 -1394
-1731 -1402
-1740 -1405
-1745 -1405
-1745 -1402
-1740 -1394
-1731 -1386
-1721 -1371
-1702 -1357
-1685 -1335
-1658 -1313
-1631 -1286
-1596 -1258
-1562 -1224
-1520 -1188
-1475 -1151
-1429 -1105
-1371 -1060
-1317 -1016
-1262 -968
-1202 -914
-1135 -861
-1069 -807
-1002 -748
-929 -690
-857 -630
-782 -567
-703 -503
-625 -437
-543 -362
-451 -296
-367 -229
-284 -160
-198 -91
-113 -22
-28 46
58 116
143 184
229 252
314 319
396 386
480 452
561 524
652 587
730 650
807 710
883 768
956 825
1024 881
1094 932
1157 984
1222 1031
1280 1076
1337 1121
1392 1161
1442 1202
1494 1236
1535 1266
1572 1294
1607 1318
1637 1340
1664 1359
1687 1377
1710 1388
1724 1396
1733 1400
1738 1403
1743 1403
1743 1396
1733 1388
1724 1377
1710 1359
1687 1340
1664 1318
1637 1294
1607 1266
1572 1236
1535 1202
1494 1190
1446 1149
1396 1099
1337 1053
1280 1005
1222 952
1157 900
1094 843
1024 785
956 727
883 664
807 601
730 536
652 471
572 403
490 326
396 258
314 188
229 118
143 48
58 -23
-28 -94
-113 -164
-198 -234
-284 -302
-367 -371
-451 -439
-533 -506
-614 -579
-703 -644
-782 -705
-857 -765
-929 -825
-1002 -881
-1069 -934
-1135 -989
-1202 -1038
-1262 -1084
-1317 -1129
-1371 -1173
-1424 -1211
-1472 -1251
-1520 -1286
-1562 -1313
-1596 -1342
-1631 -1364
-1658 -1386
-1685 -1402
-1702 -1417
-1721 -1424
-1731 -1432
-1740 -1436
-1745 -1436
-1745 -1432
-1740 -1424
-1731 -1413
-1717 -1398
-1699 -1379
-1675 -1361
-1653 -1335
-1622 -1306
-1588 -1279
-1554 -1245
-1511 -1207
-1467 -1166
-1417 -1123
-1364 -1072
-1303 -1024
-1245 -975
-1185 -922
-1120 -866
-1052 -809
-983 -750
-912 -690
-838 -626
-760 -562
-683 -497
-604 -430
-522 -362
-441 -285
-347 -216
-263 -147
-178 -75
-92 -5
-7 65
80 135
165 205
249 275
334 343
418 411
500 478
582 543
661 618
751 679
825 741
900 801
973 857
1041 912
1109 966
1174 1017
1236 1065
1294 1111
1352 1154
1403 1196
1454 1232
1497 1270
1543 1301
1581 1330
1615 1355
1647 1377
1673 1396
1697 1407
1710 1419
1724 1430
1738 1434
1743 1434
1743 1430
1738 1427
1733 1415
1719 1403
1705 1384
1683 1366
1660 1344
1633 1315
1598 1287
1564 1256
1526 1219
1482 1180
1434 1139
1384 1094
1330 1041
1266 992
1205 940
1142 886
1076 830
1009 771
937 710
864 648
788 585
710 519
631 454
551 386
469 317
386 240
292 170
207 100
122 30
36 -41
-49 -111
-135 -181
-220 -251
-304 -319
-388 -388
-471 -456
-553 -521
-633 -587
-712 -657
-799 -721
-876 -779
-947 -838
-1019 -895
-1087 -949
-1154 -999
-1214 -1050
-1275 -1096
-1332 -1141
-1386 -1182
-1436 -1221
-1484 -1258
-1528 -1292
-1571 -1320
-1605 -1349
-1639 -1371
-1666 -1390
-1689 -1405
-1707 -1417
-1721 -1429
-1735 -1432
-1740 -1436
-1745 -1436
-1745 -1432
-1740 -1421
-1726 -1409
-1712 -1394
-1694 -1375
-1671 -1354
-1644 -1328
-1613 -1299
-1579 -1268
-1540 -1234
-1499 -1198
-1456 -1156
-1405 -1113
-1354 -1067
-1296 -1013
-1231 -963
-1169 -910
-1105 -852
-1035 -794
-965 -734
-893 -673
-818 -611
-743 -545
-663 -480
-584 -413
-502 -345
-420 -277
-336 -198
-241 -128
-156 -58
-70 12
15 82
101 153
186 222
271 292
355 360
439 428
520 495
602 560
681 624
758 695
845 756
920 814
990 871
1058 927
1127 978
1190 1031
1253 1076
1308 1121
1362 1164
1415 1205
1465 1243
1509 1277
1552 1308
1589 1337
1625 1359
1651 1381
1678 1400
1700 1411
1715 1422
1729 1430
1738 1434
1743 1434
1743 1430
1738 1422
1729 1415
1719 1400
1700 1381
1678 1359
1651 1337
1625 1308
1589 1280
1555 1246
1514 1209
1470 1171
1422 1127
1369 1106
1315 1058
1260 1000
1190 947
1127 891
1058 831
990 773
920 710
845 647
768 582
691 515
612 446
531 377
449 307
365 237
282 157
186 85
101 12
15 -60
-70 -131
-156 -203
-241 -274
-326 -345
-410 -414
-492 -483
-574 -550
-654 -616
-732 -681
-809 -750
-893 -811
-965 -871
-1035 -929
-1105 -983
-1169 -1035
-1231 -1084
-1289 -1132
-1346 -1176
-1398 -1217
-1448 -1258
-1496 -1292
-1537 -1325
-1574 -1357
-1613 -1383
-1644 -1405
-1671 -1424
-1694 -1440
-1712 -1451
-1726 -1460
-1735 -1467
-1745 -1467
-1745 -1463
-1740 -1460
-1735 -1451
-1726 -1440
-1712 -1421
-1689 -1402
-1666 -1379
-1639 -1349
-1605 -1320
-1571 -1289
-1533 -1251
-1487 -1214
-1444 -1173
-1394 -1125
-1339 -1078
-1282 -1030
-1224 -970
-1154 -914
-1087 -857
-1019 -796
-947 -736
-876 -671
-799 -608
-722 -541
-644 -474
-563 -405
-482 -335
-398 -265
-316 -194
-231 -113
-135 -41
-49 31
36 102
122 174
207 245
292 316
376 386
459 454
541 524
623 589
701 655
780 719
855 788
937 848
1009 905
1076 961
1142 1014
1205 1065
1266 1111
1323 1157
1377 1200
1427 1239
1473 1277
1518 1311
1560 1340
1594 1373
1633 1396
1660 1415
1683 1434
1705 1446
1719 1458
1733 1461
1738 1465
1743 1465
1743 1461
1738 1454
1729 1442
1715 1427
1697 1407
1673 1384
1647 1359
1615 1330
1581 1297
1543 1263
1502 1225
1458 1186
1411 1142
1359 1094
1301 1045
1243 995
1183 932
1109 876
1041 818
973 756
900 693
825 631
751 565
671 497
591 429
510 360
428 290
345 219
261 147
176 66
80 -5
-7 -77
-92 -149
-178 -221
-263 -292
-347 -362
-430 -431
-512 -499
-593 -567
-673 -633
-753 -695
-827 -758
-902 -827
-983 -885
-1052 -942
-1120 -997
-1185 -1047
-1245 -1096
-1303 -1144
-1361 -1188
-1413 -1227
-1460 -1265
-1504 -1299
-1545 -1332
-1583 -1361
-1617 -1390
-1653 -1409
-1675 -1429
-1699 -1444
-1717 -1456
-1731 -1463
-1740 -1467
-1745 -1467
-1745 -1463
-1740 -1460
-1735 -1448
-1721 -1436
-1707 -1417
-1685 -1394
-1658 -1371
-1631 -1342
-1596 -1313
-1562 -1279
-1520 -1241
-1475 -1202
-1429 -1159
-1379 -1113
-1325 -1067
-1268 -1016
-1207 -963
-1144 -900
-1069 -843
-1002 -782
-929 -721
-857 -657
-782 -591
-703 -526
-625 -456
-543 -388
-461 -318
-378 -247
-294 -176
-209 -104
-124 -24
-28 48
58 121
143 192
229 263
314 333
396 403
480 472
561 539
642 606
720 669
797 734
874 794
945 862
1024 920
1094 973
1157 1028
1222 1076
1280 1123
1337 1171
1392 1212
1442 1249
1485 1287
1531 1318
1569 1347
1603 1377
1637 1400
1664 1419
1687 1438
1710 1449
1724 1458
1733 1461
1738 1465
1743 1465
1743 1458
1733 1449
1724 1438
1710 1422
1692 1403
1669 1377
1637 1352
1607 1323
1572 1290
1535 1256
1494 1215
1446 1174
1396 1130
1344 1082
1287 1033
1229 1003
1167 947
1103 881
1024 821
956 758
883 693
807 628
730 560
652 491
572 421
490 350
408 278
324 205
239 133
154 59
68 -24
-28 -97
-113 -171
-198 -244
-284 -316
-367 -387
-451 -458
-533 -528
-614 -596
-693 -663
-770 -729
-847 -792
-922 -852
-992 -919
-1069 -975
-1135 -1033
-1202 -1084
-1262 -1132
-1317 -1178
-1371 -1224
-1424 -1265
-1472 -1303
-1516 -1339
-1557 -1368
-1591 -1398
-1627 -1421
-1653 -1448
-1685 -1463
-1702 -1480
-1721 -1487
-1731 -1496
-1740 -1499
-1745 -1499
-1745 -1496
-1740 -1487
-1731 -1475
-1717 -1463
-1702 -1444
-1680 -1421
-1653 -1394
-1622 -1364
-1588 -1335
-1554 -1299
-1511 -1262
-1467 -1217
-1417 -1173
-1364 -1125
-1310 -1078
-1255 -1024
-1192 -970
-1129 -912
-1060 -845
-983 -784
-912 -721
-838 -654
-760 -587
-683 -519
-604 -449
-522 -379
-441 -307
-357 -234
-273 -162
-188 -89
-103 -15
-17 68
80 142
165 214
249 287
334 359
418 429
500 500
582 568
661 636
741 701
816 765
891 828
963 888
1033 952
1109 1009
1174 1062
1236 1111
1294 1161
1352 1205
1403 1249
1454 1287
1497 1323
1538 1355
1577 1384
1611 1411
1642 1434
1669 1458
1697 1470
1710 1482
1724 1494
1738 1497
1743 1497
1743 1494
1738 1490
1733 1478
1719 1465
1705 1449
1687 1430
1664 1407
1637 1373
1598 1344
1564 1311
1526 1273
1482 1232
1434 1190
1384 1142
1330 1094
1273 1041
1212 990
1152 932
1085 874
1017 805
937 742
864 677
788 611
710 542
631 473
551 403
469 331
386 259
302 187
218 114
133 41
47 -33
-38 -116
-135 -189
-220 -261
-304 -333
-388 -405
-471 -475
-553 -544
-633 -613
-712 -679
-790 -744
-866 -807
-939 -868
-1011 -927
-1078 -992
-1154 -1043
-1214 -1096
-1275 -1144
-1332 -1192
-1386 -1234
-1436 -1275
-1484 -1313
-1528 -1346
-1566 -1375
-1600 -1405
-1635 -1429
-1662 -1448
-1685 -1467
-1707 -1480
-1721 -1492
-1735 -1496
-1740 -1499
-1745 -1499
-1745 -1496
-1740 -1484
-1726 -1472
-1712 -1460
-1699 -1440
-1675 -1417
-1649 -1390
-1617 -1357
-1579 -1325
-1540 -1289
-1499 -1251
-1456 -1207
-1405 -1163
-1354 -1113
-1296 -1064
-1238 -1011
-1176 -954
-1111 -897
-1043 -838
-975 -767
-893 -703
-818 -638
-743 -570
-663 -502
-584 -431
-502 -361
-420 -289
-336 -216
-251 -144
-167 -70
-82 3
5 77
90 160
186 232
271 305
355 377
439 447
520 517
602 585
681 652
758 719
836 782
910 843
981 903
1050 961
1118 1022
1190 1076
1253 1123
1308 1171
1362 1215
1415 1260
1465 1297
1509 1333
1552 1362
1586 1392
1620 1419
1651 1438
1673 1458
1697 1473
1715 1485
1729 1494
1738 1497
1743 1497
1743 1494
1738 1485
1729 1478
1719 1461
1700 1446
1683 1422
1656 1400
1629 1369
1594 1337
1555 1301
1514 1263
1470 1222
1422 1176
1369 1130
1315 1082
1260 1031
1200 973
1133 917
1067 879
1000 814
927 742
845 676
768 607
691 538
612 466
531 394
449 321
365 247
282 172
196 97
111 22
26 -53
-60 -128
-145 -212
-241 -286
-326 -360
-410 -432
-492 -504
-574 -574
-654 -644
-732 -711
-809 -777
-885 -840
-958 -902
-1026 -963
-1096 -1019
-1159 -1081
-1231 -1132
-1289 -1182
-1346 -1227
-1398 -1272
-1448 -1313
-1496 -1349
-1537 -1383
-1574 -1413
-1609 -1440
-1639 -1463
-1666 -1484
-1689 -1504
-1712 -1516
-1726 -1524
-1735 -1533
-1745 -1533
-1745 -1528
-1740 -1524
-1735 -1516
-1726 -1504
-1712 -1484
-1689 -1463
-1666 -1440
-1639 -1413
-1609 -1383
-1574 -1346
-1533 -1306
-1487 -1268
-1444 -1224
-1394 -1176
-1339 -1125
-1282 -1075
-1224 -1019
-1159 -963
-1096 -902
-1026 -840
-958 -777
-885 -702
-799 -635
-722 -565
-644 -495
-563 -423
-482 -350
-398 -277
-316 -203
-231 -128
-145 -53
-60 22
26 97
111 172
196 256
292 330
376 403
459 474
541 546
623 616
701 684
780 751
855 814
927 879
1000 937
1067 995
1133 1053
1200 1111
1266 1161
1323 1209
1377 1253
1427 1294
1473 1333
1518 1369
1560 1400
1594 1430
1629 1454
1656 1478
1683 1494
1700 1509
1719 1522
1733 1526
1738 1531
1743 1531
1743 1526
1738 1518
1729 1506
1715 1490
1697 1470
1673 1449
1651 1422
1620 1392
1586 1362
1552 1318
1502 1280
1458 1239
1411 1193
1359 1142
1301 1091
1243 1039
1183 981
1118 922
1050 862
981 799
910 734
836 659
751 589
671 519
591 449
510 376
428 302
345 229
261 154
176 79
90 3
5 -72
-82 -147
-167 -221
-251 -304
-347 -378
-430 -451
-512 -521
-593 -591
-673 -661
-753 -726
-827 -792
-902 -857
-975 -917
-1043 -975
-1111 -1033
-1176 -1087
-1238 -1144
-1303 -1195
-1361 -1241
-1413 -1282
-1460 -1320
-1504 -1357
-1545 -1390
-1583 -1421
-1617 -1448
-1649 -1472
-1675 -1492
-1699 -1504
-1712 -1516
-1726 -1528
-1740 -1533
-1745 -1533
-1745 -1528
-1740 -1524
-1735 -1511
-1721 -1499
-1707 -1480
-1685 -1460
-1662 -1436
-1635 -1405
-1600 -1375
-1566 -1342
-1528 -1296
-1475 -1255
-1429 -1211
-1379 -1163
-1325 -1113
-1268 -1060
-1207 -1005
-1144 -947
-1078 -888
-1011 -825
-939 -760
-866 -693
-790 -618
-703 -548
-625 -476
-543 -405
-461 -332
-378 -258
-294 -184
-209 -109
-124 -34
-38 41
47 116
133 191
218 266
302 348
396 421
480 493
561 563
642 633
720 700
797 767
874 830
945 893
1017 952
1085 1011
1152 1065
1212 1118
1273 1174
1337 1222
1392 1266
1442 1304
1485 1344
1531 1377
1569 1407
1603 1438
1637 1461
1664 1482
1687 1497
1705 1509
1719 1522
1733 1526
1738 1531
1743 1531
1743 1522
1733 1514
1724 1502
1710 1485
1692 1465
1669 1442
1642 1415
1611 1384
1577 1352
1538 1315
1497 1270
1446 1225
1396 1180
1344 1130
1287 1079
1229 1024
1167 968
1103 908
1033 845
963 782
891 732
816 664
741 585
652 514
572 440
490 365
408 290
324 215
239 138
154 61
68 -15
-17 -92
-103 -169
-188 -244
-273 -321
-357 -404
-451 -478
-533 -551
-614 -623
-693 -692
-770 -760
-847 -827
-922 -890
-992 -952
-1060 -1013
-1129 -1069
-1192 -1125
-1255 -1176
-1310 -1231
-1371 -1279
-1424 -1320
-1472 -1361
-1516 -1398
-1557 -1429
-1591 -1460
-1627 -1484
-1653 -1508
-1680 -1528
-1702 -1540
-1717 -1554
-1731 -1562
-1740 -1566
-1745 -1566
-1745 -1562
-1740 -1554
-1731 -1540
-1717 -1528
-1702 -1508
-1680 -1484
-1653 -1460
-1627 -1429
-1591 -1398
-1557 -1361
-1516 -1320
-1472 -1272
-1417 -1224
-1364 -1176
-1310 -1125
-1255 -1069
-1192 -1013
-1129 -952
-1060 -890
-992 -827
-922 -760
-847 -692
-770 -623
-693 -543
-604 -469
-522 -396
-441 -321
-357 -244
-273 -169
-188 -92
-103 -15
-17 61
68 138
154 215
239 290
324 365
408 449
500 522
582 592
661 664
741 732
816 799
891 864
963 927
1033 990
1103 1048
1167 1103
1229 1154
1287 1205
1344 1260
1403 1304
1454 1344
1497 1381
1538 1415
1577 1446
1611 1473
1642 1497
1669 1518
1692 1535
1710 1547
1724 1555
1733 1564
1743 1564
1743 1560
1738 1555
1733 1543
1719 1531
1705 1514
1687 1494
1664 1470
1637 1438
1603 1407
1569 1373
1531 1333
1485 1294
1442 1243
1384 1193
1330 1142
1273 1087
1212 1033
1152 973
1085 912
1017 848
945 784
874 715
797 647
720 575
642 495
551 421
469 346
386 271
302 195
218 119
133 42
47 -34
-38 -111
-124 -188
-209 -263
-294 -340
-378 -414
-461 -497
-553 -568
-633 -640
-712 -709
-790 -777
-866 -843
-939 -907
-1011 -968
-1078 -1026
-1144 -1084
-1207 -1138
-1268 -1188
-1325 -1238
-1379 -1289
-1436 -1332
-1484 -1371
-1528 -1405
-1566 -1436
-1600 -1467
-1635 -1492
-1662 -1511
-1685 -1533
-1707 -1545
-1721 -1557
-1735 -1562
-1740 -1566
-1745 -1566
-1745 -1562
-1740 -1549
-1726 -1537
-1712 -1524
-1699 -1504
-1675 -1480
-1649 -1451
-1617 -1421
-1583 -1386
-1545 -1349
-1504 -1310
-1460 -1268
-1413 -1214
-1354 -1163
-1296 -1111
-1238 -1055
-1176 -997
-1111 -937
-1043 -876
-975 -809
-902 -743
-827 -675
-753 -604
-673 -533
-593 -451
-502 -377
-420 -302
-336 -226
-251 -150
-167 -73
-82 3
5 80
90 157
176 234
261 309
345 384
428 458
510 541
602 611
681 681
758 751
836 816
910 881
981 942
1050 1003
1118 1062
1183 1115
1243 1167
1301 1219
1359 1266
1411 1315
1465 1355
1509 1392
1552 1422
1586 1454
1620 1482
1651 1502
1673 1522
1697 1538
1715 1552
1729 1560
1738 1564
1743 1564
1743 1560
1738 1552
1729 1543
1719 1526
1700 1509
1683 1485
1656 1461
1629 1430
1594 1400
1560 1362
1518 1323
1473 1280
1427 1236
1377 1180
1315 1130
1260 1076
1200 1017
1133 958
1067 898
1000 831
927 767
855 700
780 630
701 570
623 495
541 411
449 335
365 258
282 181
196 102
111 24
26 -55
-60 -133
-145 -212
-231 -289
-316 -366
-398 -442
-482 -517
-563 -599
-654 -671
-732 -743
-809 -811
-885 -878
-958 -942
-1026 -1005
-1096 -1064
-1159 -1123
-1224 -1176
-1282 -1227
-1339 -1279
-1394 -1325
-1444 -1371
-1496 -1409
-1537 -1444
-1574 -1475
-1609 -1504
-1639 -1528
-1666 -1549
-1689 -1571
-1712 -1583
-1726 -1591
-1735 -1596
-1740 -1600
-1745 -1600
-1745 -1591
-1735 -1583
-1726 -1571
-1712 -1549
-1689 -1528
-1666 -1504
-1639 -1475
-1609 -1444
-1574 -1409
-1537 -1371
-1496 -1328
-1448 -1282
-1398 -1234
-1346 -1176
-1282 -1123
-1224 -1064
-1159 -1005
-1096 -942
-1026 -878
-958 -811
-885 -743
-809 -671
-732 -599
-654 -526
-574 -451
-492 -366
-398 -289
-316 -212
-231 -133
-145 -55
-60 24
26 102
111 181
196 258
282 335
365 411
449 486
531 561
612 643
701 715
780 784
855 850
927 917
1000 978
1067 1039
1133 1099
1200 1154
1260 1205
1315 1256
1369 1304
1422 1347
1470 1392
1518 1430
1560 1461
1594 1494
1629 1518
1656 1543
1683 1560
1700 1577
1719 1586
1729 1594
1738 1598
1743 1598
1743 1594
1738 1586
1729 1572
1715 1555
1697 1535
1673 1514
1651 1485
1620 1454
1586 1422
1552 1384
1509 1344
1465 1297
1415 1249
1362 1200
1308 1139
1243 1085
1183 1024
1118 963
1050 900
981 834
910 767
836 695
758 624
681 553
602 478
520 402
439 316
345 239
261 161
176 82
90 4
5 -75
-82 -153
-167 -231
-251 -309
-336 -385
-420 -460
-502 -535
-584 -608
-663 -690
-753 -758
-827 -827
-902 -895
-975 -958
-1043 -1019
-1111 -1078
-1176 -1135
-1238 -1188
-1296 -1241
-1354 -1289
-1405 -1335
-1456 -1375
-1499 -1417
-1545 -1451
-1583 -1484
-1617 -1511
-1649 -1537
-1675 -1557
-1699 -1571
-1712 -1583
-1726 -1596
-1740 -1600
-1745 -1600
-1745 -1596
-1740 -1591
-1735 -1579
-1721 -1566
-1707 -1545
-1685 -1524
-1662 -1499
-1635 -1467
-1600 -1436
-1566 -1402
-1528 -1361
-1484 -1317
-1436 -1272
-1386 -1221
-1332 -1169
-1275 -1108
-1207 -1050
-1144 -989
-1078 -927
-1011 -861
-939 -794
-866 -724
-790 -654
-712 -580
-633 -507
-553 -432
-471 -356
-388 -270
-294 -192
-209 -114
-124 -36
-38 43
47 121
133 200
218 277
302 354
386 430
469 505
551 578
631 652
710 730
797 801
874 866
945 932
1017 995
1085 1056
1152 1111
1212 1167
1273 1219
1330 1270
1384 1315
1434 1359
1482 1400
1526 1438
1569 1470
1603 1502
1637 1526
1664 1547
1687 1564
1705 1577
1719 1589
1733 1594
1738 1598
1743 1598
1743 1594
1738 1581
1724 1569
1710 1552
1692 1531
1669 1506
1642 1478
1611 1446
1577 1411
1538 1373
1497 1333
1454 1287
1403 1239
1352 1186
1294 1133
1236 1070
1167 1011
1103 947
1033 883
963 816
891 748
816 679
741 606
661 533
582 458
500 391
418 314
334 224
239 145
154 64
68 -16
-17 -96
-103 -176
-188 -256
-273 -335
-357 -413
-441 -490
-522 -567
-604 -640
-683 -712
-760 -794
-847 -864
-922 -929
-992 -994
-1060 -1058
-1129 -1117
-1192 -1176
-1255 -1227
-1310 -1279
-1364 -1328
-1417 -1375
-1467 -1417
-1511 -1456
-1554 -1492
-1591 -1524
-1627 -1549
-1653 -1574
-1680 -1596
-1702 -1609
-1717 -1622
-1731 -1631
-1740 -1635
-1745 -1635
-1745 -1631
-1740 -1622
-1731 -1613
-1721 -1596
-1702 -1574
-1680 -1549
-1653 -1524
-1627 -1492
-1591 -1460
-1557 -1421
-1516 -1379
-1472 -1335
-1424 -1286
-1371 -1234
-1317 -1182
-1262 -1125
-1202 -1058
-1129 -994
-1060 -929
-992 -864
-922 -794
-847 -722
-770 -650
-693 -576
-614 -499
-533 -422
-451 -345
-367 -266
-284 -176
-188 -96
-103 -16
-17 64
68 145
154 224
239 303
324 382
408 459
490 536
572 611
652 684
730 756
807 834
891 903
963 968
1033 1033
1103 1094
1167 1152
1229 1205
1287 1260
1344 1308
1396 1355
1446 1400
1494 1438
1535 1473
1572 1509
1611 1538
1642 1564
1669 1586
1692 1603
1710 1615
1724 1625
1733 1633
1743 1633
1743 1629
1738 1625
1733 1615
1724 1603
1710 1581
1687 1560
1664 1535
1637 1502
1603 1470
1569 1434
1531 1392
1485 1352
1442 1304
1392 1253
1337 1200
1280 1145
1222 1085
1157 1017
1085 952
1017 886
945 818
874 746
797 676
720 601
642 526
561 449
480 372
396 293
314 214
229 124
133 44
47 -36
-38 -116
-124 -196
-209 -275
-294 -354
-378 -432
-461 -509
-543 -585
-625 -659
-703 -732
-782 -803
-857 -881
-939 -947
-1011 -1011
-1078 -1072
-1144 -1132
-1207 -1188
-1268 -1241
-1325 -1292
-1379 -1339
-1429 -1383
-1475 -1424
-1520 -1463
-1562 -1496
-1596 -1533
-1635 -1557
-1662 -1579
-1685 -1600
-1707 -1613
-1721 -1627
-1735 -1631
-1740 -1635
-1745 -1635
-1745 -1631
-1740 -1622
-1731 -1609
-1717 -1591
-1699 -1571
-1675 -1545
-1649 -1516
-1617 -1484
-1583 -1448
-1545 -1409
-1504 -1368
-1460 -1325
-1413 -1275
-1361 -1221
-1303 -1166
-1245 -1111
-1185 -1050
-1120 -978
-1043 -914
-975 -845
-902 -775
-827 -705
-753 -632
-673 -556
-593 -480
-512 -403
-430 -325
-347 -246
-263 -166
-178 -77
-82 4
5 84
90 164
176 244
261 323
345 401
428 478
510 554
591 630
671 703
751 773
825 843
900 920
981 984
1050 1048
1118 1109
1183 1164
1243 1219
1301 1273
1359 1323
1411 1366
1458 1407
1502 1446
1543 1482
1581 1514
1615 1547
1651 1569
1673 1589
1697 1607
1715 1620
1729 1629
1738 1633
1743 1633
1743 1629
1738 1625
1733 1611
1719 1598
1705 1577
1683 1552
1656 1526
1629 1494
1594 1461
1560 1422
1518 1381
1473 1337
1427 1290
1377 1239
1323 1186
1266 1130
1205 1070
1142 1009
1076 937
1000 869
927 801
855 730
780 657
701 583
623 507
541 430
459 352
376 273
292 198
207 117
122 24
26 -57
-60 -140
-145 -221
-231 -302
-316 -382
-398 -461
-482 -540
-563 -616
-644 -692
-722 -765
-799 -838
-876 -907
-947 -983
-1026 -1050
-1096 -1111
-1159 -1173
-1224 -1227
-1282 -1282
-1339 -1335
-1394 -1383
-1444 -1424
-1487 -1467
-1533 -1504
-1571 -1537
-1605 -1571
-1639 -1596
-1666 -1617
-1689 -1639
-1712 -1653
-1726 -1662
-1735 -1666
-1740 -1671
-1745 -1671
-1745 -1662
-1735 -1653
-1726 -1639
-1712 -1622
-1694 -1600
-1671 -1571
-1639 -1540
-1609 -1508
-1574 -1472
-1537 -1432
-1496 -1386
-1448 -1339
-1398 -1289
-1346 -1234
-1289 -1178
-1231 -1120
-1169 -1058
-1105 -992
-1035 -917
-958 -847
-885 -775
-809 -702
-732 -626
-654 -550
-574 -471
-492 -393
-410 -312
-326 -231
-241 -149
-156 -68
-70 24
26 106
111 188
196 270
282 350
365 429
449 508
531 587
612 662
691 736
768 809
845 881
920 947
990 1022
1067 1085
1133 1149
1200 1205
1260 1260
1315 1311
1369 1362
1422 1407
1470 1449
1514 1490
1555 1522
1589 1555
1625 1581
1651 1611
1683 1629
1700 1647
1719 1656
1729 1664
1738 1669
1743 1669
1743 1664
1738 1656
1729 1642
1715 1629
1700 1607
1678 1581
1651 1552
1620 1518
1586 1485
1552 1446
1509 1403
1465 1355
1415 1304
1362 1253
1308 1200
1253 1139
1190 1079
1127 1014
1058 947
990 871
910 801
836 727
758 652
681 577
602 498
520 420
439 340
355 259
271 178
186 96
101 15
15 -78
-82 -160
-167 -241
-251 -323
-336 -402
-420 -480
-502 -559
-584 -635
-663 -711
-743 -784
-818 -854
-893 -924
-965 -992
-1035 -1064
-1111 -1125
-1176 -1185
-1238 -1241
-1296 -1296
-1354 -1346
-1405 -1394
-1456 -1436
-1499 -1475
-1540 -1511
-1579 -1545
-1613 -1574
-1644 -1600
-1671 -1627
-1699 -1639
-1712 -1653
-1726 -1666
-1740 -1671
-1745 -1671
-1745 -1666
-1740 -1662
-1735 -1649
-1721 -1635
-1707 -1617
-1689 -1596
-1666 -1571
-1639 -1533
-1600 -1499
-1566 -1463
-1528 -1421
-1484 -1375
-1436 -1328
-1386 -1275
-1332 -1221
-1275 -1163
-1214 -1105
-1154 -1041
-1087 -975
-1019 -907
-947 -830
-866 -756
-790 -683
-712 -606
-633 -529
-553 -451
-471 -372
-388 -292
-304 -210
-220 -128
-135 -47
-49 34
36 126
133 208
218 290
302 370
386 449
469 527
551 604
631 681
710 754
788 828
864 898
937 966
1009 1031
1076 1103
1152 1161
1212 1219
1273 1273
1330 1326
1384 1373
1434 1419
1482 1461
1526 1497
1564 1531
1598 1564
1633 1589
1660 1611
1683 1633
1705 1647
1719 1660
1733 1664
1738 1669
1743 1669
1743 1664
1738 1651
1724 1637
1710 1625
1697 1603
1673 1577
1647 1547
1615 1509
1577 1473
1538 1434
1497 1392
1454 1344
1403 1294
1352 1239
1294 1183
1236 1123
1174 1062
1109 997
1041 932
973 862
900 782
816 709
741 633
661 557
582 478
500 400
418 321
334 239
249 158
165 76
80 -7
-7 -90
-92 -184
-188 -267
-273 -349
-357 -431
-441 -511
-522 -591
-604 -668
-683 -744
-760 -820
-838 -893
-912 -963
-983 -1030
-1052 -1096
-1120 -1166
-1192 -1227
-1255 -1282
-1310 -1335
-1364 -1386
-1417 -1436
-1467 -1480
-1511 -1520
-1554 -1554
-1588 -1588
-1622 -1617
-1653 -1639
-1675 -1662
-1699 -1680
-1717 -1694
-1731 -1702
-1740 -1707
-1745 -1707
-1745 -1702
-1740 -1694
-1731 -1685
-1721 -1666
-1702 -1649
-1685 -1622
-1658 -1596
-1631 -1562
-1596 -1524
-1557 -1484
-1516 -1440
-1472 -1394
-1424 -1342
-1371 -1289
-1317 -1234
-1262 -1176
-1202 -1111
-1135 -1047
-1069 -980
-1002 -910
-929 -838
-857 -755
-770 -679
-693 -601
-614 -521
-533 -441
-451 -360
-367 -278
-284 -195
-198 -111
-113 -27
-28 56
58 140
143 234
239 317
324 399
408 480
490 560
572 638
652 715
730 790
807 864
883 935
956 1003
1024 1070
1094 1133
1157 1202
1229 1260
1287 1315
1344 1366
1396 1415
1446 1461
1494 1502
1535 1538
1572 1572
1607 1603
1637 1629
1664 1651
1687 1673
1710 1687
1724 1697
1733 1705
1743 1705
1743 1700
1738 1697
1733 1687
1724 1673
1710 1651
1687 1629
1664 1603
1637 1572
1607 1538
1572 1497
1531 1454
1485 1411
1442 1362
1392 1308
1337 1253
1280 1196
1222 1133
1157 1070
1094 1003
1024 935
956 864
883 790
807 705
720 628
642 549
561 469
480 388
396 307
314 224
229 140
143 56
58 -27
-28 -111
-113 -195
-198 -287
-294 -369
-378 -451
-461 -531
-543 -611
-625 -688
-703 -765
-782 -838
-857 -910
-929 -980
-1002 -1047
-1069 -1111
-1135 -1176
-1202 -1241
-1268 -1296
-1325 -1349
-1379 -1398
-1429 -1444
-1475 -1487
-1520 -1528
-1562 -1562
-1596 -1596
-1631 -1622
-1658 -1649
-1685 -1666
-1702 -1685
-1721 -1699
-1735 -1702
-1740 -1707
-1745 -1707
-1745 -1702
-1740 -1694
-1731 -1680
-1717 -1662
-1699 -1639
-1675 -1617
-1653 -1588
-1622 -1554
-1588 -1520
-1554 -1472
-1504 -1429
-1460 -1383
-1413 -1332
-1361 -1275
-1303 -1217
-1245 -1159
-1185 -1096
-1120 -1030
-1052 -963
-983 -893
-912 -820
-838 -744
-760 -659
-673 -580
-593 -502
-512 -420
-430 -340
-347 -256
-263 -174
-178 -90
-92 -7
-7 78
80 162
165 244
249 338
345 418
428 500
510 578
591 657
671 734
751 807
825 881
900 952
973 1019
1041 1085
1109 1149
1174 1209
1236 1273
1301 1330
1359 1381
1411 1427
1458 1470
1502 1509
1543 1547
1581 1581
1615 1611
1647 1637
1673 1660
1697 1673
1710 1687
1724 1700
1738 1705
1743 1705
1743 1700
1738 1697
1733 1683
1719 1669
1705 1647
1683 1625
1660 1598
1633 1564
1598 1531
1564 1494
1526 1442
1473 1396
1427 1347
1377 1294
1323 1239
1266 1180
1205 1118
1142 1053
1076 987
1009 917
937 845
864 771
788 695
710 609
623 529
541 449
459 367
376 285
292 203
207 119
122 36
36 -48
-49 -132
-135 -220
-220 -304
-304 -398
-398 -482
-482 -563
-563 -644
-644 -722
-722 -799
-799 -876
-876 -947
-947 -1019
-1019 -1087
-1087 -1154
-1154 -1214
-1214 -1275
-1275 -1339
-1339 -1394
-1394 -1444
-1444 -1487
-1487 -1533
-1533 -1571
-1571 -1605
-1605 -1639
-1639 -1666
-1666 -1689
-1689 -1707
-1707 -1721
-1721 -1735
-1735 -1740
-1740 -1745
-1745 -1745
-1745 -1735
-1735 -1726
-1726 -1712
-1712 -1694
-1694 -1671
-1671 -1644
-1644 -1613
-1613 -1579
-1579 -1540
-1540 -1499
-1499 -1448
-1448 -1398
-1398 -1346
-1346 -1289
-1289 -1231
-1231 -1169
-1169 -1105
-1105 -1035
-1035 -965
-965 -893
-893 -818
-818 -743
-743 -663
-663 -574
-574 -492
-492 -410
-410 -326
-326 -241
-241 -156
-156 -70
-70 15
15 101
101 186
186 271
271 355
355 449
449 531
531 612
612 691
691 768
768 845
845 920
920 990
990 1058
1058 1127
1127 1190
1190 1253
1253 1308
1308 1369
1369 1422
1422 1470
1470 1514
1514 1555
1555 1589
1589 1625
1625 1651
1651 1678
1678 1700
1700 1715
1715 1729
1729 1738
1738 1743
1743 1743
1743 1738
1738 1729
1729 1715
1715 1700
1700 1678
1678 1651
1651 1625
1625 1589
1589 1555
1555 1514
1514 1470
1470 1415
1415 1362
1362 1308
1308 1253
1253 1190
1190 1127
1127 1058
1058 990
990 920
920 845
845 768
768 691
691 612
612 520
520 439
439 355
355 271
271 186
186 101
101 15
15 -70
-70 -156
-156 -241
-241 -326
-326 -410
-410 -502
-502 -584
-584 -663
-663 -743
-743 -818
-818 -893
-893 -965
-965 -1035
-1035 -1105
-1105 -1169
-1169 -1231
-1231 -1289
-1289 -1346
-1346 -1405
-1405 -1456
-1456 -1499
-1499 -1540
-1540 -1579
-1579 -1613
-1613 -1644
-1644 -1671
-1671 -1694
-1694 -1712
-1712 -1726
-1726 -1735
-1735 -1745
-1745 -1745
-1745 -1740
-1740 -1735
-1735 -1721
-1721 -1707
-1707 -1689
-1689 -1666
-1666 -1639
-1639 -1605
-1605 -1571
-1571 -1533
-1533 -1487
-1487 -1444
-1444 -1386
-1386 -1332
-1332 -1275
-1275 -1214
-1214 -1154
-1154 -1087
-1087 -1019
-1019 -947
-947 -876
-876 -799
-799 -722
-722 -644
-644 -563
-563 -471
-471 -388
-388 -304
-304 -220
-220 -135
-135 -49
-49 36
36 122
122 207
207 292
292 376
376 459
459 551
551 631
631 710
710 788
788 864
864 937
937 1009
1009 1076
1076 1142
1142 1205
1205 1266
1266 1323
1323 1377
1377 1434
1434 1482
1482 1526
1526 1564
1564 1598
1598 1633
1633 1660
1660 1683
1683 1705
1705 1719
1719 1733
1733 1738
1738 1743
1743 1743
1743 1738
1738 1724
1724 1710
1710 1697
1697 1673
1673 1647
1647 1615
1615 1581
1581 1543
1543 1502
1502 1458
1458 1411
1411 1352
1352 1294
1294 1236
1236 1174
1174 1109
1109 1041
1041 973
973 900
900 825
825 751
751 671
671 591
591 510
510 418
418 334
334 249
249 165
165 80
80 -7
-7 -92
-92 -178
-178 -263
-263 -347
-347 -430
-430 -512
-512 -604
-604 -683
-683 -760
-760 -838
-838 -912
-912 -983
-983 -1052
-1052 -1120
-1120 -1185
-1185 -1245
-1245 -1303
-1303 -1361
-1361 -1413
-1413 -1467
-1467 -1511
-1511 -1554
-1554 -1588
-1588 -1622
-1622 -1653
-1653 -1675
-1675 -1699
-1699 -1717
-1717 -1731
-1731 -1740
-1740 -1745
-1745 -1745
-1745 -1740
-1740 -1731
-1731 -1721
-1721 -1702
-1702 -1685
-1685 -1658
-1658 -1631
-1631 -1596
-1596 -1562
-1562 -1520
-1520 -1475
-1475 -1429
-1429 -1379
-1379 -1317
-1317 -1262
-1262 -1202
-1202 -1135
-1135 -1069
-1069 -1002
-1002 -929
-929 -857
-857 -782
-782 -703
-703 -625
-625 -543
-543 -461
-461 -367
-367 -284
-284 -198
-198 -113
-113 -28
-28 58
58 143
143 229
229 314
314 396
396 480
480 561
561 652
652 730
730 807
807 883
883 956
956 1024
1024 1094
1094 1157
1157 1222
1222 1280
1280 1337
1337 1392
1392 1442
1442 1494
1494 1535
1535 1572
1572 1607
1607 1637
1637 1664
1664 1687
1687 1710
1710 1724
1724 1733
1733 1738
1738 1743
1743 1743
1743 1733
1733 1724
1724 1710
1710 1687
1687 1664
1664 1637
1637 1607
1607 1572
1572 1535
1535 1494
1494 1446
1446 1396
1396 1344
1344 1280
1280 1222
1222 1157
1157 1094
1094 1024
1024 956
956 883
883 807
807 730
730 652
652 572
572 490
490 408
408 314
314 229
229 143
143 58
58 -28
-28 -113
-113 -198
-198 -284
-284 -367
-367 -451
-451 -533
-533 -614
-614 -703
-703 -782
-782 -857
-857 -929
-929 -1002
-1002 -1069
-1069 -1135
-1135 -1202
-1202 -1262
-1262 -1317
-1317 -1371
-1371 -1424
-1424 -1472
-1472 -1520
-1520 -1562
-1562 -1596
-1596 -1631
-1631 -1658
-1658 -1685
-1685 -1702
-1702 -1721
-1721 -1731
-1731 -1740
-1740 -1745
-1745 -1745
-1745 -1740
-1740 -1731
-1731 -1717
-1717 -1699
-1699 -1675
-1675 -1653
-1653 -1622
-1622 -1588
-1588 -1554
-1554 -1511
-1511 -1467
-1467 -1417
-1417 -1364
-1364 -1310
-1310 -1245
-1245 -1185
-1185 -1120
-1120 -1052
-1052 -983
-983 -912
-912 -838
-838 -760
-760 -683
-683 -604
-604 -522
-522 -441
-441 -357
-357 -263
-263 -178
-178 -92
-92 -7
-7 80
80 165
165 249
249 334
334 418
418 500
500 569
582 647
661 734
751 807
825 881
900 952
973 1019
1041 1085
1109 1149
1174 1209
1236 1266
1294 1323
1352 1373
1403 1422
1454 1465
1497 1509
1543 1547
1581 1581
1615 1611
1647 1637
1673 1660
1697 1673
1710 1687
1724 1700
1738 1705
1743 1705
1743 1700
1738 1697
1733 1683
1719 1669
1705 1647
1683 1625
1660 1598
1633 1564
1598 1531
1564 1494
1526 1449
1482 1403
1434 1355
1384 1301
1330 1246
1273 1180
1205 1118
1142 1053
1076 987
1009 917
937 845
864 771
788 695
710 618
631 539
551 459
469 377
386 295
302 203
207 119
122 36
36 -48
-49 -132
-135 -215
-220 -297
-304 -379
-388 -461
-471 -541
-553 -620
-633 -697
-712 -782
-799 -857
-876 -927
-947 -997
-1019 -1064
-1087 -1129
-1154 -1188
-1214 -1248
-1275 -1303
-1332 -1357
-1386 -1405
-1436 -1451
-1484 -1496
-1528 -1537
-1571 -1571
-1605 -1605
-1639 -1631
-1666 -1653
-1689 -1671
-1707 -1685
-1721 -1699
-1735 -1702
-1740 -1707
-1745 -1707
-1745 -1702
-1740 -1689
-1726 -1675
-1712 -1658
-1694 -1635
-1671 -1609
-1644 -1579
-1613 -1545
-1579 -1508
-1540 -1467
-1499 -1424
-1456 -1375
-1405 -1325
-1354 -1268
-1296 -1211
-1238 -1144
-1169 -1081
-1105 -1013
-1035 -944
-965 -873
-893 -801
-818 -726
-743 -649
-663 -571
-584 -490
-502 -410
-420 -329
-336 -246
-251 -152
-156 -69
-70 15
15 99
101 182
186 265
271 347
355 429
439 509
520 589
602 666
681 742
758 828
845 900
920 968
990 1036
1058 1103
1127 1164
1190 1225
1253 1280
1308 1333
1362 1384
1415 1434
1465 1478
1509 1518
1552 1555
1589 1589
1625 1615
1651 1642
1678 1664
1700 1678
1715 1692
1729 1700
1738 1705
1743 1705
1743 1700
1738 1692
1729 1683
1719 1664
1700 1642
1678 1615
1651 1589
1625 1555
1589 1522
1555 1482
1514 1438
1470 1392
1422 1340
1369 1287
1315 1232
1260 1174
1200 1103
1127 1036
1058 968
990 900
920 828
845 753
768 677
691 599
612 519
531 439
449 358
365 276
282 193
196 99
101 15
15 -69
-70 -152
-156 -236
-241 -319
-326 -401
-410 -482
-492 -562
-574 -640
-654 -717
-732 -792
-809 -873
-893 -944
-965 -1013
-1035 -1081
-1105 -1144
-1169 -1204
-1231 -1262
-1289 -1317
-1346 -1368
-1398 -1417
-1448 -1463
-1496 -1504
-1537 -1540
-1574 -1579
-1613 -1609
-1644 -1635
-1671 -1658
-1694 -1675
-1712 -1689
-1726 -1699
-1735 -1707
-1745 -1707
-1745 -1702
-1740 -1699
-1735 -1689
-1726 -1675
-1712 -1653
-1689 -1631
-1666 -1605
-1639 -1571
-1605 -1537
-1571 -1499
-1533 -1456
-1487 -1413
-1444 -1364
-1394 -1310
-1339 -1255
-1282 -1198
-1224 -1135
-1159 -1064
-1087 -997
-1019 -927
-947 -857
-876 -782
-799 -707
-722 -630
-644 -551
-563 -471
-482 -390
-398 -309
-316 -226
-231 -142
-145 -48
-49 36
36 119
122 203
207 285
292 367
376 449
459 529
541 609
623 686
701 746
780 818
855 898
937 966
1009 1031
1076 1094
1142 1154
1205 1212
1266 1266
1323 1318
1377 1366
1427 1411
1473 1454
1518 1494
1560 1526
1594 1564
1633 1589
1660 1611
1683 1633
1705 1647
1719 1660
1733 1664
1738 1669
1743 1669
1743 1664
1738 1656
1729 1642
1715 1625
1697 1603
1673 1577
1647 1547
1615 1514
1581 1478
1543 1438
1502 1396
1458 1352
1411 1301
1359 1246
1301 1190
1243 1133
1183 1070
1118 997
1041 932
973 862
900 790
825 719
751 643
671 566
591 488
510 410
428 330
345 249
261 169
176 86
90 -7
-7 -88
-92 -171
-178 -251
-263 -332
-347 -412
-430 -490
-512 -568
-593 -645
-673 -721
-753 -792
-827 -864
-902 -942
-983 -1007
-1052 -1072
-1120 -1135
-1185 -1192
-1245 -1248
-1303 -1303
-1361 -1354
-1413 -1398
-1460 -1440
-1504 -1480
-1545 -1516
-1583 -1549
-1617 -1583
-1653 -1605
-1675 -1627
-1699 -1644
-1717 -1658
-1731 -1666
-1740 -1671
-1745 -1671
-1745 -1666
-1740 -1662
-1735 -1649
-1721 -1635
-1707 -1613
-1685 -1588
-1658 -1562
-1631 -1528
-1596 -1496
-1562 -1456
-1520 -1413
-1475 -1368
-1429 -1320
-1379 -1268
-1325 -1214
-1268 -1156
-1207 -1096
-1144 -1033
-1078 -960
-1002 -890
-929 -820
-857 -748
-782 -673
-703 -598
-625 -519
-543 -442
-461 -362
-378 -282
-294 -200
-209 -119
-124 -36
-38 55
58 138
143 219
229 300
314 380
396 459
480 538
561 614
642 690
720 763
797 836
874 905
945 981
1024 1048
1094 1109
1157 1171
1222 1225
1280 1280
1337 1333
1392 1381
1442 1422
1485 1465
1531 1502
1569 1535
1603 1569
1637 1594
1664 1615
1687 1637
1710 1651
1724 1660
1733 1664
1738 1669
1743 1669
1743 1660
1733 1651
1724 1637
1710 1620
1692 1598
1669 1569
1637 1538
1607 1506
1572 1470
1535 1430
1494 1384
1446 1337
1396 1287
1344 1232
1287 1176
1229 1118
1167 1056
1103 990
1033 915
956 845
883 773
807 700
730 624
652 548
572 469
490 391
408 310
324 229
239 147
154 66
68 -17
-17 -108
-113 -190
-198 -272
-284 -352
-367 -431
-451 -510
-533 -589
-614 -664
-693 -738
-770 -811
-847 -883
-922 -949
-992 -1024
-1069 -1087
-1135 -1151
-1202 -1207
-1262 -1262
-1317 -1313
-1371 -1364
-1424 -1409
-1472 -1451
-1516 -1492
-1557 -1524
-1591 -1557
-1627 -1583
-1653 -1613
-1685 -1631
-1702 -1649
-1721 -1658
-1731 -1666
-1740 -1671
-1745 -1671
-1745 -1666
-1740 -1658
-1731 -1644
-1717 -1631
-1702 -1609
-1680 -1583
-1653 -1554
-1622 -1520
-1588 -1487
-1554 -1448
-1511 -1405
-1467 -1357
-1417 -1306
-1364 -1255
-1310 -1202
-1255 -1141
-1192 -1081
-1129 -1016
-1060 -949
-992 -873
-912 -803
-838 -729
-760 -654
-683 -579
-604 -500
-522 -422
-441 -342
-357 -261
-273 -180
-188 -98
-103 -17
-17 66
68 158
165 239
249 321
334 400
418 478
500 557
582 633
661 709
741 782
816 852
891 903
963 968
1033 1039
1109 1099
1174 1157
1236 1212
1294 1266
1352 1315
1403 1362
1454 1403
1497 1442
1538 1478
1577 1509
1611 1538
1642 1564
1669 1589
1697 1603
1710 1615
1724 1629
1738 1633
1743 1633
1743 1629
1738 1625
1733 1611
1719 1598
1705 1581
1687 1560
1664 1535
1637 1497
1598 1465
1564 1430
1526 1388
1482 1344
1434 1297
1384 1246
1330 1193
1273 1136
1212 1079
1152 1017
1085 952
1017 886
945 809
864 739
788 666
710 591
631 516
551 440
469 362
386 283
302 203
218 124
133 44
47 -36
-38 -116
-124 -205
-220 -285
-304 -364
-388 -442
-471 -518
-553 -593
-633 -668
-712 -741
-790 -811
-866 -881
-939 -947
-1011 -1011
-1078 -1081
-1154 -1138
-1214 -1195
-1275 -1248
-1332 -1299
-1386 -1346
-1436 -1390
-1484 -1432
-1528 -1467
-1566 -1499
-1600 -1533
-1635 -1557
-1662 -1579
-1685 -1600
-1707 -1613
-1721 -1627
-1735 -1631
-1740 -1635
-1745 -1635
-1745 -1631
-1740 -1617
-1726 -1605
-1712 -1591
-1699 -1571
-1675 -1545
-1649 -1516
-1617 -1480
-1579 -1444
-1540 -1405
-1499 -1364
-1456 -1317
-1405 -1268
-1354 -1214
-1296 -1159
-1238 -1101
-1176 -1041
-1111 -978
-1043 -914
-975 -845
-902 -767
-818 -695
-743 -621
-663 -547
-584 -470
-502 -393
-420 -316
-336 -236
-251 -157
-167 -77
-82 4
5 84
90 164
176 254
271 333
355 411
439 488
520 565
602 638
681 710
758 784
836 852
910 920
981 984
1050 1048
1118 1115
1190 1174
1253 1225
1308 1277
1362 1326
1415 1373
1465 1415
1509 1454
1552 1485
1586 1518
1620 1547
1651 1569
1673 1589
1697 1607
1715 1620
1729 1629
1738 1633
1743 1633
1743 1629
1738 1620
1729 1611
1719 1594
1700 1577
1683 1552
1656 1526
1629 1494
1594 1458
1555 1419
1514 1377
1470 1333
1422 1284
1369 1232
1315 1180
1260 1123
1200 1062
1133 1000
1067 937
1000 869
927 801
855 720
768 648
691 574
612 497
531 420
449 343
365 264
282 184
196 104
111 24
26 -56
-60 -137
-145 -216
-231 -305
-326 -384
-410 -461
-492 -538
-574 -613
-654 -686
-732 -758
-809 -830
-885 -897
-958 -963
-1026 -1026
-1096 -1087
-1159 -1154
-1231 -1207
-1289 -1262
-1346 -1310
-1398 -1357
-1448 -1402
-1496 -1440
-1537 -1475
-1574 -1508
-1609 -1537
-1639 -1562
-1666 -1583
-1689 -1605
-1712 -1617
-1726 -1627
-1735 -1635
-1745 -1635
-1745 -1631
-1740 -1627
-1735 -1617
-1726 -1605
-1712 -1583
-1689 -1562
-1666 -1537
-1639 -1508
-1609 -1475
-1574 -1436
-1533 -1394
-1487 -1354
-1444 -1306
-1394 -1255
-1339 -1202
-1282 -1147
-1224 -1087
-1159 -1026
-1096 -963
-1026 -897
-958 -830
-885 -758
-809 -678
-722 -603
-644 -528
-563 -451
-482 -374
-398 -295
-316 -216
-231 -137
-145 -56
-60 24
26 104
111 184
196 264
282 352
376 430
459 507
541 583
623 657
701 730
780 801
855 869
927 937
1000 1000
1067 1039
1133 1099
1200 1161
1266 1212
1323 1263
1377 1308
1427 1352
1473 1392
1518 1430
1560 1461
1594 1494
1629 1518
1656 1543
1683 1560
1700 1577
1719 1589
1733 1594
1738 1598
1743 1598
1743 1594
1738 1586
1729 1572
1715 1555
1697 1535
1673 1514
1651 1485
1620 1454
1586 1422
1552 1377
1502 1337
1458 1294
1411 1246
1359 1193
1301 1139
1243 1085
1183 1024
1118 963
1050 900
981 834
910 767
836 695
758 616
671 542
591 468
510 392
428 316
345 239
261 161
176 82
90 4
5 -75
-82 -153
-167 -231
-251 -309
-336 -394
-430 -470
-512 -544
-593 -618
-673 -690
-753 -758
-827 -827
-902 -895
-975 -958
-1043 -1019
-1111 -1078
-1176 -1135
-1238 -1195
-1303 -1248
-1361 -1296
-1413 -1339
-1460 -1379
-1504 -1417
-1545 -1451
-1583 -1484
-1617 -1511
-1649 -1537
-1675 -1557
-1699 -1571
-1712 -1583
-1726 -1596
-1740 -1600
-1745 -1600
-1745 -1596
-1740 -1591
-1735 -1579
-1721 -1566
-1707 -1545
-1685 -1524
-1662 -1499
-1635 -1467
-1600 -1436
-1566 -1402
-1528 -1354
-1475 -1310
-1429 -1265
-1379 -1214
